epoch,lane,input_word,q_before,produced,asa,na,hits,output,q_after,blend,blend_known,beta_status,angle_status,beta,raw,principal,line,R_state,R_reason,R_error,W_state,W_reason,W_error,P_state,P_reason,P_error,S_state,S_reason,S_error,F_state,F_reason,F_error,V_state,V_reason,V_error
0,0,3520576695,0,2350114856,67346440,67215360,0,67215360,0,0,0,1,1,,,,,2,1,,2,1,,2,1,,2,1,,2,1,,2,1,
0,1,4167082327,0,2326048128,33589248,33589248,0,33589248,1,1,1,0,0,1.5707963267948966,2.0707963267948966,2.0707963267948966,-1.0707963267948966,0,0,0,0,0,0,0,0,0,0,0,0,0,0,0,0,0,0
0,2,1194013013,0,3947758625,1073741824,1073741824,0,1073741824,0,1,1,0,0,0,1.75,1.75,-1.3915926535897931,0,0,0,0,0,0,0,0,0,0,0,0,0,0,0,0,0,0
0,3,2566903041,0,1328489745,1141178368,1140916224,0,1140916224,1,0,1,0,0,1.0714496051147666,1.1964496051147666,1.1964496051147666,1.1964496051147666,0,0,0,0,0,0,0,0,0,0,0,0,0,0,0,0,0,0
0,4,3697919451,1,1251268803,262211,67,1,0,1,1,1,0,5,0.60374933339743642,,,,2,5,,2,5,,2,5,,2,5,,2,5,,2,5,
0,5,3660597826,1,703379634,15474720,6291488,0,6291488,1,0,1,0,6,-1.2924966677897853,,,,2,6,,2,6,,2,6,,2,6,,2,6,,2,6,
0,6,3970021357,1,1750373848,263296,262272,0,262272,0,0,1,0,7,-1.4994888620096063,,,,2,7,,2,7,,2,7,,2,7,,2,7,,2,7,
0,7,3332785441,1,2050810784,838861696,838860928,0,838860928,0,1,1,0,0,-0.86853939528588953,0.63146060471411047,0.63146060471411047,0.63146060471411047,0,0,0,2,100,,0,0,0,0,0,0,0,0,0,0,0,0
0,8,0,0,0,0,0,0,0,0,0,1,0,0,-1.5083775167989393,0.24162248320106072,0.24162248320106072,0.24162248320106072,0,0,0,0,0,0,0,0,0,0,0,0,0,0,2.2204460492503131e-16,0,0,0
0,9,1417148601,0,1149050660,1074856196,1074790660,1,0,1,1,1,0,0,-2.485897027348257,-1.110897027348257,-1.110897027348257,-1.110897027348257,0,0,0,0,0,0,0,0,0,0,0,0,0,0,0,0,0,0
0,10,2357977589,0,662482903,102498897,101188113,0,101188113,0,1,1,0,0,1.0516502125483738,2.301650212548374,2.301650212548374,-0.83994244104141913,0,0,0,0,0,0,0,0,0,0,0,0,0,0,4.4408920985006262e-16,0,0,0
0,11,114723419,0,2165489527,2147652144,164400,0,164400,1,0,1,0,0,1.3045442776439713,1.3045442776439713,1.3045442776439713,1.3045442776439713,0,0,0,0,0,0,0,0,0,0,0,0,0,0,0,0,0,0
0,12,3914172007,1,1732564083,541365265,4493329,1,0,1,1,1,0,0,1.2870022175865687,2.0370022175865685,2.0370022175865685,-1.1045904360032246,0,0,0,0,0,0,0,0,0,0,0,0,0,0,0,0,0,0
0,13,4234521976,1,1615733441,1074266240,1073741952,0,1073741952,1,0,1,0,0,2.0552742558319199,2.6802742558319199,2.6802742558319199,-0.4613183977578732,0,0,0,0,0,0,0,0,0,0,0,0,0,0,0,0,0,0
0,14,216056823,1,39343945,39337992,1064968,0,1064968,0,0,1,0,0,0.11065722117389563,1.1106572211738956,1.1106572211738956,1.1106572211738956,0,0,0,0,0,0,0,0,0,0,0,0,0,0,2.2204460492503131e-16,0,0,0
0,15,3226975607,1,2983638232,2157315136,8782912,1,0,0,1,1,0,0,-0.17670885607003661,1.5732911439299633,1.5732911439299633,-1.5683015096598298,0,0,0,0,0,0,0,0,0,0,0,0,0,0,2.2204460492503131e-16,0,0,4.4408920985006262e-16
0,16,4245909147,0,1386068444,34093272,34089160,0,34089160,0,0,1,2,2,,,,,2,2,,2,2,,2,2,,2,2,,2,2,,2,2,
0,17,0,0,0,0,0,0,0,1,1,1,0,0,-3.0221637275714546,-3.0221637275714546,-3.0221637275714546,0.11942892601833854,0,0,0,0,0,0,0,0,0,0,0,0,0,0,0,0,0,0
0,18,3382499973,0,1392882237,1359286273,1342443521,0,1342443521,0,1,1,0,0,0.26916749278570046,-0.6058325072142996,-0.6058325072142996,-0.6058325072142996,0,0,0,0,0,0,0,0,0,0,0,0,0,0,1.1102230246251565e-16,0,0,0
0,19,1782476287,0,2501746315,513,512,0,512,1,0,1,0,0,2.1815222911841055,0.80652229118410546,0.80652229118410546,0.80652229118410546,0,0,0,0,0,0,0,0,0,0,0,0,0,0,0,0,0,0
0,20,1831257867,1,3355735417,3221496913,3221496849,1,0,1,1,1,0,0,-1.2753554896511765,0.22464451034882349,0.22464451034882349,0.22464451034882349,0,0,0,0,0,0,0,0,0,0,0,0,0,0,1.1102230246251565e-16,0,0,0
0,21,2720854686,1,73246945,193,193,0,193,1,0,1,0,0,-2.6011731533192091,-2.4761731533192091,-2.4761731533192091,0.66541950027058405,0,0,0,0,0,0,0,0,0,0,0,0,0,0,0,0,0,0
0,22,2468357152,1,3778091712,2684354624,2147483712,0,2147483712,0,0,1,0,0,0.28805544705062586,-0.33694455294937414,-0.33694455294937414,-0.33694455294937414,0,0,0,0,0,0,0,0,0,0,0,0,0,0,5.5511151231257827e-17,0,0,0
0,23,2768648197,1,883850695,872944966,537400646,0,537400646,0,1,1,0,0,-0.51554900745897903,-0.015549007458979025,-0.015549007458979025,-0.015549007458979025,0,0,0,0,0,0,0,0,0,0,0,0,0,0,9.7144514654701197e-17,0,0,0
0,24,4096148795,0,3936215522,3229958146,2156216320,0,2156216320,0,0,1,0,0,-0.69133692876946196,-2.441336928769462,-2.441336928769462,0.70025572482033116,0,0,0,0,0,0,0,0,0,0,0,0,0,0,0,0,0,0
0,25,1177047536,0,1080382043,1077936152,1077936136,0,1077936136,1,1,1,0,0,-2.4275019549776351,-3.9275019549776351,2.3556833522019511,-0.78590930138784199,0,0,0,0,0,0,0,0,0,0,0,0,0,0,0,0,0,0
0,26,0,0,0,0,0,0,0,0,1,1,0,0,-0.11065722117389563,-1.9856572211738956,-1.9856572211738956,1.1559354324158975,0,0,0,0,0,0,0,0,0,0,0,0,0,0,2.2204460492503131e-16,0,0,0
0,27,1008839783,0,305866050,301999170,301999170,1,0,1,0,1,0,0,-2.0472637462686034,-1.6722637462686034,-1.6722637462686034,1.4693289073211897,0,0,0,0,0,0,0,0,0,0,0,0,0,0,0,0,0,0
0,28,2561210929,1,50883361,2337,2336,0,2336,1,1,1,0,0,0.099668652491162038,0.34966865249116202,0.34966865249116202,0.34966865249116202,0,0,0,0,0,0,0,0,0,0,0,0,0,0,5.5511151231257827e-17,0,0,0
0,29,1549420989,1,3100140555,545276929,545276929,1,0,1,0,1,1,1,,,,,2,1,,2,1,,2,1,,2,1,,2,1,,2,1,
0,30,1847203413,1,3360059325,1208092720,1073874992,0,1073874992,0,0,1,2,2,,,,,2,2,,2,2,,2,2,,2,2,,2,2,,2,2,
0,31,3388642649,1,2336643186,134481984,134217728,0,134217728,0,0,0,0,0,-3.1415926535897931,-4.8915926535897931,1.3915926535897931,1.3915926535897931,0,0,0,0,0,0,0,0,0,0,0,0,0,0,0,0,0,0
0,32,707529788,0,2202137284,2164269124,8260,0,8260,0,0,1,0,0,-1.1902899496825317,-0.19028994968253166,-0.19028994968253166,-0.19028994968253166,0,0,0,0,0,0,0,0,0,0,0,0,0,0,0,0,0,0
0,33,2704644259,0,2656931786,373853184,340295680,0,340295680,1,1,1,0,0,0.58000277420768087,-0.91999722579231913,-0.91999722579231913,-0.91999722579231913,0,0,0,0,0,0,0,0,0,0,0,0,0,0,2.2204460492503131e-16,0,0,0
0,34,2254450802,0,344160747,75630787,67111107,1,0,0,1,1,0,0,-0.59717665809267761,-0.34717665809267761,-0.34717665809267761,-0.34717665809267761,0,0,0,0,0,0,0,0,0,0,0,0,0,0,5.5511151231257827e-17,0,0,0
0,35,1,0,1225809206,0,0,0,0,1,0,1,0,0,0.30805278102377642,0.55805278102377642,0.55805278102377642,0.55805278102377642,0,0,0,0,0,0,0,0,0,0,0,0,0,0,1.1102230246251565e-16,0,0,0
0,36,1664511955,1,2908060877,2231650304,2214856704,0,2214856704,1,1,1,0,0,-0.46364760900080609,-0.21364760900080609,-0.21364760900080609,-0.21364760900080609,0,0,0,0,0,0,0,0,0,0,0,0,0,0,2.7755575615628914e-17,0,0,0
0,37,71542365,1,4292984519,864034881,562036801,2,0,1,0,1,0,0,-3.1415926535897931,-4.7665926535897931,1.5165926535897931,1.5165926535897931,0,0,0,0,0,0,0,0,0,0,0,0,0,0,0,0,0,0
0,38,505542796,1,533141626,470093866,335810570,0,335810570,0,0,1,0,0,1.4659193880646628,3.3409193880646626,-2.9422659191149236,0.19932673447486948,0,0,0,0,0,0,0,0,0,0,0,0,0,0,2.2204460492503131e-16,0,0,0
0,39,3293742088,1,1015363197,411042905,142607449,1,0,0,1,1,0,0,-1.9055331641117113,-3.405533164111711,2.8776521430678752,-0.26394051052191791,0,0,0,0,0,0,0,0,0,0,0,0,0,0,0,0,0,0
0,40,2399535528,0,1204658485,1203765508,130023684,2,0,0,0,1,0,0,0.60005021340175357,-1.2749497865982464,-1.2749497865982464,-1.2749497865982464,0,0,0,0,0,0,0,0,0,0,0,0,0,0,2.2204460492503131e-16,0,0,0
0,41,3959918557,0,2564442458,138559568,138428496,0,138428496,1,1,1,0,0,2.5105132661184641,4.2605132661184637,-2.0226720410611225,1.1189206125286706,0,0,0,0,0,0,0,0,0,0,0,0,0,0,0,0,0,0
0,42,2907619008,0,2298714262,2281832450,2281832450,0,2281832450,0,1,1,0,0,0.84194160034226573,1.0919416003422657,1.0919416003422657,1.0919416003422657,0,0,0,0,0,0,0,0,0,0,0,0,0,0,2.2204460492503131e-16,0,0,0
0,43,2728639459,0,2365721718,2231369762,2214592544,0,2214592544,1,0,1,0,0,-0.81103357191912584,-0.06103357191912584,-0.06103357191912584,-0.06103357191912584,0,0,0,0,0,0,0,0,0,0,0,0,0,0,5.5511151231257827e-17,0,0,4.4408920985006262e-16
0,44,1,1,1572752176,0,0,0,0,1,1,1,2,2,,,,,2,2,,2,2,,2,2,,2,2,,2,2,,2,2,
0,45,2093835608,1,2662415437,243344384,243278848,1,0,1,0,1,0,0,-0.75092906239794033,0.62407093760205967,0.62407093760205967,0.62407093760205967,0,0,0,0,0,0,0,0,0,0,0,0,0,0,0,0,0,0
0,46,3709126996,1,3893543745,1179968,1179904,0,1179904,0,0,1,0,0,-0.21109333322274654,-1.2110933332227465,-1.2110933332227465,-1.2110933332227465,0,0,0,0,0,0,0,0,0,0,0,0,0,0,0,0,0,0
0,47,3720341967,1,4153006271,587208721,536877072,0,536877072,0,1,1,0,0,0.56931319110066192,1.1943131911006619,1.1943131911006619,1.1943131911006619,0,0,0,0,0,0,0,0,0,0,0,0,0,0,0,0,0,0
0,48,672530693,0,1247259000,33718272,33718272,0,33718272,0,0,1,0,0,0.36397895650964407,-1.0110210434903559,-1.0110210434903559,-1.0110210434903559,0,0,0,0,0,0,0,0,0,0,0,0,0,0,0,0,0,0
0,49,4176213738,0,635458372,8405056,8388672,0,8388672,1,1,1,0,0,0.49934672168013011,2.3743467216801299,2.3743467216801299,-0.76724593190966317,0,0,0,0,0,0,0,0,0,0,0,0,0,0,4.4408920985006262e-16,0,0,0
0,50,2001473823,0,2559791932,268505896,66312,0,66312,0,1,1,0,0,0.40489178628508338,-0.095108213714916623,-0.095108213714916623,-0.095108213714916623,0,0,0,0,0,0,0,0,0,0,0,0,0,0,1.1102230246251565e-16,0,0,0
0,51,1890832254,0,2927307382,541138976,73760,0,73760,1,0,1,0,0,2.9764439761751662,3.3514439761751662,-2.93174133100442,0.20985132258537309,0,0,0,0,0,0,0,0,0,0,0,0,0,0,0,0,0,0
0,52,1280130282,1,2777146689,2222997760,2155888640,0,2155888640,1,1,1,0,0,-0.9467732738181398,-0.4467732738181398,-0.4467732738181398,-0.4467732738181398,0,0,0,0,0,0,0,0,0,0,0,0,0,0,0,0,0,0
0,53,0,1,0,0,0,0,0,1,0,1,0,0,2.5748634360662868,4.0748634360662868,-2.2083218711132995,0.93327078247649364,0,0,0,0,0,0,0,0,0,0,0,0,0,0,8.8817841970012523e-16,0,0,0
0,54,3773610783,1,2978918484,8388624,8388624,0,8388624,0,0,1,0,0,0.78539816339744828,2.2853981633974483,2.2853981633974483,-0.85619449019234484,0,0,0,0,0,0,0,0,0,0,0,0,0,0,0,0,0,0
0,55,2480830643,1,2546073341,394365448,75530760,0,75530760,0,1,1,0,0,-1.5707963267948966,-2.8207963267948966,-2.8207963267948966,0.32079632679489656,0,0,0,0,0,0,0,0,0,0,0,0,0,0,0,0,0,0
0,56,2090660760,0,320329637,1130884,1114244,0,1114244,0,0,1,0,0,0.52606641899676354,-1.2239335810032363,-1.2239335810032363,-1.2239335810032363,0,0,0,0,0,0,0,0,0,0,0,0,0,0,0,0,0,0
0,57,921708098,0,1533444126,187072520,153255936,0,153255936,1,1,1,0,0,-0.21109333322274654,0.53890666677725352,0.53890666677725352,0.53890666677725352,0,0,0,0,0,0,0,0,0,0,0,0,0,0,0,0,0,4.4408920985006262e-16
0,58,793798425,0,1936754030,268468232,268435464,0,268435464,0,1,1,1,1,,,,,2,1,,2,1,,2,1,,2,1,,2,1,,2,1,
0,59,2202235807,0,3297482875,2155909152,8425504,0,8425504,1,0,1,0,0,1.5707963267948966,3.4457963267948966,-2.8373889803846897,0.30420367320510344,0,0,0,0,0,0,0,0,0,0,0,0,0,0,0,0,0,0
0,60,3281893314,1,1148451763,1073742481,1073742465,0,1073742465,1,1,1,0,0,0,-0.25,-0.25,-0.25,0,0,0,0,0,0,0,0,0,0,0,0,0,0,0,0,0,0
0,61,3538949566,1,1052224776,774055936,773924864,0,773924864,1,0,1,0,0,-2.117585167684144,-0.24258516768414395,-0.24258516768414395,-0.24258516768414395,0,0,0,0,0,0,0,0,0,0,0,0,0,0,0,0,0,0
0,62,0,1,0,0,0,0,0,0,0,0,0,0,-1.2120256565243244,-1.5870256565243244,-1.5870256565243244,1.5545669970654687,0,0,0,0,0,0,0,0,0,0,0,0,0,0,0,0,0,0
0,63,2084815205,1,1905095466,268439808,268439808,0,268439808,0,1,1,0,0,-0.46364760900080609,-0.71364760900080615,-0.71364760900080615,-0.71364760900080615,0,0,0,0,0,0,0,0,0,0,0,0,0,0,0,0,0,0
0,64,3342083724,0,1717881343,100960256,100927488,0,100927488,0,0,1,0,0,-0.63650821578795103,-1.1365082157879511,-1.1365082157879511,-1.1365082157879511,0,0,0,0,0,0,0,0,0,0,0,0,0,0,0,0,0,0
0,65,1437578181,0,3841265144,2684616840,262152,0,262152,1,1,1,0,0,2.0344439357957027,1.6594439357957027,1.6594439357957027,-1.4821487177940904,0,0,0,0,0,0,0,0,0,0,0,0,0,0,0,0,0,0
0,66,2374829522,0,3136097534,3131834426,3089891384,0,3089891384,0,1,1,0,0,0.48447792903702319,1.3594779290370231,1.3594779290370231,1.3594779290370231,0,0,0,0,0,0,0,0,0,0,0,0,0,0,2.2204460492503131e-16,0,0,0
0,67,2051144193,0,3820446023,572915715,572915713,0,572915713,1,0,1,0,0,2.1975392280059434,3.3225392280059434,-2.9606460791736429,0.18094657441615025,0,0,0,0,0,0,0,0,0,0,0,0,0,0,4.4408920985006262e-16,0,0,0
0,68,2187899341,1,3435002577,1285816336,209715216,0,209715216,1,1,1,0,0,-0.18998828791871572,-0.06498828791871572,-0.06498828791871572,-0.06498828791871572,0,0,0,0,0,0,0,0,0,0,0,0,0,0,0,0,0,0
0,69,3001248568,1,418478206,284164128,282066976,0,282066976,1,0,1,0,0,0.91794969569412233,1.9179496956941224,1.9179496956941224,-1.2236429578956707,0,0,0,0,0,0,0,0,0,0,0,0,0,0,0,0,0,0
0,70,1499574088,1,2408619025,2182092816,2181044240,0,2181044240,0,0,1,0,0,0.87090345707565298,0.12090345707565298,0.12090345707565298,0.12090345707565298,0,0,0,0,0,0,0,0,0,0,0,0,0,0,1.1102230246251565e-16,0,0,0
0,71,0,1,0,0,0,0,0,0,1,1,0,0,0.31099828060554097,-0.31400171939445903,-0.31400171939445903,-0.31400171939445903,0,0,0,0,0,0,0,0,0,0,0,0,0,0,1.6653345369377348e-16,0,0,0
0,72,4253476374,0,2126699828,952113204,947918880,0,947918880,0,0,1,0,0,0.27094685033842053,-0.85405314966157952,-0.85405314966157952,-0.85405314966157952,0,0,0,0,0,0,0,0,0,0,0,0,0,0,1.1102230246251565e-16,0,0,0
0,73,1886090638,0,2245726536,2152857600,2147614720,0,2147614720,1,1,1,0,0,1.2490457723982544,1.7490457723982544,1.7490457723982544,-1.3925468811915387,0,0,0,0,0,0,0,0,0,0,0,0,0,0,0,0,0,0
0,74,2578225412,0,1227728834,16876546,16876546,0,16876546,0,1,1,0,0,-0.39234014421551577,-2.0173401442155159,-2.0173401442155159,1.1242525093742772,0,0,0,0,0,0,0,0,0,0,0,0,0,0,0,0,0,0
0,75,1585691238,0,2789609799,536870982,536870982,1,0,1,0,1,0,0,1.7033478590915707,0.70334785909157072,0.70334785909157072,0.70334785909157072,0,0,0,0,0,0,0,0,0,0,0,0,0,0,0,0,0,0
0,76,1230746699,1,3571809987,1411724864,1344542272,0,1344542272,1,1,1,0,0,0.46364760900080609,2.2136476090008061,2.2136476090008061,-0.92794504458898697,0,0,0,0,0,0,0,0,0,0,0,0,0,0,0,0,0,0
0,77,1796289583,1,3640962360,2164262184,16778536,0,16778536,1,0,1,0,0,2.5899376710612465,1.2149376710612465,1.2149376710612465,1.2149376710612465,0,0,0,0,0,0,0,0,0,0,0,0,0,0,0,0,0,0
0,78,871288122,1,1992588508,537157784,16,0,16,0,0,1,0,0,-1.1441688336680205,0.60583116633197953,0.60583116633197953,0.60583116633197953,0,0,0,0,0,0,0,0,0,0,0,0,0,0,1.1102230246251565e-16,0,0,0
0,79,416796753,1,3756917497,25559112,8781896,0,8781896,0,1,1,0,0,2.9584818363273091,3.9584818363273091,-2.3247034708522771,0.81688918273751598,0,0,0,0,0,0,0,0,0,0,0,0,0,0,0,0,0,0
0,80,1,0,2688936997,0,0,0,0,0,0,1,0,0,-0.90975315794420974,-2.28475315794421,-2.28475315794421,0.85683949564558315,0,0,0,0,0,0,0,0,0,0,0,0,0,0,4.4408920985006262e-16,0,0,0
0,81,187688579,0,2451866834,296018,294978,1,0,1,1,1,0,0,1.1410340476982082,2.1410340476982084,2.1410340476982084,-1.0005586058915847,0,0,0,0,0,0,0,0,0,0,0,0,0,0,4.4408920985006262e-16,0,0,0
0,82,2531123974,0,4151940715,1145638945,71831553,1,0,0,1,1,0,0,0.25255427577805956,0.002554275778059556,0.002554275778059556,0.002554275778059556,0,0,0,0,0,0,0,0,0,0,0,0,0,0,0,0,0,0
0,83,4253480967,0,1391640982,9584646,8536068,0,8536068,1,0,1,0,0,-1.3352513460740332,-1.9602513460740332,-1.9602513460740332,1.1813413075157599,0,0,0,0,0,0,0,0,0,0,0,0,0,0,0,0,0,0
0,84,3443241026,1,2781702953,21046025,21037321,0,21037321,1,1,1,0,0,-1.2870022175865687,-1.4120022175865687,-1.4120022175865687,-1.4120022175865687,0,0,0,0,0,0,0,0,0,0,0,0,0,0,0,0,0,0
0,85,2809848325,1,2745831811,595595394,595595394,1,0,1,0,1,0,0,-0.8652281491096856,0.8847718508903144,0.8847718508903144,0.8847718508903144,0,0,0,0,0,0,0,0,0,0,0,0,0,0,1.1102230246251565e-16,0,0,0
0,86,2961821110,1,1941648323,1400897536,1400897536,1,0,0,0,1,0,0,0.80667154942150954,-0.81832845057849046,-0.81832845057849046,-0.81832845057849046,0,0,0,0,0,0,0,0,0,0,0,0,0,0,0,0,0,0
0,87,1389481452,1,2383811187,134217826,134217826,0,134217826,0,1,1,1,1,,,,,2,1,,2,1,,2,1,,2,1,,2,1,,2,1,
0,88,903718804,0,4264174764,1342840832,1342316544,0,1342316544,0,0,1,2,2,,,,,2,2,,2,2,,2,2,,2,2,,2,2,,2,2,
0,89,1,0,2924921762,0,0,0,0,1,1,1,0,0,-3.1415926535897931,-3.8915926535897931,2.3915926535897931,-0.75,0,0,0,0,0,0,0,0,0,0,0,0,0,0,0,0,0,0
0,90,3476640477,0,1580961186,36896928,36700192,0,36700192,0,1,1,0,0,0.94405342558384975,0.44405342558384975,0.44405342558384975,0.44405342558384975,0,0,0,0,0,0,0,0,0,0,0,0,0,0,1.1102230246251565e-16,0,0,0
0,91,83284281,0,455644559,287834114,268959746,0,268959746,1,0,1,0,0,1.7782925532300993,0.40329255323009927,0.40329255323009927,0.40329255323009927,0,0,0,0,0,0,0,0,0,0,0,0,0,0,2.2204460492503131e-16,0,0,0
0,92,1457218565,1,2391376418,209747970,209747970,0,209747970,1,1,1,0,0,-0.10308160852270024,-0.22808160852270024,-0.22808160852270024,-0.22808160852270024,0,0,0,0,0,0,0,0,0,0,0,0,0,0,2.7755575615628914e-17,0,0,0
0,93,2784098163,1,3620446602,2214666376,67182728,2,0,1,0,0,0,0,2.9764439761751662,1.3514439761751662,1.3514439761751662,1.3514439761751662,0,0,0,0,0,0,0,0,0,0,0,0,0,0,0,0,0,0
0,94,1598087254,1,3391359851,2315258112,2315258112,0,2315258112,0,0,1,0,0,1.1964627107873127,-0.0535372892126873,-0.0535372892126873,-0.0535372892126873,0,0,0,0,0,0,0,0,0,0,0,0,0,0,2.2204460492503131e-16,0,0,0
0,95,2809228999,1,4095086461,2148534540,2147485708,1,0,0,1,1,1,1,,,,,2,1,,2,1,,2,1,,2,1,,2,1,,2,1,
0,96,1830187361,0,4204708689,2458305089,310821441,0,310821441,0,0,1,0,0,-0.5880026035475675,-0.3380026035475675,-0.3380026035475675,-0.3380026035475675,0,0,0,0,0,0,0,0,0,0,0,0,0,0,5.5511151231257827e-17,0,0,0
0,97,3595189528,0,3145572165,673224196,536908288,0,536908288,1,1,1,0,0,-1.1071487177940904,-1.9821487177940904,-1.9821487177940904,1.1594439357957027,0,0,0,0,0,0,0,0,0,0,0,0,0,0,0,0,0,0
0,98,1,0,1238443945,1,1,0,1,0,1,1,0,0,-0.73543976767550556,1.1395602323244944,1.1395602323244944,1.1395602323244944,0,0,0,0,0,0,0,0,0,0,0,0,0,0,2.2204460492503131e-16,0,0,0
0,99,554016156,0,2698804271,541701,17412,0,17412,1,0,1,0,0,0.96525166318992661,1.0902516631899266,1.0902516631899266,1.0902516631899266,0,0,0,0,0,0,0,0,0,0,0,0,0,0,2.2204460492503131e-16,0,0,0
0,100,4262104697,1,1482142285,1208233984,1074012160,0,1074012160,1,1,1,0,0,1.237552025683224,1.862552025683224,1.862552025683224,-1.2790406279065691,0,0,0,0,0,0,0,0,0,0,0,0,0,0,4.4408920985006262e-16,0,0,0
0,101,2811281041,1,1245593891,1108885762,1107837184,1,0,1,0,1,0,5,-1.7681918866447774,,,,2,5,,2,5,,2,5,,2,5,,2,5,,2,5,
0,102,1926338452,1,1602064277,174391552,174391552,0,174391552,0,0,1,0,6,1.0191413442663497,,,,2,6,,2,6,,2,6,,2,6,,2,6,,2,6,
0,103,1147358741,1,2586535104,2147689472,2147623936,1,0,0,1,1,0,7,-0.033320995878247196,,,,2,7,,2,7,,2,7,,2,7,,2,7,,2,7,
0,104,2255487712,0,2530113404,71591712,67118880,0,67118880,0,0,1,0,0,0.32175055439664219,0.19675055439664219,0.19675055439664219,0.19675055439664219,0,0,0,2,100,,0,0,0,0,0,0,0,0,5.5511151231257827e-17,0,0,0
0,105,2358631767,0,354278588,286070804,268767252,0,268767252,1,1,1,0,0,0.15991312315821926,0.15991312315821926,0.15991312315821926,0.15991312315821926,0,0,0,0,0,0,0,0,0,0,0,0,0,0,0,0,0,0
0,106,3925154313,0,785655667,46399842,46399746,0,46399746,0,1,1,0,0,0.91510070055336046,0.040100700553360458,0.040100700553360458,0.040100700553360458,0,0,0,0,0,0,0,0,0,0,0,0,0,0,0,0,0,0
0,107,1,0,2371355618,0,0,0,0,1,0,1,0,0,1.2120256565243244,2.3370256565243244,2.3370256565243244,-0.80456699706546875,0,0,0,0,0,0,0,0,0,0,0,0,0,0,0,0,0,0
0,108,3919907397,1,885743516,545915140,537526276,0,537526276,1,1,1,0,0,1.0943289073211899,0.84432890732118993,0.84432890732118993,0.84432890732118993,0,0,0,0,0,0,0,0,0,0,0,0,0,0,1.1102230246251565e-16,0,0,0
0,109,3531738752,1,675490941,536936512,536936448,0,536936448,1,0,1,0,0,-0.96007036240568799,-2.2100703624056881,-2.2100703624056881,0.93152229118410501,0,0,0,0,0,0,0,0,0,0,0,0,0,0,4.4408920985006262e-16,0,0,4.4408920985006262e-16
0,110,2975272832,1,1155532277,1080033361,1080033361,1,0,0,0,1,0,0,-1.1659045405098132,-2.0409045405098132,-2.0409045405098132,1.1006881130799799,0,0,0,0,0,0,0,0,0,0,0,0,0,0,0,0,0,0
0,111,3420224951,1,2690274547,536875011,536875010,0,536875010,0,1,1,0,0,-2.3864882501111202,-3.8864882501111202,2.396697057068466,-0.74489559652132709,0,0,0,0,0,0,0,0,0,0,0,0,0,0,0,0,0,4.4408920985006262e-16
0,112,511273496,0,374326357,37961728,37896192,0,37896192,0,0,1,0,0,-0.63107938747132919,-1.8810793874713292,-1.8810793874713292,1.2605132661184639,0,0,0,0,0,0,0,0,0,0,0,0,0,0,0,0,0,0
0,113,3190813133,0,3356654931,3355455553,2281713729,1,0,1,1,1,0,0,-1.7681918866447774,-3.5181918866447774,2.7649934205348088,-0.37659923305498433,0,0,0,0,0,0,0,0,0,0,0,0,0,0,4.4408920985006262e-16,0,0,0
0,114,2754193381,0,2922241073,2183448608,2183430176,1,0,0,1,1,0,0,0.07130746478529032,1.6963074647852903,1.6963074647852903,-1.4452851888045029,0,0,0,0,0,0,0,0,0,0,0,0,0,0,2.2204460492503131e-16,0,0,0
0,115,1426834056,0,456394076,420741392,402653456,0,402653456,1,0,1,0,0,2.1437624696836028,0.64376246968360284,0.64376246968360284,0.64376246968360284,0,0,0,0,0,0,0,0,0,0,0,0,0,0,0,0,0,0
0,116,0,1,0,0,0,0,0,1,1,1,1,1,,,,,2,1,,2,1,,2,1,,2,1,,2,1,,2,1,
0,117,1929601593,1,1233136951,134220048,134220048,0,134220048,1,0,1,0,0,1.5707963267948966,1.6957963267948966,1.6957963267948966,-1.4457963267948966,0,0,0,0,0,0,0,0,0,0,0,0,0,0,0,0,0,0
0,118,4122457101,1,411143375,69,69,0,69,0,0,1,0,0,0,1.5,1.5,1.5,0,0,0,0,0,0,0,0,0,0,0,0,0,0,0,0,0,0
0,119,1863537623,1,3677894531,421532161,421532161,0,421532161,0,1,1,0,0,-2.3561944901923448,-2.9811944901923448,-2.9811944901923448,0.16039816339744828,0,0,0,0,0,0,0,0,0,0,0,0,0,0,0,0,0,0
0,120,2637257277,0,308532615,184320,184320,0,184320,0,0,1,0,0,0.17985349979247828,-1.4451465002075217,-1.4451465002075217,-1.4451465002075217,0,0,0,0,0,0,0,0,0,0,0,0,0,0,2.2204460492503131e-16,0,0,0
0,121,809694785,0,303370894,268767232,268697600,0,268697600,1,1,1,0,0,1.4559197213779975,1.3309197213779975,1.3309197213779975,1.3309197213779975,0,0,0,0,0,0,0,0,0,0,0,0,0,0,0,0,0,0
0,122,2555391294,0,1863291415,604832257,851969,0,851969,0,1,1,0,0,0.41450687458478597,0.53950687458478597,0.53950687458478597,0.53950687458478597,0,0,0,0,0,0,0,0,0,0,0,0,0,0,0,0,0,0
0,123,974141543,0,1198506888,1108279808,852480,0,852480,1,0,1,0,0,1.1964627107873127,2.8214627107873129,2.8214627107873129,-0.32012994280248019,0,0,0,0,0,0,0,0,0,0,0,0,0,0,0,0,0,0
0,124,3436532409,1,3033006138,3028287528,3028287496,0,3028287496,1,0,0,0,0,-0.14189705460416391,1.108102945395836,1.108102945395836,1.108102945395836,0,0,0,0,0,0,0,0,0,0,0,0,0,0,0,0,0,0
0,125,0,1,0,0,0,0,0,1,0,1,0,0,1.2998494764564761,0.54984947645647608,0.54984947645647608,0.54984947645647608,0,0,0,0,0,0,0,0,0,0,0,0,0,0,0,0,0,0
0,126,1912855244,1,4124244787,2685411345,2685411345,0,2685411345,0,0,1,0,0,-0.66104316885068692,-1.911043168850687,-1.911043168850687,1.2305494847391061,0,0,0,0,0,0,0,0,0,0,0,0,0,0,2.2204460492503131e-16,0,0,0
0,127,2753194109,1,1597272990,269484928,1049472,0,1049472,0,1,1,0,0,2.9764439761751662,1.3514439761751662,1.3514439761751662,1.3514439761751662,0,0,0,0,0,0,0,0,0,0,0,0,0,0,0,0,0,0
0,128,1339353214,0,1848645547,1174406016,1174405632,0,1174405632,0,0,1,0,0,0,0.375,0.375,0.375,0,0,0,0,0,0,0,0,0,0,0,0,0,0,0,0,0,0
0,129,4242420781,0,2134313989,17235968,458752,1,0,1,1,1,0,0,-0.23374318086890142,-1.4837431808689014,-1.4837431808689014,-1.4837431808689014,0,0,0,0,0,0,0,0,0,0,0,0,0,0,2.2204460492503131e-16,0,0,0
0,130,2997959713,0,2123055225,76234865,76234848,0,76234848,0,1,1,0,0,-1.3182420510168371,-0.44324205101683711,-0.44324205101683711,-0.44324205101683711,0,0,0,0,0,0,0,0,0,0,0,0,0,0,0,0,0,0
0,131,3409870158,0,2644487272,269748256,2048,0,2048,1,0,1,0,0,0.83298126667443173,-0.66701873332556827,-0.66701873332556827,-0.66701873332556827,0,0,0,0,0,0,0,0,0,0,0,0,0,0,1.1102230246251565e-16,0,0,0
0,132,2798717907,1,2164978471,17309958,17309952,0,17309952,1,1,1,0,0,-0.06442683942555355,0.06057316057444645,0.06057316057444645,0.06057316057444645,0,0,0,0,0,0,0,0,0,0,0,0,0,0,0,0,0,0
0,133,442025496,1,3009352413,51974296,51974296,0,51974296,1,0,1,0,0,-1.3439974787410107,-2.5939974787410107,-2.5939974787410107,0.5475951748487824,0,0,0,0,0,0,0,0,0,0,0,0,0,0,0,0,0,0
0,134,0,1,0,0,0,0,0,0,0,1,0,0,-0.98279372324732905,-2.4827937232473292,-2.4827937232473292,0.65879893034246395,0,0,0,0,0,0,0,0,0,0,0,0,0,0,4.4408920985006262e-16,0,0,0
0,135,2715256563,1,4183453231,138945026,138944514,1,0,0,1,1,0,0,2.1815222911841055,1.6815222911841055,1.6815222911841055,-1.4600703624056877,0,0,0,0,0,0,0,0,0,0,0,0,0,0,0,0,0,0
0,136,1241482411,0,608874978,537526722,537526466,0,537526466,0,0,1,0,0,1.313472611823808,2.938472611823808,2.938472611823808,-0.20312004176598508,0,0,0,0,0,0,0,0,0,0,0,0,0,0,0,0,0,0
0,137,832756596,0,1766497131,134222088,134222088,0,134222088,1,1,1,0,0,-0.64350110879328437,-2.0185011087932843,-2.0185011087932843,1.1230915447965089,0,0,0,0,0,0,0,0,0,0,0,0,0,0,0,0,0,0
0,138,4293789178,0,1379754006,268443668,268435476,0,268435476,0,1,1,0,0,1.3045442776439713,0.9295442776439713,0.9295442776439713,0.9295442776439713,0,0,0,0,0,0,0,0,0,0,0,0,0,0,0,0,0,0
0,139,254699714,0,3558956224,71680,71680,0,71680,1,0,1,0,0,-0.91199029067742043,-1.5369902906774204,-1.5369902906774204,-1.5369902906774204,0,0,0,0,0,0,0,0,0,0,0,0,0,0,2.2204460492503131e-16,0,0,0
0,140,1674917312,1,1047060027,406849579,406849579,0,406849579,1,1,1,0,0,-0.16514867741462683,1.4598513225853731,1.4598513225853731,1.4598513225853731,0,0,0,0,0,0,0,0,0,0,0,0,0,0,2.2204460492503131e-16,0,0,0
0,141,2030043568,1,2152349005,524292,524292,0,524292,1,0,1,0,0,-0.48088728019533583,-1.6058872801953359,-1.6058872801953359,1.5357053733944572,0,0,0,0,0,0,0,0,0,0,0,0,0,0,2.2204460492503131e-16,0,0,0
0,142,835827342,1,2992846987,538968192,538968192,0,538968192,0,0,1,0,0,1.0516502125483738,2.926650212548374,2.926650212548374,-0.21494244104141913,0,0,0,0,0,0,0,0,0,0,0,0,0,0,0,0,0,0
0,143,0,1,0,0,0,0,0,0,1,1,0,0,2.5453935122923133,0.67039351229231325,0.67039351229231325,0.67039351229231325,0,0,0,0,0,0,0,0,0,0,0,0,0,0,0,0,0,0
0,144,1358684553,0,1879395178,805388650,805306666,0,805306666,0,0,1,0,0,1.0121970114513341,1.5121970114513341,1.5121970114513341,1.5121970114513341,0,0,0,0,0,0,0,0,0,0,0,0,0,0,0,0,0,0
0,145,2996886525,0,520448874,369125376,369123328,0,369123328,1,1,1,1,1,,,,,2,1,,2,1,,2,1,,2,1,,2,1,,2,1,
0,146,2586068081,0,957861263,671123595,134250635,1,0,0,1,1,2,2,,,,,2,2,,2,2,,2,2,,2,2,,2,2,,2,2,
0,147,2107716082,0,2577737373,25501829,25501828,0,25501828,1,0,1,0,0,-3.1415926535897931,-4.8915926535897931,1.3915926535897931,1.3915926535897931,0,0,0,0,0,0,0,0,0,0,0,0,0,0,0,0,0,0
0,148,3360648904,1,3494669818,1078198282,4456458,1,0,1,1,1,0,0,0.44872334401072111,1.948723344010721,1.948723344010721,-1.1928693095790721,0,0,0,0,0,0,0,0,0,0,0,0,0,0,4.4408920985006262e-16,0,0,0
0,149,3171216318,1,3766820526,1610680332,1610680328,1,0,1,0,1,0,0,-2.0672190801997785,-2.3172190801997785,-2.3172190801997785,0.8243735733900146,0,0,0,0,0,0,0,0,0,0,0,0,0,0,0,0,0,0
0,150,4150985211,1,1910624971,2146314,2146314,1,0,0,0,1,0,0,0.15264932839526515,0.65264932839526513,0.65264932839526513,0.65264932839526513,0,0,0,0,0,0,0,0,0,0,0,0,0,0,0,0,0,0
0,151,2179953929,1,3112923349,536576,4096,0,4096,0,1,1,0,0,-0.78539816339744828,-1.7853981633974483,-1.7853981633974483,1.3561944901923448,0,0,0,0,0,0,0,0,0,0,0,0,0,0,0,0,0,0
0,152,0,0,0,0,0,0,0,0,0,1,0,0,0.86853939528588953,1.3685393952858895,1.3685393952858895,1.3685393952858895,0,0,0,0,0,0,0,0,0,0,0,0,0,0,0,0,0,0
1,0,67215360,0,1297407773,88113165,83918849,1,0,0,0,0,1,1,,,,,2,1,,2,1,,2,1,,2,1,,2,1,,2,1,
1,1,33589248,1,55896965,33589761,33589761,0,33589761,1,1,1,0,0,1.5707963267948966,2.0707963267948966,2.0707963267948966,-1.0707963267948966,0,0,0,0,0,0,0,0,0,0,0,0,0,0,0,0,0,0
1,2,1073741824,0,3868065313,1140957184,1140957184,0,1140957184,0,1,1,0,0,0,1.75,1.75,-1.3915926535897931,0,0,0,0,0,0,0,0,0,0,0,0,0,0,0,0,0,0
1,3,1140916224,1,2561533331,8716416,8454272,0,8454272,0,0,1,0,0,1.0714496051147666,1.1964496051147666,1.1964496051147666,1.1964496051147666,0,0,0,0,0,0,0,0,0,0,0,0,0,0,0,0,0,0
1,4,0,1,0,0,0,0,0,1,1,1,0,5,0.60374933339743642,,,,2,5,,2,5,,2,5,,2,5,,2,5,,2,5,
1,5,6291488,1,4033087815,2154037568,2153775168,0,2153775168,1,0,1,0,6,-1.2924966677897853,,,,2,6,,2,6,,2,6,,2,6,,2,6,,2,6,
1,6,262272,0,3343720628,17563776,262272,0,262272,0,0,1,0,7,-1.4994888620096063,,,,2,7,,2,7,,2,7,,2,7,,2,7,,2,7,
1,7,838860928,0,3911404082,536939008,536938496,0,536938496,1,1,1,0,0,-0.86853939528588953,0.63146060471411047,0.63146060471411047,0.63146060471411047,0,0,0,2,100,,0,0,0,0,0,0,0,0,0,0,0,0
1,8,0,0,0,0,0,0,0,0,0,1,0,0,-1.5083775167989393,0.24162248320106072,0.24162248320106072,0.24162248320106072,0,0,0,0,0,0,0,0,0,0,0,0,0,0,2.2204460492503131e-16,0,0,0
1,9,0,1,0,0,0,0,0,1,1,1,0,0,-2.485897027348257,-1.110897027348257,-1.110897027348257,-1.110897027348257,0,0,0,0,0,0,0,0,0,0,0,0,0,0,0,0,0,0
1,10,101188113,0,2000329197,1176109129,101318665,0,101318665,0,1,1,0,0,1.0516502125483738,2.301650212548374,2.301650212548374,-0.83994244104141913,0,0,0,0,0,0,0,0,0,0,0,0,0,0,4.4408920985006262e-16,0,0,0
1,11,164400,1,2412817300,2147517072,33424,0,33424,0,0,1,0,0,1.3045442776439713,1.3045442776439713,1.3045442776439713,1.3045442776439713,0,0,0,0,0,0,0,0,0,0,0,0,0,0,0,0,0,0
1,12,0,1,0,0,0,0,0,1,1,1,0,0,1.2870022175865687,2.0370022175865685,2.0370022175865685,-1.1045904360032246,0,0,0,0,0,0,0,0,0,0,0,0,0,0,0,0,0,0
1,13,1073741952,1,1186443213,1149239424,1149239424,0,1149239424,1,0,1,0,0,2.0552742558319199,2.6802742558319199,2.6802742558319199,-0.4613183977578732,0,0,0,0,0,0,0,0,0,0,0,0,0,0,0,0,0,0
1,14,1064968,0,499192136,272629768,268435464,0,268435464,0,0,1,0,0,0.11065722117389563,1.1106572211738956,1.1106572211738956,1.1106572211738956,0,0,0,0,0,0,0,0,0,0,0,0,0,0,2.2204460492503131e-16,0,0,0
1,15,0,0,0,0,0,0,0,1,1,1,0,0,-0.17670885607003661,1.5732911439299633,1.5732911439299633,-1.5683015096598298,0,0,0,0,0,0,0,0,0,0,0,0,0,0,2.2204460492503131e-16,0,0,4.4408920985006262e-16
1,16,34089160,0,3542521427,50468434,50464320,0,50464320,0,0,1,2,2,,,,,2,2,,2,2,,2,2,,2,2,,2,2,,2,2,
1,17,0,1,0,0,0,0,0,1,1,1,0,0,-3.0221637275714546,-3.0221637275714546,-3.0221637275714546,0.11942892601833854,0,0,0,0,0,0,0,0,0,0,0,0,0,0,0,0,0,0
1,18,1342443521,0,754467447,11010113,524353,0,524353,0,1,1,0,0,0.26916749278570046,-0.6058325072142996,-0.6058325072142996,-0.6058325072142996,0,0,0,0,0,0,0,0,0,0,0,0,0,0,1.1102230246251565e-16,0,0,0
1,19,512,1,1954444938,8704,8704,0,8704,0,0,1,0,0,2.1815222911841055,0.80652229118410546,0.80652229118410546,0.80652229118410546,0,0,0,0,0,0,0,0,0,0,0,0,0,0,0,0,0,0
1,20,0,1,0,0,0,0,0,1,1,1,0,0,-1.2753554896511765,0.22464451034882349,0.22464451034882349,0.22464451034882349,0,0,0,0,0,0,0,0,0,0,0,0,0,0,1.1102230246251565e-16,0,0,0
1,21,193,1,286406000,268436560,268435536,0,268435536,1,0,1,0,0,-2.6011731533192091,-2.4761731533192091,-2.4761731533192091,0.66541950027058405,0,0,0,0,0,0,0,0,0,0,0,0,0,0,0,0,0,0
1,22,2147483712,0,3470868528,2285895680,2151677952,0,2151677952,0,0,1,0,0,0.28805544705062586,-0.33694455294937414,-0.33694455294937414,-0.33694455294937414,0,0,0,0,0,0,0,0,0,0,0,0,0,0,5.5511151231257827e-17,0,0,0
1,23,537400646,0,2083860960,872485216,536940864,0,536940864,1,1,1,0,0,-0.51554900745897903,-0.015549007458979025,-0.015549007458979025,-0.015549007458979025,0,0,0,0,0,0,0,0,0,0,0,0,0,0,9.7144514654701197e-17,0,0,0
1,24,2156216320,0,965372169,8538120,8538112,0,8538112,0,0,1,0,0,-0.69133692876946196,-2.441336928769462,-2.441336928769462,0.70025572482033116,0,0,0,0,0,0,0,0,0,0,0,0,0,0,0,0,0,0
1,25,1077936136,1,1333909847,1073776656,1073741824,0,1073741824,1,1,1,0,0,-2.4275019549776351,-3.9275019549776351,2.3556833522019511,-0.78590930138784199,0,0,0,0,0,0,0,0,0,0,0,0,0,0,0,0,0,0
1,26,0,0,0,0,0,0,0,0,1,1,0,0,-0.11065722117389563,-1.9856572211738956,-1.9856572211738956,1.1559354324158975,0,0,0,0,0,0,0,0,0,0,0,0,0,0,2.2204460492503131e-16,0,0,0
1,27,0,1,0,0,0,0,0,0,0,1,0,0,-2.0472637462686034,-1.6722637462686034,-1.6722637462686034,1.4693289073211897,0,0,0,0,0,0,0,0,0,0,0,0,0,0,0,0,0,0
1,28,2336,1,2114843787,1946453121,263296,0,263296,1,1,1,0,0,0.099668652491162038,0.34966865249116202,0.34966865249116202,0.34966865249116202,0,0,0,0,0,0,0,0,0,0,0,0,0,0,5.5511151231257827e-17,0,0,0
1,29,0,1,0,0,0,0,0,1,0,1,1,1,,,,,2,1,,2,1,,2,1,,2,1,,2,1,,2,1,
1,30,1073874992,0,2205834309,19007488,2230272,0,2230272,0,0,1,2,2,,,,,2,2,,2,2,,2,2,,2,2,,2,2,,2,2,
1,31,134217728,0,1749956716,135006272,134742016,1,0,1,0,0,0,0,-3.1415926535897931,-4.8915926535897931,1.3915926535897931,1.3915926535897931,0,0,0,0,0,0,0,0,0,0,0,0,0,0,0,0,0,0
1,32,8260,0,3255811080,3221236736,1073752064,0,1073752064,0,0,1,0,0,-1.1902899496825317,-0.19028994968253166,-0.19028994968253166,-0.19028994968253166,0,0,0,0,0,0,0,0,0,0,0,0,0,0,0,0,0,0
1,33,340295680,1,2920887005,101191680,67637248,0,67637248,1,1,1,0,0,0.58000277420768087,-0.91999722579231913,-0.91999722579231913,-0.91999722579231913,0,0,0,0,0,0,0,0,0,0,0,0,0,0,2.2204460492503131e-16,0,0,0
1,34,0,0,0,0,0,0,0,0,1,1,0,0,-0.59717665809267761,-0.34717665809267761,-0.34717665809267761,-0.34717665809267761,0,0,0,0,0,0,0,0,0,0,0,0,0,0,5.5511151231257827e-17,0,0,0
1,35,0,1,0,0,0,0,0,0,0,1,0,0,0.30805278102377642,0.55805278102377642,0.55805278102377642,0.55805278102377642,0,0,0,0,0,0,0,0,0,0,0,0,0,0,1.1102230246251565e-16,0,0,0
1,36,2214856704,1,279478402,524288,524288,0,524288,1,1,1,0,0,-0.46364760900080609,-0.21364760900080609,-0.21364760900080609,-0.21364760900080609,0,0,0,0,0,0,0,0,0,0,0,0,0,0,2.7755575615628914e-17,0,0,0
1,37,0,1,0,0,0,0,0,1,0,1,0,0,-3.1415926535897931,-4.7665926535897931,1.5165926535897931,1.5165926535897931,0,0,0,0,0,0,0,0,0,0,0,0,0,0,0,0,0,0
1,38,335810570,0,245251381,202117153,67899392,0,67899392,0,0,1,0,0,1.4659193880646628,3.3409193880646626,-2.9422659191149236,0.19932673447486948,0,0,0,0,0,0,0,0,0,0,0,0,0,0,2.2204460492503131e-16,0,0,0
1,39,0,0,0,0,0,0,0,1,1,1,0,0,-1.9055331641117113,-3.405533164111711,2.8776521430678752,-0.26394051052191791,0,0,0,0,0,0,0,0,0,0,0,0,0,0,0,0,0,0
1,40,0,0,0,0,0,0,0,0,0,1,0,0,0.60005021340175357,-1.2749497865982464,-1.2749497865982464,-1.2749497865982464,0,0,0,0,0,0,0,0,0,0,0,0,0,0,2.2204460492503131e-16,0,0,0
1,41,138428496,1,578171270,4337664,4202496,0,4202496,1,1,1,0,0,2.5105132661184641,4.2605132661184637,-2.0226720410611225,1.1189206125286706,0,0,0,0,0,0,0,0,0,0,0,0,0,0,0,0,0,0
1,42,2281832450,0,3510418035,2148532290,2148532226,0,2148532226,0,1,1,0,0,0.84194160034226573,1.0919416003422657,1.0919416003422657,1.0919416003422657,0,0,0,0,0,0,0,0,0,0,0,0,0,0,2.2204460492503131e-16,0,0,0
1,43,2214592544,1,3541345809,2432999425,2416189440,0,2416189440,0,0,1,0,0,-0.81103357191912584,-0.06103357191912584,-0.06103357191912584,-0.06103357191912584,0,0,0,0,0,0,0,0,0,0,0,0,0,0,5.5511151231257827e-17,0,0,4.4408920985006262e-16
1,44,0,1,0,0,0,0,0,1,1,1,2,2,,,,,2,2,,2,2,,2,2,,2,2,,2,2,,2,2,
1,45,0,1,0,0,0,0,0,1,0,1,0,0,-0.75092906239794033,0.62407093760205967,0.62407093760205967,0.62407093760205967,0,0,0,0,0,0,0,0,0,0,0,0,0,0,0,0,0,0
1,46,1179904,0,1016870851,277872962,277872898,0,277872898,0,0,1,0,0,-0.21109333322274654,-1.2110933332227465,-1.2110933332227465,-1.2110933332227465,0,0,0,0,0,0,0,0,0,0,0,0,0,0,0,0,0,0
1,47,536877072,0,1915339758,570426112,536870912,0,536870912,1,1,1,0,0,0.56931319110066192,1.1943131911006619,1.1943131911006619,1.1943131911006619,0,0,0,0,0,0,0,0,0,0,0,0,0,0,0,0,0,0
1,48,33718272,0,192211952,50381440,50364544,0,50364544,0,0,1,0,0,0.36397895650964407,-1.0110210434903559,-1.0110210434903559,-1.0110210434903559,0,0,0,0,0,0,0,0,0,0,0,0,0,0,0,0,0,0
1,49,8388672,1,2835498309,147520,64,0,64,1,1,1,0,0,0.49934672168013011,2.3743467216801299,2.3743467216801299,-0.76724593190966317,0,0,0,0,0,0,0,0,0,0,0,0,0,0,4.4408920985006262e-16,0,0,0
1,50,66312,0,1303379481,67211784,98824,0,98824,0,1,1,0,0,0.40489178628508338,-0.095108213714916623,-0.095108213714916623,-0.095108213714916623,0,0,0,0,0,0,0,0,0,0,0,0,0,0,1.1102230246251565e-16,0,0,0
1,51,73760,1,2001175397,557908001,65569,0,65569,0,0,1,0,0,2.9764439761751662,3.3514439761751662,-2.93174133100442,0.20985132258537309,0,0,0,0,0,0,0,0,0,0,0,0,0,0,0,0,0,0
1,52,2155888640,1,1518052064,1081082016,6291616,1,0,1,1,1,0,0,-0.9467732738181398,-0.4467732738181398,-0.4467732738181398,-0.4467732738181398,0,0,0,0,0,0,0,0,0,0,0,0,0,0,0,0,0,0
1,53,0,1,0,0,0,0,0,1,0,1,0,0,2.5748634360662868,4.0748634360662868,-2.2083218711132995,0.93327078247649364,0,0,0,0,0,0,0,0,0,0,0,0,0,0,8.8817841970012523e-16,0,0,0
1,54,8388624,0,23174093,2097921,769,1,0,0,0,1,0,0,0.78539816339744828,2.2853981633974483,2.2853981633974483,-0.85619449019234484,0,0,0,0,0,0,0,0,0,0,0,0,0,0,0,0,0,0
1,55,75530760,0,4073944790,1384317442,8520192,0,8520192,1,1,1,0,0,-1.5707963267948966,-2.8207963267948966,-2.8207963267948966,0.32079632679489656,0,0,0,0,0,0,0,0,0,0,0,0,0,0,0,0,0,0
1,56,1114244,0,3561670675,3225436160,1077936128,0,1077936128,0,0,1,0,0,0.52606641899676354,-1.2239335810032363,-1.2239335810032363,-1.2239335810032363,0,0,0,0,0,0,0,0,0,0,0,0,0,0,0,0,0,0
1,57,153255936,1,992649147,186813449,153256960,0,153256960,1,1,1,0,0,-0.21109333322274654,0.53890666677725352,0.53890666677725352,0.53890666677725352,0,0,0,0,0,0,0,0,0,0,0,0,0,0,0,0,0,4.4408920985006262e-16
1,58,268435464,0,309885124,268437632,268437504,0,268437504,0,1,1,1,1,,,,,2,1,,2,1,,2,1,,2,1,,2,1,,2,1,
1,59,8425504,1,2196614874,2155914880,8430208,0,8430208,0,0,1,0,0,1.5707963267948966,3.4457963267948966,-2.8373889803846897,0.30420367320510344,0,0,0,0,0,0,0,0,0,0,0,0,0,0,0,0,0,0
1,60,1073742465,1,42355604,41943696,33555072,0,33555072,1,1,1,0,0,0,-0.25,-0.25,-0.25,0,0,0,0,0,0,0,0,0,0,0,0,0,0,0,0,0,0
1,61,773924864,1,3111995563,690030626,690030594,0,690030594,1,0,1,0,0,-2.117585167684144,-0.24258516768414395,-0.24258516768414395,-0.24258516768414395,0,0,0,0,0,0,0,0,0,0,0,0,0,0,0,0,0,0
1,62,0,0,0,0,0,0,0,0,0,0,0,0,-1.2120256565243244,-1.5870256565243244,-1.5870256565243244,1.5545669970654687,0,0,0,0,0,0,0,0,0,0,0,0,0,0,0,0,0,0
1,63,268439808,0,2670410706,402657616,268439888,0,268439888,1,1,1,0,0,-0.46364760900080609,-0.71364760900080615,-0.71364760900080615,-0.71364760900080615,0,0,0,0,0,0,0,0,0,0,0,0,0,0,0,0,0,0
1,64,100927488,0,2224849825,68976640,68419584,0,68419584,0,0,1,0,0,-0.63650821578795103,-1.1365082157879511,-1.1365082157879511,-1.1365082157879511,0,0,0,0,0,0,0,0,0,0,0,0,0,0,0,0,0,0
1,65,262152,1,1702343556,553918596,17047552,1,0,1,1,1,0,0,2.0344439357957027,1.6594439357957027,1.6594439357957027,-1.4821487177940904,0,0,0,0,0,0,0,0,0,0,0,0,0,0,0,0,0,0
1,66,3089891384,0,3414132191,3391914266,3358359832,1,0,0,1,1,0,0,0.48447792903702319,1.3594779290370231,1.3594779290370231,1.3594779290370231,0,0,0,0,0,0,0,0,0,0,0,0,0,0,2.2204460492503131e-16,0,0,0
1,67,572915713,1,2135648327,839516163,839516161,0,839516161,0,0,1,0,0,2.1975392280059434,3.3225392280059434,-2.9606460791736429,0.18094657441615025,0,0,0,0,0,0,0,0,0,0,0,0,0,0,4.4408920985006262e-16,0,0,0
1,68,209715216,1,2518204805,67108868,67108868,0,67108868,1,1,1,0,0,-0.18998828791871572,-0.06498828791871572,-0.06498828791871572,-0.06498828791871572,0,0,0,0,0,0,0,0,0,0,0,0,0,0,0,0,0,0
1,69,282066976,1,227417026,8781952,8519808,0,8519808,1,0,1,0,0,0.91794969569412233,1.9179496956941224,1.9179496956941224,-1.2236429578956707,0,0,0,0,0,0,0,0,0,0,0,0,0,0,0,0,0,0
1,70,2181044240,0,1424173325,274794504,274794504,0,274794504,0,0,1,0,0,0.87090345707565298,0.12090345707565298,0.12090345707565298,0.12090345707565298,0,0,0,0,0,0,0,0,0,0,0,0,0,0,1.1102230246251565e-16,0,0,0
1,71,0,0,0,0,0,0,0,1,1,1,0,0,0.31099828060554097,-0.31400171939445903,-0.31400171939445903,-0.31400171939445903,0,0,0,0,0,0,0,0,0,0,0,0,0,0,1.6653345369377348e-16,0,0,0
1,72,947918880,0,2521587267,273160192,268965888,0,268965888,0,0,1,0,0,0.27094685033842053,-0.85405314966157952,-0.85405314966157952,-0.85405314966157952,0,0,0,0,0,0,0,0,0,0,0,0,0,0,1.1102230246251565e-16,0,0,0
1,73,2147614720,1,490553491,135266320,134217728,0,134217728,1,1,1,0,0,1.2490457723982544,1.7490457723982544,1.7490457723982544,-1.3925468811915387,0,0,0,0,0,0,0,0,0,0,0,0,0,0,0,0,0,0
1,74,16876546,0,874582861,268500992,268500992,0,268500992,0,1,1,0,0,-0.39234014421551577,-2.0173401442155159,-2.0173401442155159,1.1242525093742772,0,0,0,0,0,0,0,0,0,0,0,0,0,0,0,0,0,0
1,75,0,1,0,0,0,0,0,0,0,1,0,0,1.7033478590915707,0.70334785909157072,0.70334785909157072,0.70334785909157072,0,0,0,0,0,0,0,0,0,0,0,0,0,0,0,0,0,0
1,76,1344542272,1,3936742352,1747264080,1747190352,0,1747190352,1,1,1,0,0,0.46364760900080609,2.2136476090008061,2.2136476090008061,-0.92794504458898697,0,0,0,0,0,0,0,0,0,0,0,0,0,0,0,0,0,0
1,77,16778536,1,942561205,1316,1312,0,1312,1,0,1,0,0,2.5899376710612465,1.2149376710612465,1.2149376710612465,1.2149376710612465,0,0,0,0,0,0,0,0,0,0,0,0,0,0,0,0,0,0
1,78,16,0,149848093,2359320,2097168,0,2097168,0,0,1,0,0,-1.1441688336680205,0.60583116633197953,0.60583116633197953,0.60583116633197953,0,0,0,0,0,0,0,0,0,0,0,0,0,0,1.1102230246251565e-16,0,0,0
1,79,8781896,0,3815066311,17041472,262208,0,262208,1,1,1,0,0,2.9584818363273091,3.9584818363273091,-2.3247034708522771,0.81688918273751598,0,0,0,0,0,0,0,0,0,0,0,0,0,0,0,0,0,0
1,80,0,0,0,0,0,0,0,0,0,1,0,0,-0.90975315794420974,-2.28475315794421,-2.28475315794421,0.85683949564558315,0,0,0,0,0,0,0,0,0,0,0,0,0,0,4.4408920985006262e-16,0,0,0
1,81,0,1,0,0,0,0,0,1,1,1,0,0,1.1410340476982082,2.1410340476982084,2.1410340476982084,-1.0005586058915847,0,0,0,0,0,0,0,0,0,0,0,0,0,0,4.4408920985006262e-16,0,0,0
1,82,0,0,0,0,0,0,0,0,1,1,0,0,0.25255427577805956,0.002554275778059556,0.002554275778059556,0.002554275778059556,0,0,0,0,0,0,0,0,0,0,0,0,0,0,0,0,0,0
1,83,8536068,1,3598314897,68772865,67723264,1,0,0,0,1,0,0,-1.3352513460740332,-1.9602513460740332,-1.9602513460740332,1.1813413075157599,0,0,0,0,0,0,0,0,0,0,0,0,0,0,0,0,0,0
1,84,21037321,1,1527075098,285282584,16847128,0,16847128,1,1,1,0,0,-1.2870022175865687,-1.4120022175865687,-1.4120022175865687,-1.4120022175865687,0,0,0,0,0,0,0,0,0,0,0,0,0,0,0,0,0,0
1,85,0,1,0,0,0,0,0,1,0,1,0,0,-0.8652281491096856,0.8847718508903144,0.8847718508903144,0.8847718508903144,0,0,0,0,0,0,0,0,0,0,0,0,0,0,1.1102230246251565e-16,0,0,0
1,86,0,0,0,0,0,0,0,0,0,1,0,0,0.80667154942150954,-0.81832845057849046,-0.81832845057849046,-0.81832845057849046,0,0,0,0,0,0,0,0,0,0,0,0,0,0,0,0,0,0
1,87,134217826,0,383610792,268453920,268451872,1,0,1,1,1,1,1,,,,,2,1,,2,1,,2,1,,2,1,,2,1,,2,1,
1,88,1342316544,0,125495374,17473600,16949312,0,16949312,0,0,1,2,2,,,,,2,2,,2,2,,2,2,,2,2,,2,2,,2,2,
1,89,0,1,0,0,0,0,0,1,1,1,0,0,-3.1415926535897931,-3.8915926535897931,2.3915926535897931,-0.75,0,0,0,0,0,0,0,0,0,0,0,0,0,0,0,0,0,0
1,90,36700192,0,2729279782,35717156,35651620,0,35651620,0,1,1,0,0,0.94405342558384975,0.44405342558384975,0.44405342558384975,0.44405342558384975,0,0,0,0,0,0,0,0,0,0,0,0,0,0,1.1102230246251565e-16,0,0,0
1,91,268959746,1,950689636,271056896,268959744,0,268959744,0,0,1,0,0,1.7782925532300993,0.40329255323009927,0.40329255323009927,0.40329255323009927,0,0,0,0,0,0,0,0,0,0,0,0,0,0,2.2204460492503131e-16,0,0,0
1,92,209747970,1,387168303,353411082,84975626,1,0,1,1,1,0,0,-0.10308160852270024,-0.22808160852270024,-0.22808160852270024,-0.22808160852270024,0,0,0,0,0,0,0,0,0,0,0,0,0,0,2.7755575615628914e-17,0,0,0
1,93,0,1,0,0,0,0,0,1,0,0,0,0,2.9764439761751662,1.3514439761751662,1.3514439761751662,1.3514439761751662,0,0,0,0,0,0,0,0,0,0,0,0,0,0,0,0,0,0
1,94,2315258112,0,168144236,167807232,167807232,0,167807232,0,0,1,0,0,1.1964627107873127,-0.0535372892126873,-0.0535372892126873,-0.0535372892126873,0,0,0,0,0,0,0,0,0,0,0,0,0,0,2.2204460492503131e-16,0,0,0
1,95,0,0,0,0,0,0,0,1,1,1,1,1,,,,,2,1,,2,1,,2,1,,2,1,,2,1,,2,1,
1,96,310821441,0,980941953,308733953,308733953,0,308733953,0,0,1,0,0,-0.5880026035475675,-0.3380026035475675,-0.3380026035475675,-0.3380026035475675,0,0,0,0,0,0,0,0,0,0,0,0,0,0,5.5511151231257827e-17,0,0,0
1,97,536908288,1,751671033,671127048,536908296,0,536908296,1,1,1,0,0,-1.1071487177940904,-1.9821487177940904,-1.9821487177940904,1.1594439357957027,0,0,0,0,0,0,0,0,0,0,0,0,0,0,0,0,0,0
1,98,1,0,1238443945,1,1,0,1,0,1,1,0,0,-0.73543976767550556,1.1395602323244944,1.1395602323244944,1.1395602323244944,0,0,0,0,0,0,0,0,0,0,0,0,0,0,2.2204460492503131e-16,0,0,0
1,99,17412,1,4065666003,268436033,64,0,64,0,0,1,0,0,0.96525166318992661,1.0902516631899266,1.0902516631899266,1.0902516631899266,0,0,0,0,0,0,0,0,0,0,0,0,0,0,2.2204460492503131e-16,0,0,0
1,100,1074012160,1,2068691331,1259090178,1124868354,0,1124868354,1,1,1,0,0,1.237552025683224,1.862552025683224,1.862552025683224,-1.2790406279065691,0,0,0,0,0,0,0,0,0,0,0,0,0,0,4.4408920985006262e-16,0,0,0
1,101,0,1,0,0,0,0,0,1,0,1,0,5,-1.7681918866447774,,,,2,5,,2,5,,2,5,,2,5,,2,5,,2,5,
1,102,174391552,0,2454645239,38011200,38011200,0,38011200,0,0,1,0,6,1.0191413442663497,,,,2,6,,2,6,,2,6,,2,6,,2,6,,2,6,
1,103,0,0,0,0,0,0,0,1,1,1,0,7,-0.033320995878247196,,,,2,7,,2,7,,2,7,,2,7,,2,7,,2,7,
1,104,67118880,0,3541446172,1075064320,1073753600,1,0,0,0,1,0,0,0.32175055439664219,0.19675055439664219,0.19675055439664219,0.19675055439664219,0,0,0,2,100,,0,0,0,0,0,0,0,0,5.5511151231257827e-17,0,0,0
1,105,268767252,1,1651777691,33816594,33816594,0,33816594,1,1,1,0,0,0.15991312315821926,0.15991312315821926,0.15991312315821926,0.15991312315821926,0,0,0,0,0,0,0,0,0,0,0,0,0,0,0,0,0,0
1,106,46399746,0,2368642272,2150500448,2150367232,0,2150367232,0,1,1,0,0,0.91510070055336046,0.040100700553360458,0.040100700553360458,0.040100700553360458,0,0,0,0,0,0,0,0,0,0,0,0,0,0,0,0,0,0
1,107,0,1,0,0,0,0,0,0,0,1,0,0,1.2120256565243244,2.3370256565243244,2.3370256565243244,-0.80456699706546875,0,0,0,0,0,0,0,0,0,0,0,0,0,0,0,0,0,0
1,108,537526276,1,3275935294,16908292,16908292,0,16908292,1,1,1,0,0,1.0943289073211899,0.84432890732118993,0.84432890732118993,0.84432890732118993,0,0,0,0,0,0,0,0,0,0,0,0,0,0,1.1102230246251565e-16,0,0,0
1,109,536936448,1,3020207677,2952827392,2952826880,1,0,1,0,1,0,0,-0.96007036240568799,-2.2100703624056881,-2.2100703624056881,0.93152229118410501,0,0,0,0,0,0,0,0,0,0,0,0,0,0,4.4408920985006262e-16,0,0,4.4408920985006262e-16
1,110,0,0,0,0,0,0,0,0,0,1,0,0,-1.1659045405098132,-2.0409045405098132,-2.0409045405098132,1.1006881130799799,0,0,0,0,0,0,0,0,0,0,0,0,0,0,0,0,0,0
1,111,536875010,0,34388291,276739,274690,1,0,1,1,1,0,0,-2.3864882501111202,-3.8864882501111202,2.396697057068466,-0.74489559652132709,0,0,0,0,0,0,0,0,0,0,0,0,0,0,0,0,0,4.4408920985006262e-16
1,112,37896192,0,539231593,2097408,0,0,0,0,0,1,0,0,-0.63107938747132919,-1.8810793874713292,-1.8810793874713292,1.2605132661184639,0,0,0,0,0,0,0,0,0,0,0,0,0,0,0,0,0,0
1,113,0,1,0,0,0,0,0,1,1,1,0,0,-1.7681918866447774,-3.5181918866447774,2.7649934205348088,-0.37659923305498433,0,0,0,0,0,0,0,0,0,0,0,0,0,0,4.4408920985006262e-16,0,0,0
1,114,0,0,0,0,0,0,0,0,1,1,0,0,0.07130746478529032,1.6963074647852903,1.6963074647852903,-1.4452851888045029,0,0,0,0,0,0,0,0,0,0,0,0,0,0,2.2204460492503131e-16,0,0,0
1,115,402653456,1,2812699552,621019520,603980032,1,0,0,0,1,0,0,2.1437624696836028,0.64376246968360284,0.64376246968360284,0.64376246968360284,0,0,0,0,0,0,0,0,0,0,0,0,0,0,0,0,0,0
1,116,0,1,0,0,0,0,0,1,1,1,1,1,,,,,2,1,,2,1,,2,1,,2,1,,2,1,,2,1,
1,117,134220048,1,2181517041,19152,19152,0,19152,1,0,1,0,0,1.5707963267948966,1.6957963267948966,1.6957963267948966,-1.4457963267948966,0,0,0,0,0,0,0,0,0,0,0,0,0,0,0,0,0,0
1,118,69,0,2301967995,16777841,16777825,0,16777825,0,0,1,0,0,0,1.5,1.5,1.5,0,0,0,0,0,0,0,0,0,0,0,0,0,0,0,0,0,0
1,119,421532161,0,205984964,138481664,138481664,0,138481664,1,1,1,0,0,-2.3561944901923448,-2.9811944901923448,-2.9811944901923448,0.16039816339744828,0,0,0,0,0,0,0,0,0,0,0,0,0,0,0,0,0,0
1,120,184320,0,1721566435,1835072,1835072,0,1835072,0,0,1,0,0,0.17985349979247828,-1.4451465002075217,-1.4451465002075217,-1.4451465002075217,0,0,0,0,0,0,0,0,0,0,0,0,0,0,2.2204460492503131e-16,0,0,0
1,121,268697600,1,1119585580,1073808640,1073742080,0,1073742080,1,1,1,0,0,1.4559197213779975,1.3309197213779975,1.3309197213779975,1.3309197213779975,0,0,0,0,0,0,0,0,0,0,0,0,0,0,0,0,0,0
1,122,851969,0,328949494,591360,590848,0,590848,0,1,1,0,0,0.41450687458478597,0.53950687458478597,0.53950687458478597,0.53950687458478597,0,0,0,0,0,0,0,0,0,0,0,0,0,0,0,0,0,0
1,123,852480,1,777726581,571157028,537471524,1,0,0,0,1,0,0,1.1964627107873127,2.8214627107873129,2.8214627107873129,-0.32012994280248019,0,0,0,0,0,0,0,0,0,0,0,0,0,0,0,0,0,0
1,124,3028287496,1,2017987584,805309440,805309440,0,805309440,1,0,0,0,0,-0.14189705460416391,1.108102945395836,1.108102945395836,1.108102945395836,0,0,0,0,0,0,0,0,0,0,0,0,0,0,0,0,0,0
1,125,0,1,0,0,0,0,0,1,0,1,0,0,1.2998494764564761,0.54984947645647608,0.54984947645647608,0.54984947645647608,0,0,0,0,0,0,0,0,0,0,0,0,0,0,0,0,0,0
1,126,2685411345,0,956101607,672145409,537927681,0,537927681,0,0,1,0,0,-0.66104316885068692,-1.911043168850687,-1.911043168850687,1.2305494847391061,0,0,0,0,0,0,0,0,0,0,0,0,0,0,2.2204460492503131e-16,0,0,0
1,127,1049472,0,1160090010,98688,98688,0,98688,1,1,1,0,0,2.9764439761751662,1.3514439761751662,1.3514439761751662,1.3514439761751662,0,0,0,0,0,0,0,0,0,0,0,0,0,0,0,0,0,0
1,128,1174405632,0,2037626472,1359127040,1073914368,0,1073914368,0,0,1,0,0,0,0.375,0.375,0.375,0,0,0,0,0,0,0,0,0,0,0,0,0,0,0,0,0,0
1,129,0,1,0,0,0,0,0,1,1,1,0,0,-0.23374318086890142,-1.4837431808689014,-1.4837431808689014,-1.4837431808689014,0,0,0,0,0,0,0,0,0,0,0,0,0,0,2.2204460492503131e-16,0,0,0
1,130,76234848,0,1239582427,31621715,27426880,0,27426880,0,1,1,0,0,-1.3182420510168371,-0.44324205101683711,-0.44324205101683711,-0.44324205101683711,0,0,0,0,0,0,0,0,0,0,0,0,0,0,0,0,0,0
1,131,2048,1,1853652051,34867217,33556497,0,33556497,0,0,1,0,0,0.83298126667443173,-0.66701873332556827,-0.66701873332556827,-0.66701873332556827,0,0,0,0,0,0,0,0,0,0,0,0,0,0,1.1102230246251565e-16,0,0,0
1,132,17309952,1,2639541224,222306560,222306560,0,222306560,1,1,1,0,0,-0.06442683942555355,0.06057316057444645,0.06057316057444645,0.06057316057444645,0,0,0,0,0,0,0,0,0,0,0,0,0,0,0,0,0,0
1,133,51974296,1,2373735581,152572056,152572056,0,152572056,1,0,1,0,0,-1.3439974787410107,-2.5939974787410107,-2.5939974787410107,0.5475951748487824,0,0,0,0,0,0,0,0,0,0,0,0,0,0,0,0,0,0
1,134,0,0,0,0,0,0,0,0,0,1,0,0,-0.98279372324732905,-2.4827937232473292,-2.4827937232473292,0.65879893034246395,0,0,0,0,0,0,0,0,0,0,0,0,0,0,4.4408920985006262e-16,0,0,0
1,135,0,0,0,0,0,0,0,1,1,1,0,0,2.1815222911841055,1.6815222911841055,1.6815222911841055,-1.4600703624056877,0,0,0,0,0,0,0,0,0,0,0,0,0,0,0,0,0,0
1,136,537526466,0,3277552388,3238658820,3238658564,0,3238658564,0,0,1,0,0,1.313472611823808,2.938472611823808,2.938472611823808,-0.20312004176598508,0,0,0,0,0,0,0,0,0,0,0,0,0,0,0,0,0,0
1,137,134222088,1,115239597,68157448,67108872,0,67108872,1,1,1,0,0,-0.64350110879328437,-2.0185011087932843,-2.0185011087932843,1.1230915447965089,0,0,0,0,0,0,0,0,0,0,0,0,0,0,0,0,0,0
1,138,268435476,0,4195772733,3087149084,2550267932,0,2550267932,0,1,1,0,0,1.3045442776439713,0.9295442776439713,0.9295442776439713,0.9295442776439713,0,0,0,0,0,0,0,0,0,0,0,0,0,0,0,0,0,0
1,139,71680,1,3454534949,29884421,29884417,0,29884417,0,0,1,0,0,-0.91199029067742043,-1.5369902906774204,-1.5369902906774204,-1.5369902906774204,0,0,0,0,0,0,0,0,0,0,0,0,0,0,2.2204460492503131e-16,0,0,0
1,140,406849579,1,4102568728,268437512,268437512,0,268437512,1,1,1,0,0,-0.16514867741462683,1.4598513225853731,1.4598513225853731,1.4598513225853731,0,0,0,0,0,0,0,0,0,0,0,0,0,0,2.2204460492503131e-16,0,0,0
1,141,524292,1,1323187967,34078900,34078884,0,34078884,1,0,1,0,0,-0.48088728019533583,-1.6058872801953359,-1.6058872801953359,1.5357053733944572,0,0,0,0,0,0,0,0,0,0,0,0,0,0,2.2204460492503131e-16,0,0,0
1,142,538968192,0,2574815120,20481168,19431568,0,19431568,0,0,1,0,0,1.0516502125483738,2.926650212548374,2.926650212548374,-0.21494244104141913,0,0,0,0,0,0,0,0,0,0,0,0,0,0,0,0,0,0
1,143,0,0,0,0,0,0,0,1,1,1,0,0,2.5453935122923133,0.67039351229231325,0.67039351229231325,0.67039351229231325,0,0,0,0,0,0,0,0,0,0,0,0,0,0,0,0,0,0
1,144,805306666,0,2173663869,2165010536,2148020264,0,2148020264,0,0,1,0,0,1.0121970114513341,1.5121970114513341,1.5121970114513341,1.5121970114513341,0,0,0,0,0,0,0,0,0,0,0,0,0,0,0,0,0,0
1,145,369123328,1,68436334,68173824,67125248,0,67125248,1,1,1,1,1,,,,,2,1,,2,1,,2,1,,2,1,,2,1,,2,1,
1,146,0,0,0,0,0,0,0,0,1,1,2,2,,,,,2,2,,2,2,,2,2,,2,2,,2,2,,2,2,
1,147,25501828,1,1610550474,131399808,130351232,0,130351232,0,0,1,0,0,-3.1415926535897931,-4.8915926535897931,1.3915926535897931,1.3915926535897931,0,0,0,0,0,0,0,0,0,0,0,0,0,0,0,0,0,0
1,148,0,1,0,0,0,0,0,1,1,1,0,0,0.44872334401072111,1.948723344010721,1.948723344010721,-1.1928693095790721,0,0,0,0,0,0,0,0,0,0,0,0,0,0,4.4408920985006262e-16,0,0,0
1,149,0,1,0,0,0,0,0,1,0,1,0,0,-2.0672190801997785,-2.3172190801997785,-2.3172190801997785,0.8243735733900146,0,0,0,0,0,0,0,0,0,0,0,0,0,0,0,0,0,0
1,150,0,0,0,0,0,0,0,0,0,1,0,0,0.15264932839526515,0.65264932839526513,0.65264932839526513,0.65264932839526513,0,0,0,0,0,0,0,0,0,0,0,0,0,0,0,0,0,0
1,151,4096,0,4204922947,35651584,35651584,0,35651584,1,1,1,0,0,-0.78539816339744828,-1.7853981633974483,-1.7853981633974483,1.3561944901923448,0,0,0,0,0,0,0,0,0,0,0,0,0,0,0,0,0,0
1,152,0,0,0,0,0,0,0,0,0,1,0,0,0.86853939528588953,1.3685393952858895,1.3685393952858895,1.3685393952858895,0,0,0,0,0,0,0,0,0,0,0,0,0,0,0,0,0,0
2,0,0,0,0,0,0,0,0,0,0,0,1,1,,,,,2,1,,2,1,,2,1,,2,1,,2,1,,2,1,
2,1,33589761,1,55897735,33589761,33589761,0,33589761,1,1,1,0,0,1.5707963267948966,2.0707963267948966,2.0707963267948966,-1.0707963267948966,0,0,0,0,0,0,0,0,0,0,0,0,0,0,0,0,0,0
2,2,1140957184,0,3968757281,1140858880,1140858880,0,1140858880,0,1,1,0,0,0,1.75,1.75,-1.3915926535897931,0,0,0,0,0,0,0,0,0,0,0,0,0,0,0,0,0,0
2,3,8454272,0,871228627,12910784,8454336,0,8454336,1,0,1,0,0,1.0714496051147666,1.1964496051147666,1.1964496051147666,1.1964496051147666,0,0,0,0,0,0,0,0,0,0,0,0,0,0,0,0,0,0
2,4,0,1,0,0,0,0,0,1,1,1,0,5,0.60374933339743642,,,,2,5,,2,5,,2,5,,2,5,,2,5,,2,5,
2,5,2153775168,1,2959346103,2154037536,2153775136,0,2153775136,1,0,1,0,6,-1.2924966677897853,,,,2,6,,2,6,,2,6,,2,6,,2,6,,2,6,
2,6,262272,0,3343720628,17563776,262272,0,262272,0,0,1,0,7,-1.4994888620096063,,,,2,7,,2,7,,2,7,,2,7,,2,7,,2,7,
2,7,536938496,1,3290554226,67178304,67648,0,67648,0,1,1,0,0,-0.86853939528588953,0.63146060471411047,0.63146060471411047,0.63146060471411047,0,0,0,2,100,,0,0,0,0,0,0,0,0,0,0,0,0
2,8,0,0,0,0,0,0,0,0,0,1,0,0,-1.5083775167989393,0.24162248320106072,0.24162248320106072,0.24162248320106072,0,0,0,0,0,0,0,0,0,0,0,0,0,0,2.2204460492503131e-16,0,0,0
2,9,0,1,0,0,0,0,0,1,1,1,0,0,-2.485897027348257,-1.110897027348257,-1.110897027348257,-1.110897027348257,0,0,0,0,0,0,0,0,0,0,0,0,0,0,0,0,0,0
2,10,101318665,0,2000657617,1176436817,101318673,0,101318673,0,1,1,0,0,1.0516502125483738,2.301650212548374,2.301650212548374,-0.83994244104141913,0,0,0,0,0,0,0,0,0,0,0,0,0,0,4.4408920985006262e-16,0,0,0
2,11,33424,0,2413144708,2147582592,98944,0,98944,1,0,1,0,0,1.3045442776439713,1.3045442776439713,1.3045442776439713,1.3045442776439713,0,0,0,0,0,0,0,0,0,0,0,0,0,0,0,0,0,0
2,12,0,1,0,0,0,0,0,1,1,1,0,0,1.2870022175865687,2.0370022175865685,2.0370022175865685,-1.1045904360032246,0,0,0,0,0,0,0,0,0,0,0,0,0,0,0,0,0,0
2,13,1149239424,1,1308078029,1149239424,1149239424,0,1149239424,1,0,1,0,0,2.0552742558319199,2.6802742558319199,2.6802742558319199,-0.4613183977578732,0,0,0,0,0,0,0,0,0,0,0,0,0,0,0,0,0,0
2,14,268435464,0,904507720,812122120,807403528,0,807403528,0,0,1,0,0,0.11065722117389563,1.1106572211738956,1.1106572211738956,1.1106572211738956,0,0,0,0,0,0,0,0,0,0,0,0,0,0,2.2204460492503131e-16,0,0,0
2,15,0,1,0,0,0,0,0,0,1,1,0,0,-0.17670885607003661,1.5732911439299633,1.5732911439299633,-1.5683015096598298,0,0,0,0,0,0,0,0,0,0,0,0,0,0,2.2204460492503131e-16,0,0,4.4408920985006262e-16
2,16,50464320,0,3518487559,16915458,16911360,0,16911360,0,0,1,2,2,,,,,2,2,,2,2,,2,2,,2,2,,2,2,,2,2,
2,17,0,1,0,0,0,0,0,1,1,1,0,0,-3.0221637275714546,-3.0221637275714546,-3.0221637275714546,0.11942892601833854,0,0,0,0,0,0,0,0,0,0,0,0,0,0,0,0,0,0
2,18,524353,0,2766564055,2158231617,2147745857,0,2147745857,0,1,1,0,0,0.26916749278570046,-0.6058325072142996,-0.6058325072142996,-0.6058325072142996,0,0,0,0,0,0,0,0,0,0,0,0,0,0,1.1102230246251565e-16,0,0,0
2,19,8704,0,1954424458,8704,8704,0,8704,1,0,1,0,0,2.1815222911841055,0.80652229118410546,0.80652229118410546,0.80652229118410546,0,0,0,0,0,0,0,0,0,0,0,0,0,0,0,0,0,0
2,20,0,1,0,0,0,0,0,1,1,1,0,0,-1.2753554896511765,0.22464451034882349,0.22464451034882349,0.22464451034882349,0,0,0,0,0,0,0,0,0,0,0,0,0,0,1.1102230246251565e-16,0,0,0
2,21,268435536,1,957494298,805307410,805306386,0,805306386,1,0,1,0,0,-2.6011731533192091,-2.4761731533192091,-2.4761731533192091,0.66541950027058405,0,0,0,0,0,0,0,0,0,0,0,0,0,0,0,0,0,0
2,22,2151677952,0,3460382864,2285895680,2151677952,0,2151677952,0,0,1,0,0,0.28805544705062586,-0.33694455294937414,-0.33694455294937414,-0.33694455294937414,0,0,0,0,0,0,0,0,0,0,0,0,0,0,5.5511151231257827e-17,0,0,0
2,23,536940864,1,2082716655,872517998,536973646,0,536973646,0,1,1,0,0,-0.51554900745897903,-0.015549007458979025,-0.015549007458979025,-0.015549007458979025,0,0,0,0,0,0,0,0,0,0,0,0,0,0,9.7144514654701197e-17,0,0,0
2,24,8538112,0,2038955273,1082612744,8865792,0,8865792,0,0,1,0,0,-0.69133692876946196,-2.441336928769462,-2.441336928769462,0.70025572482033116,0,0,0,0,0,0,0,0,0,0,0,0,0,0,0,0,0,0
2,25,1073741824,1,1327618371,1073776640,1073741824,0,1073741824,1,1,1,0,0,-2.4275019549776351,-3.9275019549776351,2.3556833522019511,-0.78590930138784199,0,0,0,0,0,0,0,0,0,0,0,0,0,0,0,0,0,0
2,26,0,0,0,0,0,0,0,0,1,1,0,0,-0.11065722117389563,-1.9856572211738956,-1.9856572211738956,1.1559354324158975,0,0,0,0,0,0,0,0,0,0,0,0,0,0,2.2204460492503131e-16,0,0,0
2,27,0,0,0,0,0,0,0,1,0,1,0,0,-2.0472637462686034,-1.6722637462686034,-1.6722637462686034,1.4693289073211897,0,0,0,0,0,0,0,0,0,0,0,0,0,0,0,0,0,0
2,28,263296,1,2114447643,1946585345,395520,0,395520,1,1,1,0,0,0.099668652491162038,0.34966865249116202,0.34966865249116202,0.34966865249116202,0,0,0,0,0,0,0,0,0,0,0,0,0,0,5.5511151231257827e-17,0,0,0
2,29,0,1,0,0,0,0,0,1,0,1,1,1,,,,,2,1,,2,1,,2,1,,2,1,,2,1,,2,1,
2,30,2230272,0,589978685,19007536,2230320,0,2230320,0,0,1,2,2,,,,,2,2,,2,2,,2,2,,2,2,,2,2,,2,2,
2,31,0,1,0,0,0,0,0,0,0,0,0,0,-3.1415926535897931,-4.8915926535897931,1.3915926535897931,1.3915926535897931,0,0,0,0,0,0,0,0,0,0,0,0,0,0,0,0,0,0
2,32,1073752064,0,1645193378,1610622978,1610622978,0,1610622978,0,0,1,0,0,-1.1902899496825317,-0.19028994968253166,-0.19028994968253166,-0.19028994968253166,0,0,0,0,0,0,0,0,0,0,0,0,0,0,0,0,0,0
2,33,67637248,1,2260228829,101193728,67637248,0,67637248,1,1,1,0,0,0.58000277420768087,-0.91999722579231913,-0.91999722579231913,-0.91999722579231913,0,0,0,0,0,0,0,0,0,0,0,0,0,0,2.2204460492503131e-16,0,0,0
2,34,0,0,0,0,0,0,0,0,1,1,0,0,-0.59717665809267761,-0.34717665809267761,-0.34717665809267761,-0.34717665809267761,0,0,0,0,0,0,0,0,0,0,0,0,0,0,5.5511151231257827e-17,0,0,0
2,35,0,0,0,0,0,0,0,1,0,1,0,0,0.30805278102377642,0.55805278102377642,0.55805278102377642,0.55805278102377642,0,0,0,0,0,0,0,0,0,0,0,0,0,0,1.1102230246251565e-16,0,0,0
2,36,524288,1,1521915010,393216,393216,0,393216,1,1,1,0,0,-0.46364760900080609,-0.21364760900080609,-0.21364760900080609,-0.21364760900080609,0,0,0,0,0,0,0,0,0,0,0,0,0,0,2.7755575615628914e-17,0,0,0
2,37,0,1,0,0,0,0,0,1,0,1,0,0,-3.1415926535897931,-4.7665926535897931,1.5165926535897931,1.5165926535897931,0,0,0,0,0,0,0,0,0,0,0,0,0,0,0,0,0,0
2,38,67899392,0,646593828,67637280,67637248,0,67637248,0,0,1,0,0,1.4659193880646628,3.3409193880646626,-2.9422659191149236,0.19932673447486948,0,0,0,0,0,0,0,0,0,0,0,0,0,0,2.2204460492503131e-16,0,0,0
2,39,0,1,0,0,0,0,0,0,1,1,0,0,-1.9055331641117113,-3.405533164111711,2.8776521430678752,-0.26394051052191791,0,0,0,0,0,0,0,0,0,0,0,0,0,0,0,0,0,0
2,40,0,0,0,0,0,0,0,0,0,1,0,0,0.60005021340175357,-1.2749497865982464,-1.2749497865982464,-1.2749497865982464,0,0,0,0,0,0,0,0,0,0,0,0,0,0,2.2204460492503131e-16,0,0,0
2,41,4202496,1,913752334,4341760,4210688,0,4210688,1,1,1,0,0,2.5105132661184641,4.2605132661184637,-2.0226720410611225,1.1189206125286706,0,0,0,0,0,0,0,0,0,0,0,0,0,0,0,0,0,0
2,42,2148532226,0,3306273395,2148532290,2148532226,0,2148532226,0,1,1,0,0,0.84194160034226573,1.0919416003422657,1.0919416003422657,1.0919416003422657,0,0,0,0,0,0,0,0,0,0,0,0,0,0,2.2204460492503131e-16,0,0,0
2,43,2416189440,0,4045338177,2969874433,2416193536,0,2416193536,1,0,1,0,0,-0.81103357191912584,-0.06103357191912584,-0.06103357191912584,-0.06103357191912584,0,0,0,0,0,0,0,0,0,0,0,0,0,0,5.5511151231257827e-17,0,0,4.4408920985006262e-16
2,44,0,1,0,0,0,0,0,1,1,1,2,2,,,,,2,2,,2,2,,2,2,,2,2,,2,2,,2,2,
2,45,0,1,0,0,0,0,0,1,0,1,0,0,-0.75092906239794033,0.62407093760205967,0.62407093760205967,0.62407093760205967,0,0,0,0,0,0,0,0,0,0,0,0,0,0,0,0,0,0
2,46,277872898,0,366557126,298844482,282067202,0,282067202,0,0,1,0,0,-0.21109333322274654,-1.2110933332227465,-1.2110933332227465,-1.2110933332227465,0,0,0,0,0,0,0,0,0,0,0,0,0,0,0,0,0,0
2,47,536870912,1,1915355078,570432256,536877056,0,536877056,0,1,1,0,0,0.56931319110066192,1.1943131911006619,1.1943131911006619,1.1943131911006619,0,0,0,0,0,0,0,0,0,0,0,0,0,0,0,0,0,0
2,48,50364544,0,166849200,25215616,16810112,0,16810112,0,0,1,0,0,0.36397895650964407,-1.0110210434903559,-1.0110210434903559,-1.0110210434903559,0,0,0,0,0,0,0,0,0,0,0,0,0,0,0,0,0,0
2,49,64,1,2822915397,147520,64,0,64,1,1,1,0,0,0.49934672168013011,2.3743467216801299,2.3743467216801299,-0.76724593190966317,0,0,0,0,0,0,0,0,0,0,0,0,0,0,4.4408920985006262e-16,0,0,0
2,50,98824,0,1303297177,67145736,32776,0,32776,0,1,1,0,0,0.40489178628508338,-0.095108213714916623,-0.095108213714916623,-0.095108213714916623,0,0,0,0,0,0,0,0,0,0,0,0,0,0,1.1102230246251565e-16,0,0,0
2,51,65569,0,2001195879,557908001,65569,0,65569,1,0,1,0,0,2.9764439761751662,3.3514439761751662,-2.93174133100442,0.20985132258537309,0,0,0,0,0,0,0,0,0,0,0,0,0,0,0,0,0,0
2,52,0,1,0,0,0,0,0,1,1,1,0,0,-0.9467732738181398,-0.4467732738181398,-0.4467732738181398,-0.4467732738181398,0,0,0,0,0,0,0,0,0,0,0,0,0,0,0,0,0,0
2,53,0,1,0,0,0,0,0,1,0,1,0,0,2.5748634360662868,4.0748634360662868,-2.2083218711132995,0.93327078247649364,0,0,0,0,0,0,0,0,0,0,0,0,0,0,8.8817841970012523e-16,0,0,0
2,54,0,0,0,0,0,0,0,0,0,1,0,0,0.78539816339744828,2.2853981633974483,2.2853981633974483,-0.85619449019234484,0,0,0,0,0,0,0,0,0,0,0,0,0,0,0,0,0,0
2,55,8520192,1,4174853826,1351025154,8782336,0,8782336,0,1,1,0,0,-1.5707963267948966,-2.8207963267948966,-2.8207963267948966,0.32079632679489656,0,0,0,0,0,0,0,0,0,0,0,0,0,0,0,0,0,0
2,56,1077936128,0,1958758745,1077952768,1077936128,0,1077936128,0,0,1,0,0,0.52606641899676354,-1.2239335810032363,-1.2239335810032363,-1.2239335810032363,0,0,0,0,0,0,0,0,0,0,0,0,0,0,0,0,0,0
2,57,153256960,1,992646587,186811401,153256960,0,153256960,1,1,1,0,0,-0.21109333322274654,0.53890666677725352,0.53890666677725352,0.53890666677725352,0,0,0,0,0,0,0,0,0,0,0,0,0,0,0,0,0,4.4408920985006262e-16
2,58,268437504,0,309882064,268437632,268437504,0,268437504,0,1,1,1,1,,,,,2,1,,2,1,,2,1,,2,1,,2,1,,2,1,
2,59,8430208,0,2196624074,2155909760,8426112,0,8426112,1,0,1,0,0,1.5707963267948966,3.4457963267948966,-2.8373889803846897,0.30420367320510344,0,0,0,0,0,0,0,0,0,0,0,0,0,0,0,0,0,0
2,60,33555072,1,2810596246,595591824,587203200,0,587203200,1,1,1,0,0,0,-0.25,-0.25,-0.25,0,0,0,0,0,0,0,0,0,0,0,0,0,0,0,0,0,0
2,61,690030594,1,3036485806,606148642,606148610,0,606148610,1,0,1,0,0,-2.117585167684144,-0.24258516768414395,-0.24258516768414395,-0.24258516768414395,0,0,0,0,0,0,0,0,0,0,0,0,0,0,0,0,0,0
2,62,0,0,0,0,0,0,0,0,0,0,0,0,-1.2120256565243244,-1.5870256565243244,-1.5870256565243244,1.5545669970654687,0,0,0,0,0,0,0,0,0,0,0,0,0,0,0,0,0,0
2,63,268439888,1,2670410586,402657616,268439888,0,268439888,0,1,1,0,0,-0.46364760900080609,-0.71364760900080615,-0.71364760900080615,-0.71364760900080615,0,0,0,0,0,0,0,0,0,0,0,0,0,0,0,0,0,0
2,64,68419584,0,2176096161,1347584,1314816,0,1314816,0,0,1,0,0,-0.63650821578795103,-1.1365082157879511,-1.1365082157879511,-1.1365082157879511,0,0,0,0,0,0,0,0,0,0,0,0,0,0,0,0,0,0
2,65,0,1,0,0,0,0,0,1,1,1,0,0,2.0344439357957027,1.6594439357957027,1.6594439357957027,-1.4821487177940904,0,0,0,0,0,0,0,0,0,0,0,0,0,0,0,0,0,0
2,66,0,0,0,0,0,0,0,0,1,1,0,0,0.48447792903702319,1.3594779290370231,1.3594779290370231,1.3594779290370231,0,0,0,0,0,0,0,0,0,0,0,0,0,0,2.2204460492503131e-16,0,0,0
2,67,839516161,0,1459972167,302252035,302252033,0,302252033,1,0,1,0,0,2.1975392280059434,3.3225392280059434,-2.9606460791736429,0.18094657441615025,0,0,0,0,0,0,0,0,0,0,0,0,0,0,4.4408920985006262e-16,0,0,0
2,68,67108868,1,2203632039,20971524,20971524,0,20971524,1,1,1,0,0,-0.18998828791871572,-0.06498828791871572,-0.06498828791871572,-0.06498828791871572,0,0,0,0,0,0,0,0,0,0,0,0,0,0,0,0,0,0
2,69,8519808,1,620960466,131200,131200,0,131200,1,0,1,0,0,0.91794969569412233,1.9179496956941224,1.9179496956941224,-1.2236429578956707,0,0,0,0,0,0,0,0,0,0,0,0,0,0,0,0,0,0
2,70,274794504,0,957448497,806420528,805371952,0,805371952,0,0,1,0,0,0.87090345707565298,0.12090345707565298,0.12090345707565298,0.12090345707565298,0,0,0,0,0,0,0,0,0,0,0,0,0,0,1.1102230246251565e-16,0,0,0
2,71,0,1,0,0,0,0,0,0,1,1,0,0,0.31099828060554097,-0.31400171939445903,-0.31400171939445903,-0.31400171939445903,0,0,0,0,0,0,0,0,0,0,0,0,0,0,1.6653345369377348e-16,0,0,0
2,72,268965888,0,3541589523,285743120,268965888,0,268965888,0,0,1,0,0,0.27094685033842053,-0.85405314966157952,-0.85405314966157952,-0.85405314966157952,0,0,0,0,0,0,0,0,0,0,0,0,0,0,1.1102230246251565e-16,0,0,0
2,73,134217728,1,1228423315,135266320,134217728,0,134217728,1,1,1,0,0,1.2490457723982544,1.7490457723982544,1.7490457723982544,-1.3925468811915387,0,0,0,0,0,0,0,0,0,0,0,0,0,0,0,0,0,0
2,74,268500992,0,513825096,268437504,268437504,0,268437504,0,1,1,0,0,-0.39234014421551577,-2.0173401442155159,-2.0173401442155159,1.1242525093742772,0,0,0,0,0,0,0,0,0,0,0,0,0,0,0,0,0,0
2,75,0,0,0,0,0,0,0,1,0,1,0,0,1.7033478590915707,0.70334785909157072,0.70334785909157072,0.70334785909157072,0,0,0,0,0,0,0,0,0,0,0,0,0,0,0,0,0,0
2,76,1747190352,1,2259012088,69533776,2359376,0,2359376,1,1,1,0,0,0.46364760900080609,2.2136476090008061,2.2136476090008061,-0.92794504458898697,0,0,0,0,0,0,0,0,0,0,0,0,0,0,0,0,0,0
2,77,1312,1,984504225,33555744,33555744,0,33555744,1,0,1,0,0,2.5899376710612465,1.2149376710612465,1.2149376710612465,1.2149376710612465,0,0,0,0,0,0,0,0,0,0,0,0,0,0,0,0,0,0
2,78,2097168,0,146702365,3407896,2097168,0,2097168,0,0,1,0,0,-1.1441688336680205,0.60583116633197953,0.60583116633197953,0.60583116633197953,0,0,0,0,0,0,0,0,0,0,0,0,0,0,1.1102230246251565e-16,0,0,0
2,79,262208,1,3793767123,2112,64,0,64,0,1,1,0,0,2.9584818363273091,3.9584818363273091,-2.3247034708522771,0.81688918273751598,0,0,0,0,0,0,0,0,0,0,0,0,0,0,0,0,0,0
2,80,0,0,0,0,0,0,0,0,0,1,0,0,-0.90975315794420974,-2.28475315794421,-2.28475315794421,0.85683949564558315,0,0,0,0,0,0,0,0,0,0,0,0,0,0,4.4408920985006262e-16,0,0,0
2,81,0,1,0,0,0,0,0,1,1,1,0,0,1.1410340476982082,2.1410340476982084,2.1410340476982084,-1.0005586058915847,0,0,0,0,0,0,0,0,0,0,0,0,0,0,4.4408920985006262e-16,0,0,0
2,82,0,0,0,0,0,0,0,0,1,1,0,0,0.25255427577805956,0.002554275778059556,0.002554275778059556,0.002554275778059556,0,0,0,0,0,0,0,0,0,0,0,0,0,0,0,0,0,0
2,83,0,0,0,0,0,0,0,1,0,1,0,0,-1.3352513460740332,-1.9602513460740332,-1.9602513460740332,1.1813413075157599,0,0,0,0,0,0,0,0,0,0,0,0,0,0,0,0,0,0
2,84,16847128,1,1537571120,285290768,16847120,0,16847120,1,1,1,0,0,-1.2870022175865687,-1.4120022175865687,-1.4120022175865687,-1.4120022175865687,0,0,0,0,0,0,0,0,0,0,0,0,0,0,0,0,0,0
2,85,0,1,0,0,0,0,0,1,0,1,0,0,-0.8652281491096856,0.8847718508903144,0.8847718508903144,0.8847718508903144,0,0,0,0,0,0,0,0,0,0,0,0,0,0,1.1102230246251565e-16,0,0,0
2,86,0,0,0,0,0,0,0,0,0,1,0,0,0.80667154942150954,-0.81832845057849046,-0.81832845057849046,-0.81832845057849046,0,0,0,0,0,0,0,0,0,0,0,0,0,0,0,0,0,0
2,87,0,1,0,0,0,0,0,0,1,1,1,1,,,,,2,1,,2,1,,2,1,,2,1,,2,1,,2,1,
2,88,16949312,0,2382080238,17539136,16949312,0,16949312,0,0,1,2,2,,,,,2,2,,2,2,,2,2,,2,2,,2,2,,2,2,
2,89,0,1,0,0,0,0,0,1,1,1,0,0,-3.1415926535897931,-3.8915926535897931,2.3915926535897931,-0.75,0,0,0,0,0,0,0,0,0,0,0,0,0,0,0,0,0,0
2,90,35651620,0,2726658348,33620012,33554476,0,33554476,0,1,1,0,0,0.94405342558384975,0.44405342558384975,0.44405342558384975,0.44405342558384975,0,0,0,0,0,0,0,0,0,0,0,0,0,0,1.1102230246251565e-16,0,0,0
2,91,268959744,0,950689633,271056896,268959744,0,268959744,1,0,1,0,0,1.7782925532300993,0.40329255323009927,0.40329255323009927,0.40329255323009927,0,0,0,0,0,0,0,0,0,0,0,0,0,0,2.2204460492503131e-16,0,0,0
2,92,0,1,0,0,0,0,0,1,1,1,0,0,-0.10308160852270024,-0.22808160852270024,-0.22808160852270024,-0.22808160852270024,0,0,0,0,0,0,0,0,0,0,0,0,0,0,2.7755575615628914e-17,0,0,0
2,93,0,1,0,0,0,0,0,1,0,0,0,0,2.9764439761751662,1.3514439761751662,1.3514439761751662,1.3514439761751662,0,0,0,0,0,0,0,0,0,0,0,0,0,0,0,0,0,0
2,94,167807232,0,1241836908,167807232,167807232,0,167807232,0,0,1,0,0,1.1964627107873127,-0.0535372892126873,-0.0535372892126873,-0.0535372892126873,0,0,0,0,0,0,0,0,0,0,0,0,0,0,2.2204460492503131e-16,0,0,0
2,95,0,1,0,0,0,0,0,0,1,1,1,1,,,,,2,1,,2,1,,2,1,,2,1,,2,1,,2,1,
2,96,308733953,0,1002945825,315009025,315009025,0,315009025,0,0,1,0,0,-0.5880026035475675,-0.3380026035475675,-0.3380026035475675,-0.3380026035475675,0,0,0,0,0,0,0,0,0,0,0,0,0,0,5.5511151231257827e-17,0,0,0
2,97,536908296,1,751671021,671127052,536908296,0,536908296,1,1,1,0,0,-1.1071487177940904,-1.9821487177940904,-1.9821487177940904,1.1594439357957027,0,0,0,0,0,0,0,0,0,0,0,0,0,0,0,0,0,0
2,98,1,0,1238443945,1,1,0,1,0,1,1,0,0,-0.73543976767550556,1.1395602323244944,1.1395602323244944,1.1395602323244944,0,0,0,0,0,0,0,0,0,0,0,0,0,0,2.2204460492503131e-16,0,0,0
2,99,64,0,4065692025,268435521,64,0,64,1,0,1,0,0,0.96525166318992661,1.0902516631899266,1.0902516631899266,1.0902516631899266,0,0,0,0,0,0,0,0,0,0,0,0,0,0,2.2204460492503131e-16,0,0,0
2,100,1124868354,1,2094643974,1275605250,1074274562,0,1074274562,1,1,1,0,0,1.237552025683224,1.862552025683224,1.862552025683224,-1.2790406279065691,0,0,0,0,0,0,0,0,0,0,0,0,0,0,4.4408920985006262e-16,0,0,0
2,101,0,1,0,0,0,0,0,1,0,1,0,5,-1.7681918866447774,,,,2,5,,2,5,,2,5,,2,5,,2,5,,2,5,
2,102,38011200,0,2250008919,33816896,33816896,0,33816896,0,0,1,0,6,1.0191413442663497,,,,2,6,,2,6,,2,6,,2,6,,2,6,,2,6,
2,103,0,1,0,0,0,0,0,0,1,1,0,7,-0.033320995878247196,,,,2,7,,2,7,,2,7,,2,7,,2,7,,2,7,
2,104,0,0,0,0,0,0,0,0,0,1,0,0,0.32175055439664219,0.19675055439664219,0.19675055439664219,0.19675055439664219,0,0,0,2,100,,0,0,0,0,0,0,0,0,5.5511151231257827e-17,0,0,0
2,105,33816594,1,1333168276,50726932,33947668,1,0,1,1,1,0,0,0.15991312315821926,0.15991312315821926,0.15991312315821926,0.15991312315821926,0,0,0,0,0,0,0,0,0,0,0,0,0,0,0,0,0,0
2,106,2150367232,0,3381304933,2156529760,2156396544,0,2156396544,0,1,1,0,0,0.91510070055336046,0.040100700553360458,0.040100700553360458,0.040100700553360458,0,0,0,0,0,0,0,0,0,0,0,0,0,0,0,0,0,0
2,107,0,0,0,0,0,0,0,1,0,1,0,0,1.2120256565243244,2.3370256565243244,2.3370256565243244,-0.80456699706546875,0,0,0,0,0,0,0,0,0,0,0,0,0,0,0,0,0,0
2,108,16908292,1,2446773822,26345476,17956868,0,17956868,1,1,1,0,0,1.0943289073211899,0.84432890732118993,0.84432890732118993,0.84432890732118993,0,0,0,0,0,0,0,0,0,0,0,0,0,0,1.1102230246251565e-16,0,0,0
2,109,0,1,0,0,0,0,0,1,0,1,0,0,-0.96007036240568799,-2.2100703624056881,-2.2100703624056881,0.93152229118410501,0,0,0,0,0,0,0,0,0,0,0,0,0,0,4.4408920985006262e-16,0,0,4.4408920985006262e-16
2,110,0,0,0,0,0,0,0,0,0,1,0,0,-1.1659045405098132,-2.0409045405098132,-2.0409045405098132,1.1006881130799799,0,0,0,0,0,0,0,0,0,0,0,0,0,0,0,0,0,0
2,111,0,1,0,0,0,0,0,0,1,1,0,0,-2.3864882501111202,-3.8864882501111202,2.396697057068466,-0.74489559652132709,0,0,0,0,0,0,0,0,0,0,0,0,0,0,0,0,0,4.4408920985006262e-16
2,112,0,0,0,0,0,0,0,0,0,1,0,0,-0.63107938747132919,-1.8810793874713292,-1.8810793874713292,1.2605132661184639,0,0,0,0,0,0,0,0,0,0,0,0,0,0,0,0,0,0
2,113,0,1,0,0,0,0,0,1,1,1,0,0,-1.7681918866447774,-3.5181918866447774,2.7649934205348088,-0.37659923305498433,0,0,0,0,0,0,0,0,0,0,0,0,0,0,4.4408920985006262e-16,0,0,0
2,114,0,0,0,0,0,0,0,0,1,1,0,0,0.07130746478529032,1.6963074647852903,1.6963074647852903,-1.4452851888045029,0,0,0,0,0,0,0,0,0,0,0,0,0,0,2.2204460492503131e-16,0,0,0
2,115,0,0,0,0,0,0,0,1,0,1,0,0,2.1437624696836028,0.64376246968360284,0.64376246968360284,0.64376246968360284,0,0,0,0,0,0,0,0,0,0,0,0,0,0,0,0,0,0
2,116,0,1,0,0,0,0,0,1,1,1,1,1,,,,,2,1,,2,1,,2,1,,2,1,,2,1,,2,1,
2,117,19152,1,2517100689,335595664,67127440,0,67127440,1,0,1,0,0,1.5707963267948966,1.6957963267948966,1.6957963267948966,-1.4457963267948966,0,0,0,0,0,0,0,0,0,0,0,0,0,0,0,0,0,0
2,118,16777825,0,2343910177,50332193,50332193,0,50332193,0,0,1,0,0,0,1.5,1.5,1.5,0,0,0,0,0,0,0,0,0,0,0,0,0,0,0,0,0,0
2,119,138481664,1,641044934,539070464,2199552,0,2199552,0,1,1,0,0,-2.3561944901923448,-2.9811944901923448,-2.9811944901923448,0.16039816339744828,0,0,0,0,0,0,0,0,0,0,0,0,0,0,0,0,0,0
2,120,1835072,0,1722797123,966720,966720,0,966720,0,0,1,0,0,0.17985349979247828,-1.4451465002075217,-1.4451465002075217,-1.4451465002075217,0,0,0,0,0,0,0,0,0,0,0,0,0,0,2.2204460492503131e-16,0,0,0
2,121,1073742080,1,3400632236,3355510016,3355443456,0,3355443456,1,1,1,0,0,1.4559197213779975,1.3309197213779975,1.3309197213779975,1.3309197213779975,0,0,0,0,0,0,0,0,0,0,0,0,0,0,0,0,0,0
2,122,590848,0,328291572,66560,66560,0,66560,0,1,1,0,0,0.41450687458478597,0.53950687458478597,0.53950687458478597,0.53950687458478597,0,0,0,0,0,0,0,0,0,0,0,0,0,0,0,0,0,0
2,123,0,0,0,0,0,0,0,1,0,1,0,0,1.1964627107873127,2.8214627107873129,2.8214627107873129,-0.32012994280248019,0,0,0,0,0,0,0,0,0,0,0,0,0,0,0,0,0,0
2,124,805309440,1,856166932,805306880,805306880,0,805306880,1,0,0,0,0,-0.14189705460416391,1.108102945395836,1.108102945395836,1.108102945395836,0,0,0,0,0,0,0,0,0,0,0,0,0,0,0,0,0,0
2,125,0,1,0,0,0,0,0,1,0,1,0,0,1.2998494764564761,0.54984947645647608,0.54984947645647608,0.54984947645647608,0,0,0,0,0,0,0,0,0,0,0,0,0,0,0,0,0,0
2,126,537927681,0,2029843407,672145409,537927681,0,537927681,0,0,1,0,0,-0.66104316885068692,-1.911043168850687,-1.911043168850687,1.2305494847391061,0,0,0,0,0,0,0,0,0,0,0,0,0,0,2.2204460492503131e-16,0,0,0
2,127,98688,1,1158567066,656512,131200,0,131200,0,1,1,0,0,2.9764439761751662,1.3514439761751662,1.3514439761751662,1.3514439761751662,0,0,0,0,0,0,0,0,0,0,0,0,0,0,0,0,0,0
2,128,1073914368,0,1987552872,1443275264,1174839808,0,1174839808,0,0,1,0,0,0,0.375,0.375,0.375,0,0,0,0,0,0,0,0,0,0,0,0,0,0,0,0,0,0
2,129,0,1,0,0,0,0,0,1,1,1,0,0,-0.23374318086890142,-1.4837431808689014,-1.4837431808689014,-1.4837431808689014,0,0,0,0,0,0,0,0,0,0,0,0,0,0,2.2204460492503131e-16,0,0,0
2,130,27426880,0,1093002891,18997763,18997248,0,18997248,0,1,1,0,0,-1.3182420510168371,-0.44324205101683711,-0.44324205101683711,-0.44324205101683711,0,0,0,0,0,0,0,0,0,0,0,0,0,0,0,0,0,0
2,131,33556497,0,1803320441,34867249,33556497,0,33556497,1,0,1,0,0,0.83298126667443173,-0.66701873332556827,-0.66701873332556827,-0.66701873332556827,0,0,0,0,0,0,0,0,0,0,0,0,0,0,1.1102230246251565e-16,0,0,0
2,132,222306560,1,2212508648,54534400,20979968,0,20979968,1,1,1,0,0,-0.06442683942555355,0.06057316057444645,0.06057316057444645,0.06057316057444645,0,0,0,0,0,0,0,0,0,0,0,0,0,0,0,0,0,0
2,133,152572056,1,2625557661,135794840,135794840,0,135794840,1,0,1,0,0,-1.3439974787410107,-2.5939974787410107,-2.5939974787410107,0.5475951748487824,0,0,0,0,0,0,0,0,0,0,0,0,0,0,0,0,0,0
2,134,0,0,0,0,0,0,0,0,0,1,0,0,-0.98279372324732905,-2.4827937232473292,-2.4827937232473292,0.65879893034246395,0,0,0,0,0,0,0,0,0,0,0,0,0,0,4.4408920985006262e-16,0,0,0
2,135,0,1,0,0,0,0,0,0,1,1,0,0,2.1815222911841055,1.6815222911841055,1.6815222911841055,-1.4600703624056877,0,0,0,0,0,0,0,0,0,0,0,0,0,0,0,0,0,0
2,136,3238658564,0,1910210539,1904870346,1628046026,0,1628046026,0,0,1,0,0,1.313472611823808,2.938472611823808,2.938472611823808,-0.20312004176598508,0,0,0,0,0,0,0,0,0,0,0,0,0,0,0,0,0,0
2,137,67108872,1,417218605,403701768,402653192,0,402653192,1,1,1,0,0,-0.64350110879328437,-2.0185011087932843,-2.0185011087932843,1.1230915447965089,0,0,0,0,0,0,0,0,0,0,0,0,0,0,0,0,0,0
2,138,2550267932,0,2920507689,2885822472,2348941320,0,2348941320,0,1,1,0,0,1.3045442776439713,0.9295442776439713,0.9295442776439713,0.9295442776439713,0,0,0,0,0,0,0,0,0,0,0,0,0,0,0,0,0,0
2,139,29884417,0,3466508583,9967621,8919041,0,8919041,1,0,1,0,0,-0.91199029067742043,-1.5369902906774204,-1.5369902906774204,-1.5369902906774204,0,0,0,0,0,0,0,0,0,0,0,0,0,0,2.2204460492503131e-16,0,0,0
2,140,268437512,1,3760733007,2059,2059,0,2059,1,1,1,0,0,-0.16514867741462683,1.4598513225853731,1.4598513225853731,1.4598513225853731,0,0,0,0,0,0,0,0,0,0,0,0,0,0,2.2204460492503131e-16,0,0,0
2,141,34078884,1,1272856559,34078884,34078884,0,34078884,1,0,1,0,0,-0.48088728019533583,-1.6058872801953359,-1.6058872801953359,1.5357053733944572,0,0,0,0,0,0,0,0,0,0,0,0,0,0,2.2204460492503131e-16,0,0,0
2,142,19431568,0,3421360056,19711152,19693744,1,0,0,0,1,0,0,1.0516502125483738,2.926650212548374,2.926650212548374,-0.21494244104141913,0,0,0,0,0,0,0,0,0,0,0,0,0,0,0,0,0,0
2,143,0,1,0,0,0,0,0,0,1,1,0,0,2.5453935122923133,0.67039351229231325,0.67039351229231325,0.67039351229231325,0,0,0,0,0,0,0,0,0,0,0,0,0,0,0,0,0,0
2,144,2148020264,0,3113943288,3104505960,3087532072,0,3087532072,0,0,1,0,0,1.0121970114513341,1.5121970114513341,1.5121970114513341,1.5121970114513341,0,0,0,0,0,0,0,0,0,0,0,0,0,0,0,0,0,0
2,145,67125248,1,689181038,1048576,0,0,0,1,1,1,1,1,,,,,2,1,,2,1,,2,1,,2,1,,2,1,,2,1,
2,146,0,0,0,0,0,0,0,0,1,1,2,2,,,,,2,2,,2,2,,2,2,,2,2,,2,2,,2,2,
2,147,130351232,0,1348426944,5574784,4526208,0,4526208,1,0,1,0,0,-3.1415926535897931,-4.8915926535897931,1.3915926535897931,1.3915926535897931,0,0,0,0,0,0,0,0,0,0,0,0,0,0,0,0,0,0
2,148,0,1,0,0,0,0,0,1,1,1,0,0,0.44872334401072111,1.948723344010721,1.948723344010721,-1.1928693095790721,0,0,0,0,0,0,0,0,0,0,0,0,0,0,4.4408920985006262e-16,0,0,0
2,149,0,1,0,0,0,0,0,1,0,1,0,0,-2.0672190801997785,-2.3172190801997785,-2.3172190801997785,0.8243735733900146,0,0,0,0,0,0,0,0,0,0,0,0,0,0,0,0,0,0
2,150,0,0,0,0,0,0,0,0,0,1,0,0,0.15264932839526515,0.65264932839526513,0.65264932839526513,0.65264932839526513,0,0,0,0,0,0,0,0,0,0,0,0,0,0,0,0,0,0
2,151,35651584,1,4294058051,35659776,35651584,0,35651584,0,1,1,0,0,-0.78539816339744828,-1.7853981633974483,-1.7853981633974483,1.3561944901923448,0,0,0,0,0,0,0,0,0,0,0,0,0,0,0,0,0,0
2,152,0,0,0,0,0,0,0,0,0,1,0,0,0.86853939528588953,1.3685393952858895,1.3685393952858895,1.3685393952858895,0,0,0,0,0,0,0,0,0,0,0,0,0,0,0,0,0,0
