epoch_id,channel,residual_m
0,0,0
0,1,0
0,2,3.7252902984619141e-09
0,3,3.7252902984619141e-09
0,4,3.7252902984619141e-09
0,5,7.4505805969238281e-09
0,6,3.7252902984619141e-09
0,7,3.7252902984619141e-09
0,8,3.7252902984619141e-09
0,9,0
0,10,3.7252902984619141e-09
0,11,0
1,0,0
1,1,0
1,2,-3.7252902984619141e-09
1,3,-3.7252902984619141e-09
1,4,0
1,5,0
1,6,0
1,7,0
1,8,-3.7252902984619141e-09
1,9,0
1,10,-7.4505805969238281e-09
1,11,0
2,0,3.7252902984619141e-09
2,1,0
2,2,0
2,3,-3.7252902984619141e-09
2,4,0
2,5,-3.7252902984619141e-09
2,6,0
2,7,0
2,8,-3.7252902984619141e-09
2,9,-3.7252902984619141e-09
2,10,0
2,11,-3.7252902984619141e-09
3,0,3.7252902984619141e-09
3,1,0
3,2,-3.7252902984619141e-09
3,3,0
3,4,3.7252902984619141e-09
3,5,0
3,6,3.7252902984619141e-09
3,7,0
3,8,0
3,9,0
3,10,3.7252902984619141e-09
3,11,0
4,0,0
4,1,0
4,2,-3.7252902984619141e-09
4,3,-3.7252902984619141e-09
4,4,-3.7252902984619141e-09
4,5,-3.7252902984619141e-09
4,6,0
4,7,-3.7252902984619141e-09
4,8,-3.7252902984619141e-09
4,9,-3.7252902984619141e-09
4,10,0
4,11,0
5,0,0
5,1,0
5,2,-3.7252902984619141e-09
5,3,0
5,4,-3.7252902984619141e-09
5,5,-3.7252902984619141e-09
5,6,0
5,7,0
5,8,0
5,9,3.7252902984619141e-09
5,10,0
5,11,0
6,0,3.7252902984619141e-09
6,1,0
6,2,0
6,3,0
6,4,3.7252902984619141e-09
6,5,3.7252902984619141e-09
6,6,3.7252902984619141e-09
6,7,0
6,8,0
6,9,0
6,10,0
6,11,0
7,0,0
7,1,3.7252902984619141e-09
7,2,3.7252902984619141e-09
7,3,0
7,4,0
7,5,-3.7252902984619141e-09
7,6,-3.7252902984619141e-09
7,7,3.7252902984619141e-09
7,8,0
7,9,0
7,10,3.7252902984619141e-09
7,11,3.7252902984619141e-09
8,0,0
8,1,0
8,2,0
8,3,0
8,4,3.7252902984619141e-09
8,5,7.4505805969238281e-09
8,6,0
8,7,0
8,8,3.7252902984619141e-09
8,9,0
8,10,0
8,11,3.7252902984619141e-09
9,0,0
9,1,0
9,2,0
9,3,0
9,4,-3.7252902984619141e-09
9,5,0
9,6,-3.7252902984619141e-09
9,7,-3.7252902984619141e-09
9,8,0
9,9,-3.7252902984619141e-09
9,10,-3.7252902984619141e-09
9,11,0
10,0,-3.7252902984619141e-09
10,1,-3.7252902984619141e-09
10,2,-3.7252902984619141e-09
10,3,0
10,4,0
10,5,0
10,6,0
10,7,-3.7252902984619141e-09
10,8,0
10,9,-3.7252902984619141e-09
10,10,0
10,11,0
11,0,0
11,1,0
11,2,0
11,3,0
11,4,7.4505805969238281e-09
11,5,0
11,6,0
11,7,0
11,8,-3.7252902984619141e-09
11,9,0
11,10,-3.7252902984619141e-09
11,11,0
12,0,0
12,1,-3.7252902984619141e-09
12,2,0
12,3,3.7252902984619141e-09
12,4,-3.7252902984619141e-09
12,5,0
12,6,3.7252902984619141e-09
12,7,3.7252902984619141e-09
12,8,7.4505805969238281e-09
12,9,3.7252902984619141e-09
12,10,0
12,11,3.7252902984619141e-09
13,0,0
13,1,0
13,2,0
13,3,0
13,4,3.7252902984619141e-09
13,5,3.7252902984619141e-09
13,6,-3.7252902984619141e-09
13,7,0
13,8,0
13,9,0
13,10,0
13,11,0
14,0,0
14,1,0
14,2,-3.7252902984619141e-09
14,3,0
14,4,0
14,5,-3.7252902984619141e-09
14,6,-3.7252902984619141e-09
14,7,-3.7252902984619141e-09
14,8,3.7252902984619141e-09
14,9,0
14,10,0
14,11,0
15,0,0
15,1,0
15,2,0
15,3,0
15,4,3.7252902984619141e-09
15,5,3.7252902984619141e-09
15,6,3.7252902984619141e-09
15,7,3.7252902984619141e-09
15,8,3.7252902984619141e-09
15,9,0
15,10,-3.7252902984619141e-09
15,11,3.7252902984619141e-09
16,0,0
16,1,3.7252902984619141e-09
16,2,3.7252902984619141e-09
16,3,0
16,4,0
16,5,0
16,6,7.4505805969238281e-09
16,7,0
16,8,7.4505805969238281e-09
16,9,3.7252902984619141e-09
16,10,0
16,11,7.4505805969238281e-09
17,0,0
17,1,0
17,2,0
17,3,0
17,4,0
17,5,-7.4505805969238281e-09
17,6,0
17,7,-3.7252902984619141e-09
17,8,-3.7252902984619141e-09
17,9,0
17,10,-3.7252902984619141e-09
17,11,-3.7252902984619141e-09
18,0,-3.7252902984619141e-09
18,1,0
18,2,-3.7252902984619141e-09
18,3,0
18,4,0
18,5,-3.7252902984619141e-09
18,6,0
18,7,-3.7252902984619141e-09
18,8,-3.7252902984619141e-09
18,9,-3.7252902984619141e-09
18,10,0
18,11,0
19,0,0
19,1,0
19,2,0
19,3,0
19,4,-3.7252902984619141e-09
19,5,0
19,6,0
19,7,0
19,8,0
19,9,3.7252902984619141e-09
19,10,0
19,11,0
20,0,3.7252902984619141e-09
20,1,3.7252902984619141e-09
20,2,3.7252902984619141e-09
20,3,3.7252902984619141e-09
20,4,3.7252902984619141e-09
20,5,3.7252902984619141e-09
20,6,0
20,7,0
20,8,-3.7252902984619141e-09
20,9,0
20,10,3.7252902984619141e-09
20,11,3.7252902984619141e-09
21,0,3.7252902984619141e-09
21,1,3.7252902984619141e-09
21,2,3.7252902984619141e-09
21,3,0
21,4,3.7252902984619141e-09
21,5,3.7252902984619141e-09
21,6,3.7252902984619141e-09
21,7,3.7252902984619141e-09
21,8,-3.7252902984619141e-09
21,9,0
21,10,0
21,11,3.7252902984619141e-09
22,0,0
22,1,0
22,2,3.7252902984619141e-09
22,3,7.4505805969238281e-09
22,4,3.7252902984619141e-09
22,5,3.7252902984619141e-09
22,6,3.7252902984619141e-09
22,7,7.4505805969238281e-09
22,8,0
22,9,3.7252902984619141e-09
22,10,3.7252902984619141e-09
22,11,7.4505805969238281e-09
23,0,0
23,1,0
23,2,0
23,3,-3.7252902984619141e-09
23,4,0
23,5,0
23,6,0
23,7,0
23,8,-3.7252902984619141e-09
23,9,0
23,10,-3.7252902984619141e-09
23,11,0
24,0,0
24,1,0
24,2,-3.7252902984619141e-09
24,3,0
24,4,-3.7252902984619141e-09
24,5,0
24,6,0
24,7,0
24,8,0
24,9,0
24,10,-3.7252902984619141e-09
24,11,-3.7252902984619141e-09
25,0,0
25,1,0
25,2,3.7252902984619141e-09
25,3,0
25,4,-3.7252902984619141e-09
25,5,3.7252902984619141e-09
25,6,0
25,7,3.7252902984619141e-09
25,8,3.7252902984619141e-09
25,9,3.7252902984619141e-09
25,10,-3.7252902984619141e-09
25,11,0
26,0,3.7252902984619141e-09
26,1,3.7252902984619141e-09
26,2,3.7252902984619141e-09
26,3,0
26,4,3.7252902984619141e-09
26,5,0
26,6,0
26,7,-3.7252902984619141e-09
26,8,0
26,9,3.7252902984619141e-09
26,10,3.7252902984619141e-09
26,11,0
27,0,0
27,1,3.7252902984619141e-09
27,2,3.7252902984619141e-09
27,3,3.7252902984619141e-09
27,4,3.7252902984619141e-09
27,5,3.7252902984619141e-09
27,6,7.4505805969238281e-09
27,7,0
27,8,3.7252902984619141e-09
27,9,3.7252902984619141e-09
27,10,3.7252902984619141e-09
27,11,7.4505805969238281e-09
28,0,-3.7252902984619141e-09
28,1,0
28,2,0
28,3,0
28,4,7.4505805969238281e-09
28,5,0
28,6,3.7252902984619141e-09
28,7,3.7252902984619141e-09
28,8,0
28,9,3.7252902984619141e-09
28,10,0
28,11,0
29,0,0
29,1,3.7252902984619141e-09
29,2,3.7252902984619141e-09
29,3,3.7252902984619141e-09
29,4,0
29,5,7.4505805969238281e-09
29,6,3.7252902984619141e-09
29,7,3.7252902984619141e-09
29,8,0
29,9,3.7252902984619141e-09
29,10,0
29,11,3.7252902984619141e-09
30,0,-3.7252902984619141e-09
30,1,-7.4505805969238281e-09
30,2,-3.7252902984619141e-09
30,3,-3.7252902984619141e-09
30,4,-3.7252902984619141e-09
30,5,0
30,6,0
30,7,-3.7252902984619141e-09
30,8,0
30,9,0
30,10,-3.7252902984619141e-09
30,11,-3.7252902984619141e-09
31,0,0
31,1,3.7252902984619141e-09
31,2,0
31,3,0
31,4,3.7252902984619141e-09
31,5,0
31,6,0
31,7,3.7252902984619141e-09
31,8,3.7252902984619141e-09
31,9,3.7252902984619141e-09
31,10,7.4505805969238281e-09
31,11,7.4505805969238281e-09
32,0,3.7252902984619141e-09
32,1,0
32,2,3.7252902984619141e-09
32,3,0
32,4,0
32,5,0
32,6,0
32,7,0
32,8,0
32,9,0
32,10,3.7252902984619141e-09
32,11,7.4505805969238281e-09
33,0,0
33,1,3.7252902984619141e-09
33,2,0
33,3,0
33,4,0
33,5,-3.7252902984619141e-09
33,6,-3.7252902984619141e-09
33,7,-3.7252902984619141e-09
33,8,0
33,9,0
33,10,0
33,11,0
34,0,-3.7252902984619141e-09
34,1,-7.4505805969238281e-09
34,2,-3.7252902984619141e-09
34,3,0
34,4,-3.7252902984619141e-09
34,5,0
34,6,-3.7252902984619141e-09
34,7,0
34,8,-3.7252902984619141e-09
34,9,-3.7252902984619141e-09
34,10,-3.7252902984619141e-09
34,11,-3.7252902984619141e-09
35,0,0
35,1,0
35,2,0
35,3,0
35,4,3.7252902984619141e-09
35,5,3.7252902984619141e-09
35,6,0
35,7,3.7252902984619141e-09
35,8,7.4505805969238281e-09
35,9,0
35,10,3.7252902984619141e-09
35,11,3.7252902984619141e-09
36,0,0
36,1,0
36,2,0
36,3,0
36,4,3.7252902984619141e-09
36,5,0
36,6,-3.7252902984619141e-09
36,7,-3.7252902984619141e-09
36,8,0
36,9,-3.7252902984619141e-09
36,10,0
36,11,0
37,0,3.7252902984619141e-09
37,1,3.7252902984619141e-09
37,2,0
37,3,0
37,4,0
37,5,0
37,6,0
37,7,0
37,8,0
37,9,3.7252902984619141e-09
37,10,0
37,11,3.7252902984619141e-09
38,0,0
38,1,0
38,2,0
38,3,0
38,4,-3.7252902984619141e-09
38,5,0
38,6,3.7252902984619141e-09
38,7,3.7252902984619141e-09
38,8,0
38,9,0
38,10,0
38,11,-3.7252902984619141e-09
39,0,0
39,1,-3.7252902984619141e-09
39,2,3.7252902984619141e-09
39,3,0
39,4,-3.7252902984619141e-09
39,5,3.7252902984619141e-09
39,6,3.7252902984619141e-09
39,7,0
39,8,-3.7252902984619141e-09
39,9,0
39,10,0
39,11,0
40,0,-3.7252902984619141e-09
40,1,0
40,2,3.7252902984619141e-09
40,3,-3.7252902984619141e-09
40,4,0
40,5,-3.7252902984619141e-09
40,6,-3.7252902984619141e-09
40,7,-3.7252902984619141e-09
40,8,-7.4505805969238281e-09
40,9,-3.7252902984619141e-09
40,10,0
40,11,0
41,0,0
41,1,0
41,2,3.7252902984619141e-09
41,3,3.7252902984619141e-09
41,4,-3.7252902984619141e-09
41,5,0
41,6,0
41,7,3.7252902984619141e-09
41,8,7.4505805969238281e-09
41,9,0
41,10,0
41,11,7.4505805969238281e-09
42,0,0
42,1,-3.7252902984619141e-09
42,2,0
42,3,0
42,4,-3.7252902984619141e-09
42,5,-3.7252902984619141e-09
42,6,0
42,7,0
42,8,0
42,9,0
42,10,-3.7252902984619141e-09
42,11,-3.7252902984619141e-09
43,0,0
43,1,0
43,2,0
43,3,0
43,4,0
43,5,0
43,6,0
43,7,0
43,8,0
43,9,0
43,10,3.7252902984619141e-09
43,11,0
44,0,0
44,1,-3.7252902984619141e-09
44,2,0
44,3,0
44,4,-3.7252902984619141e-09
44,5,0
44,6,0
44,7,3.7252902984619141e-09
44,8,0
44,9,0
44,10,0
44,11,3.7252902984619141e-09
45,0,0
45,1,3.7252902984619141e-09
45,2,0
45,3,0
45,4,0
45,5,3.7252902984619141e-09
45,6,0
45,7,-3.7252902984619141e-09
45,8,0
45,9,3.7252902984619141e-09
45,10,-3.7252902984619141e-09
45,11,-3.7252902984619141e-09
46,0,0
46,1,0
46,2,0
46,3,0
46,4,0
46,5,-3.7252902984619141e-09
46,6,0
46,7,0
46,8,0
46,9,0
46,10,0
46,11,0
47,0,0
47,1,-3.7252902984619141e-09
47,2,0
47,3,0
47,4,-3.7252902984619141e-09
47,5,3.7252902984619141e-09
47,6,3.7252902984619141e-09
47,7,3.7252902984619141e-09
47,8,0
47,9,3.7252902984619141e-09
47,10,0
47,11,0
48,0,0
48,1,0
48,2,0
48,3,3.7252902984619141e-09
48,4,3.7252902984619141e-09
48,5,0
48,6,0
48,7,0
48,8,-3.7252902984619141e-09
48,9,0
48,10,3.7252902984619141e-09
48,11,0
49,0,3.7252902984619141e-09
49,1,0
49,2,-3.7252902984619141e-09
49,3,0
49,4,0
49,5,0
49,6,0
49,7,3.7252902984619141e-09
49,8,0
49,9,0
49,10,0
49,11,-3.7252902984619141e-09
50,0,3.7252902984619141e-09
50,1,3.7252902984619141e-09
50,2,-3.7252902984619141e-09
50,3,0
50,4,0
50,5,0
50,6,0
50,7,0
50,8,7.4505805969238281e-09
50,9,3.7252902984619141e-09
50,10,3.7252902984619141e-09
50,11,0
51,0,-3.7252902984619141e-09
51,1,0
51,2,0
51,3,0
51,4,-3.7252902984619141e-09
51,5,-3.7252902984619141e-09
51,6,-3.7252902984619141e-09
51,7,-3.7252902984619141e-09
51,8,-3.7252902984619141e-09
51,9,-3.7252902984619141e-09
51,10,0
51,11,0
52,0,3.7252902984619141e-09
52,1,3.7252902984619141e-09
52,2,3.7252902984619141e-09
52,3,0
52,4,0
52,5,-3.7252902984619141e-09
52,6,0
52,7,3.7252902984619141e-09
52,8,3.7252902984619141e-09
52,9,7.4505805969238281e-09
52,10,3.7252902984619141e-09
52,11,3.7252902984619141e-09
53,0,-3.7252902984619141e-09
53,1,-3.7252902984619141e-09
53,2,-3.7252902984619141e-09
53,3,3.7252902984619141e-09
53,4,3.7252902984619141e-09
53,5,3.7252902984619141e-09
53,6,-3.7252902984619141e-09
53,7,-3.7252902984619141e-09
53,8,3.7252902984619141e-09
53,9,3.7252902984619141e-09
53,10,-3.7252902984619141e-09
53,11,-3.7252902984619141e-09
54,0,0
54,1,0
54,2,0
54,3,-3.7252902984619141e-09
54,4,0
54,5,0
54,6,0
54,7,0
54,8,-3.7252902984619141e-09
54,9,-3.7252902984619141e-09
54,10,0
54,11,0
55,0,0
55,1,0
55,2,0
55,3,3.7252902984619141e-09
55,4,3.7252902984619141e-09
55,5,7.4505805969238281e-09
55,6,3.7252902984619141e-09
55,7,3.7252902984619141e-09
55,8,7.4505805969238281e-09
55,9,0
55,10,3.7252902984619141e-09
55,11,3.7252902984619141e-09
56,0,-3.7252902984619141e-09
56,1,-3.7252902984619141e-09
56,2,-3.7252902984619141e-09
56,3,-3.7252902984619141e-09
56,4,-3.7252902984619141e-09
56,5,0
56,6,-3.7252902984619141e-09
56,7,0
56,8,0
56,9,-3.7252902984619141e-09
56,10,-3.7252902984619141e-09
56,11,0
57,0,0
57,1,3.7252902984619141e-09
57,2,-3.7252902984619141e-09
57,3,0
57,4,-3.7252902984619141e-09
57,5,-3.7252902984619141e-09
57,6,-3.7252902984619141e-09
57,7,0
57,8,0
57,9,0
57,10,-3.7252902984619141e-09
57,11,-3.7252902984619141e-09
58,0,0
58,1,0
58,2,0
58,3,0
58,4,-3.7252902984619141e-09
58,5,0
58,6,0
58,7,-3.7252902984619141e-09
58,8,3.7252902984619141e-09
58,9,0
58,10,0
58,11,3.7252902984619141e-09
59,0,3.7252902984619141e-09
59,1,0
59,2,0
59,3,0
59,4,3.7252902984619141e-09
59,5,-3.7252902984619141e-09
59,6,0
59,7,3.7252902984619141e-09
59,8,3.7252902984619141e-09
59,9,0
59,10,-3.7252902984619141e-09
59,11,0
60,0,0
60,1,0
60,2,0
60,3,0
60,4,0
60,5,3.7252902984619141e-09
60,6,-3.7252902984619141e-09
60,7,3.7252902984619141e-09
60,8,0
60,9,0
60,10,0
60,11,0
61,0,3.7252902984619141e-09
61,1,0
61,2,0
61,3,0
61,4,0
61,5,0
61,6,3.7252902984619141e-09
61,7,7.4505805969238281e-09
61,8,3.7252902984619141e-09
61,9,7.4505805969238281e-09
61,10,3.7252902984619141e-09
61,11,7.4505805969238281e-09
62,0,-3.7252902984619141e-09
62,1,0
62,2,-7.4505805969238281e-09
62,3,-3.7252902984619141e-09
62,4,-3.7252902984619141e-09
62,5,0
62,6,0
62,7,0
62,8,0
62,9,-3.7252902984619141e-09
62,10,-3.7252902984619141e-09
62,11,-3.7252902984619141e-09
63,0,0
63,1,0
63,2,0
63,3,0
63,4,-3.7252902984619141e-09
63,5,-3.7252902984619141e-09
63,6,0
63,7,-3.7252902984619141e-09
63,8,0
63,9,0
63,10,0
63,11,0
64,0,0
64,1,0
64,2,0
64,3,0
64,4,0
64,5,-3.7252902984619141e-09
64,6,0
64,7,-3.7252902984619141e-09
64,8,0
64,9,0
64,10,0
64,11,0
65,0,0
65,1,3.7252902984619141e-09
65,2,0
65,3,3.7252902984619141e-09
65,4,3.7252902984619141e-09
65,5,7.4505805969238281e-09
65,6,3.7252902984619141e-09
65,7,0
65,8,3.7252902984619141e-09
65,9,3.7252902984619141e-09
65,10,0
65,11,0
66,0,3.7252902984619141e-09
66,1,3.7252902984619141e-09
66,2,3.7252902984619141e-09
66,3,0
66,4,3.7252902984619141e-09
66,5,3.7252902984619141e-09
66,6,7.4505805969238281e-09
66,7,3.7252902984619141e-09
66,8,3.7252902984619141e-09
66,9,3.7252902984619141e-09
66,10,-3.7252902984619141e-09
66,11,0
67,0,3.7252902984619141e-09
67,1,3.7252902984619141e-09
67,2,3.7252902984619141e-09
67,3,0
67,4,3.7252902984619141e-09
67,5,0
67,6,0
67,7,0
67,8,-3.7252902984619141e-09
67,9,0
67,10,3.7252902984619141e-09
67,11,3.7252902984619141e-09
68,0,0
68,1,0
68,2,0
68,3,0
68,4,0
68,5,3.7252902984619141e-09
68,6,0
68,7,3.7252902984619141e-09
68,8,0
68,9,0
68,10,0
68,11,0
69,0,0
69,1,3.7252902984619141e-09
69,2,3.7252902984619141e-09
69,3,3.7252902984619141e-09
69,4,3.7252902984619141e-09
69,5,7.4505805969238281e-09
69,6,0
69,7,0
69,8,-3.7252902984619141e-09
69,9,0
69,10,3.7252902984619141e-09
69,11,0
70,0,-3.7252902984619141e-09
70,1,-3.7252902984619141e-09
70,2,-3.7252902984619141e-09
70,3,-3.7252902984619141e-09
70,4,3.7252902984619141e-09
70,5,0
70,6,-7.4505805969238281e-09
70,7,-7.4505805969238281e-09
70,8,-3.7252902984619141e-09
70,9,-3.7252902984619141e-09
70,10,-3.7252902984619141e-09
70,11,-3.7252902984619141e-09
71,0,-3.7252902984619141e-09
71,1,-3.7252902984619141e-09
71,2,-3.7252902984619141e-09
71,3,-3.7252902984619141e-09
71,4,0
71,5,-7.4505805969238281e-09
71,6,0
71,7,-3.7252902984619141e-09
71,8,0
71,9,-3.7252902984619141e-09
71,10,-3.7252902984619141e-09
71,11,-3.7252902984619141e-09
72,0,3.7252902984619141e-09
72,1,3.7252902984619141e-09
72,2,3.7252902984619141e-09
72,3,3.7252902984619141e-09
72,4,1.1175870895385742e-08
72,5,0
72,6,3.7252902984619141e-09
72,7,0
72,8,7.4505805969238281e-09
72,9,3.7252902984619141e-09
72,10,7.4505805969238281e-09
72,11,3.7252902984619141e-09
73,0,3.7252902984619141e-09
73,1,0
73,2,3.7252902984619141e-09
73,3,0
73,4,3.7252902984619141e-09
73,5,0
73,6,0
73,7,3.7252902984619141e-09
73,8,0
73,9,-3.7252902984619141e-09
73,10,0
73,11,3.7252902984619141e-09
74,0,0
74,1,-3.7252902984619141e-09
74,2,0
74,3,0
74,4,0
74,5,0
74,6,7.4505805969238281e-09
74,7,0
74,8,3.7252902984619141e-09
74,9,0
74,10,0
74,11,0
75,0,0
75,1,0
75,2,-3.7252902984619141e-09
75,3,-3.7252902984619141e-09
75,4,-7.4505805969238281e-09
75,5,3.7252902984619141e-09
75,6,0
75,7,0
75,8,-3.7252902984619141e-09
75,9,0
75,10,0
75,11,0
76,0,0
76,1,0
76,2,-3.7252902984619141e-09
76,3,0
76,4,0
76,5,0
76,6,-3.7252902984619141e-09
76,7,-3.7252902984619141e-09
76,8,0
76,9,0
76,10,-3.7252902984619141e-09
76,11,-3.7252902984619141e-09
77,0,0
77,1,0
77,2,0
77,3,0
77,4,0
77,5,0
77,6,0
77,7,0
77,8,0
77,9,0
77,10,-3.7252902984619141e-09
77,11,0
78,0,0
78,1,0
78,2,0
78,3,0
78,4,0
78,5,3.7252902984619141e-09
78,6,3.7252902984619141e-09
78,7,3.7252902984619141e-09
78,8,3.7252902984619141e-09
78,9,0
78,10,3.7252902984619141e-09
78,11,0
79,0,0
79,1,0
79,2,0
79,3,-3.7252902984619141e-09
79,4,0
79,5,3.7252902984619141e-09
79,6,3.7252902984619141e-09
79,7,0
79,8,0
79,9,-3.7252902984619141e-09
79,10,0
79,11,3.7252902984619141e-09
80,0,0
80,1,0
80,2,0
80,3,0
80,4,3.7252902984619141e-09
80,5,3.7252902984619141e-09
80,6,3.7252902984619141e-09
80,7,3.7252902984619141e-09
80,8,3.7252902984619141e-09
80,9,3.7252902984619141e-09
80,10,0
80,11,3.7252902984619141e-09
81,0,0
81,1,-3.7252902984619141e-09
81,2,3.7252902984619141e-09
81,3,0
81,4,-3.7252902984619141e-09
81,5,3.7252902984619141e-09
81,6,0
81,7,0
81,8,0
81,9,0
81,10,0
81,11,3.7252902984619141e-09
82,0,3.7252902984619141e-09
82,1,3.7252902984619141e-09
82,2,3.7252902984619141e-09
82,3,3.7252902984619141e-09
82,4,3.7252902984619141e-09
82,5,3.7252902984619141e-09
82,6,0
82,7,3.7252902984619141e-09
82,8,-3.7252902984619141e-09
82,9,0
82,10,0
82,11,3.7252902984619141e-09
83,0,0
83,1,-3.7252902984619141e-09
83,2,-3.7252902984619141e-09
83,3,0
83,4,0
83,5,0
83,6,0
83,7,0
83,8,3.7252902984619141e-09
83,9,0
83,10,0
83,11,-3.7252902984619141e-09
84,0,0
84,1,0
84,2,0
84,3,0
84,4,3.7252902984619141e-09
84,5,0
84,6,3.7252902984619141e-09
84,7,7.4505805969238281e-09
84,8,0
84,9,0
84,10,0
84,11,3.7252902984619141e-09
85,0,3.7252902984619141e-09
85,1,0
85,2,0
85,3,0
85,4,0
85,5,3.7252902984619141e-09
85,6,3.7252902984619141e-09
85,7,0
85,8,0
85,9,3.7252902984619141e-09
85,10,0
85,11,0
86,0,-3.7252902984619141e-09
86,1,3.7252902984619141e-09
86,2,0
86,3,3.7252902984619141e-09
86,4,3.7252902984619141e-09
86,5,3.7252902984619141e-09
86,6,0
86,7,0
86,8,0
86,9,-3.7252902984619141e-09
86,10,0
86,11,0
87,0,0
87,1,0
87,2,0
87,3,0
87,4,0
87,5,-3.7252902984619141e-09
87,6,0
87,7,0
87,8,-7.4505805969238281e-09
87,9,0
87,10,-3.7252902984619141e-09
87,11,0
88,0,3.7252902984619141e-09
88,1,3.7252902984619141e-09
88,2,3.7252902984619141e-09
88,3,0
88,4,3.7252902984619141e-09
88,5,3.7252902984619141e-09
88,6,3.7252902984619141e-09
88,7,0
88,8,3.7252902984619141e-09
88,9,3.7252902984619141e-09
88,10,3.7252902984619141e-09
88,11,3.7252902984619141e-09
89,0,0
89,1,0
89,2,0
89,3,-3.7252902984619141e-09
89,4,-3.7252902984619141e-09
89,5,-3.7252902984619141e-09
89,6,0
89,7,-3.7252902984619141e-09
89,8,0
89,9,3.7252902984619141e-09
89,10,0
89,11,0
90,0,0
90,1,0
90,2,0
90,3,0
90,4,0
90,5,0
90,6,3.7252902984619141e-09
90,7,0
90,8,-3.7252902984619141e-09
90,9,0
90,10,0
90,11,0
91,0,0
91,1,3.7252902984619141e-09
91,2,3.7252902984619141e-09
91,3,3.7252902984619141e-09
91,4,0
91,5,3.7252902984619141e-09
91,6,0
91,7,0
91,8,3.7252902984619141e-09
91,9,3.7252902984619141e-09
91,10,0
91,11,3.7252902984619141e-09
92,0,-3.7252902984619141e-09
92,1,0
92,2,0
92,3,3.7252902984619141e-09
92,4,0
92,5,-3.7252902984619141e-09
92,6,0
92,7,-3.7252902984619141e-09
92,8,-3.7252902984619141e-09
92,9,0
92,10,-3.7252902984619141e-09
92,11,0
93,0,0
93,1,3.7252902984619141e-09
93,2,0
93,3,-3.7252902984619141e-09
93,4,-3.7252902984619141e-09
93,5,0
93,6,-3.7252902984619141e-09
93,7,0
93,8,-3.7252902984619141e-09
93,9,-3.7252902984619141e-09
93,10,0
93,11,0
94,0,0
94,1,0
94,2,3.7252902984619141e-09
94,3,0
94,4,0
94,5,3.7252902984619141e-09
94,6,0
94,7,3.7252902984619141e-09
94,8,0
94,9,0
94,10,0
94,11,3.7252902984619141e-09
95,0,0
95,1,0
95,2,0
95,3,-3.7252902984619141e-09
95,4,0
95,5,0
95,6,-3.7252902984619141e-09
95,7,0
95,8,0
95,9,0
95,10,-3.7252902984619141e-09
95,11,-3.7252902984619141e-09
96,0,3.7252902984619141e-09
96,1,3.7252902984619141e-09
96,2,3.7252902984619141e-09
96,3,0
96,4,3.7252902984619141e-09
96,5,0
96,6,7.4505805969238281e-09
96,7,3.7252902984619141e-09
96,8,3.7252902984619141e-09
96,9,3.7252902984619141e-09
96,10,3.7252902984619141e-09
96,11,3.7252902984619141e-09
97,0,-3.7252902984619141e-09
97,1,0
97,2,0
97,3,0
97,4,3.7252902984619141e-09
97,5,0
97,6,-3.7252902984619141e-09
97,7,0
97,8,0
97,9,3.7252902984619141e-09
97,10,0
97,11,3.7252902984619141e-09
98,0,3.7252902984619141e-09
98,1,7.4505805969238281e-09
98,2,3.7252902984619141e-09
98,3,0
98,4,0
98,5,3.7252902984619141e-09
98,6,0
98,7,0
98,8,0
98,9,0
98,10,3.7252902984619141e-09
98,11,3.7252902984619141e-09
99,0,0
99,1,3.7252902984619141e-09
99,2,0
99,3,-3.7252902984619141e-09
99,4,-7.4505805969238281e-09
99,5,0
99,6,-3.7252902984619141e-09
99,7,-3.7252902984619141e-09
99,8,-3.7252902984619141e-09
99,9,0
99,10,-3.7252902984619141e-09
99,11,0
100,0,-3.7252902984619141e-09
100,1,-3.7252902984619141e-09
100,2,3.7252902984619141e-09
100,3,3.7252902984619141e-09
100,4,3.7252902984619141e-09
100,5,0
100,6,3.7252902984619141e-09
100,7,3.7252902984619141e-09
100,8,-7.4505805969238281e-09
100,9,3.7252902984619141e-09
100,10,0
100,11,0
101,0,0
101,1,3.7252902984619141e-09
101,2,3.7252902984619141e-09
101,3,3.7252902984619141e-09
101,4,3.7252902984619141e-09
101,5,0
101,6,3.7252902984619141e-09
101,7,3.7252902984619141e-09
101,8,7.4505805969238281e-09
101,9,3.7252902984619141e-09
101,10,1.1175870895385742e-08
101,11,7.4505805969238281e-09
102,0,0
102,1,0
102,2,0
102,3,3.7252902984619141e-09
102,4,0
102,5,7.4505805969238281e-09
102,6,0
102,7,3.7252902984619141e-09
102,8,0
102,9,0
102,10,0
102,11,3.7252902984619141e-09
103,0,0
103,1,-3.7252902984619141e-09
103,2,0
103,3,0
103,4,0
103,5,0
103,6,3.7252902984619141e-09
103,7,3.7252902984619141e-09
103,8,0
103,9,0
103,10,0
103,11,0
104,0,0
104,1,0
104,2,3.7252902984619141e-09
104,3,0
104,4,0
104,5,0
104,6,-3.7252902984619141e-09
104,7,0
104,8,0
104,9,0
104,10,3.7252902984619141e-09
104,11,7.4505805969238281e-09
105,0,0
105,1,7.4505805969238281e-09
105,2,3.7252902984619141e-09
105,3,3.7252902984619141e-09
105,4,3.7252902984619141e-09
105,5,3.7252902984619141e-09
105,6,3.7252902984619141e-09
105,7,3.7252902984619141e-09
105,8,0
105,9,3.7252902984619141e-09
105,10,0
105,11,3.7252902984619141e-09
106,0,3.7252902984619141e-09
106,1,0
106,2,3.7252902984619141e-09
106,3,3.7252902984619141e-09
106,4,3.7252902984619141e-09
106,5,0
106,6,0
106,7,3.7252902984619141e-09
106,8,-3.7252902984619141e-09
106,9,0
106,10,3.7252902984619141e-09
106,11,3.7252902984619141e-09
107,0,3.7252902984619141e-09
107,1,7.4505805969238281e-09
107,2,7.4505805969238281e-09
107,3,3.7252902984619141e-09
107,4,0
107,5,0
107,6,0
107,7,3.7252902984619141e-09
107,8,0
107,9,0
107,10,3.7252902984619141e-09
107,11,7.4505805969238281e-09
108,0,0
108,1,-3.7252902984619141e-09
108,2,-3.7252902984619141e-09
108,3,0
108,4,0
108,5,0
108,6,0
108,7,0
108,8,0
108,9,0
108,10,-3.7252902984619141e-09
108,11,-3.7252902984619141e-09
109,0,0
109,1,0
109,2,0
109,3,3.7252902984619141e-09
109,4,3.7252902984619141e-09
109,5,0
109,6,0
109,7,0
109,8,0
109,9,0
109,10,0
109,11,0
110,0,3.7252902984619141e-09
110,1,0
110,2,0
110,3,0
110,4,-7.4505805969238281e-09
110,5,-3.7252902984619141e-09
110,6,0
110,7,0
110,8,0
110,9,3.7252902984619141e-09
110,10,0
110,11,3.7252902984619141e-09
111,0,0
111,1,0
111,2,-3.7252902984619141e-09
111,3,0
111,4,3.7252902984619141e-09
111,5,0
111,6,3.7252902984619141e-09
111,7,3.7252902984619141e-09
111,8,3.7252902984619141e-09
111,9,0
111,10,0
111,11,0
112,0,0
112,1,0
112,2,0
112,3,0
112,4,3.7252902984619141e-09
112,5,-3.7252902984619141e-09
112,6,0
112,7,0
112,8,0
112,9,0
112,10,0
112,11,0
113,0,-3.7252902984619141e-09
113,1,0
113,2,3.7252902984619141e-09
113,3,0
113,4,0
113,5,-3.7252902984619141e-09
113,6,0
113,7,0
113,8,0
113,9,0
113,10,0
113,11,0
114,0,0
114,1,0
114,2,0
114,3,0
114,4,0
114,5,0
114,6,0
114,7,0
114,8,0
114,9,0
114,10,0
114,11,0
115,0,0
115,1,0
115,2,0
115,3,0
115,4,0
115,5,0
115,6,0
115,7,0
115,8,-3.7252902984619141e-09
115,9,-3.7252902984619141e-09
115,10,-3.7252902984619141e-09
115,11,0
116,0,0
116,1,0
116,2,0
116,3,-3.7252902984619141e-09
116,4,-3.7252902984619141e-09
116,5,-3.7252902984619141e-09
116,6,-3.7252902984619141e-09
116,7,-3.7252902984619141e-09
116,8,-3.7252902984619141e-09
116,9,-3.7252902984619141e-09
116,10,0
116,11,3.7252902984619141e-09
117,0,0
117,1,0
117,2,3.7252902984619141e-09
117,3,0
117,4,0
117,5,0
117,6,0
117,7,-3.7252902984619141e-09
117,8,-3.7252902984619141e-09
117,9,-3.7252902984619141e-09
117,10,-3.7252902984619141e-09
117,11,-3.7252902984619141e-09
118,0,-3.7252902984619141e-09
118,1,-3.7252902984619141e-09
118,2,-3.7252902984619141e-09
118,3,-3.7252902984619141e-09
118,4,-3.7252902984619141e-09
118,5,0
118,6,0
118,7,-3.7252902984619141e-09
118,8,3.7252902984619141e-09
118,9,3.7252902984619141e-09
118,10,0
118,11,-3.7252902984619141e-09
119,0,0
119,1,3.7252902984619141e-09
119,2,3.7252902984619141e-09
119,3,0
119,4,3.7252902984619141e-09
119,5,3.7252902984619141e-09
119,6,-3.7252902984619141e-09
119,7,0
119,8,3.7252902984619141e-09
119,9,3.7252902984619141e-09
119,10,3.7252902984619141e-09
119,11,3.7252902984619141e-09
120,0,-3.7252902984619141e-09
120,1,3.7252902984619141e-09
120,2,0
120,3,3.7252902984619141e-09
120,4,7.4505805969238281e-09
120,5,0
120,6,-3.7252902984619141e-09
120,7,-3.7252902984619141e-09
120,8,0
120,9,0
120,10,0
120,11,0
121,0,-7.4505805969238281e-09
121,1,-3.7252902984619141e-09
121,2,-3.7252902984619141e-09
121,3,0
121,4,0
121,5,0
121,6,-3.7252902984619141e-09
121,7,-3.7252902984619141e-09
121,8,0
121,9,-3.7252902984619141e-09
121,10,-7.4505805969238281e-09
121,11,-3.7252902984619141e-09
122,0,0
122,1,3.7252902984619141e-09
122,2,3.7252902984619141e-09
122,3,3.7252902984619141e-09
122,4,0
122,5,0
122,6,-3.7252902984619141e-09
122,7,0
122,8,0
122,9,3.7252902984619141e-09
122,10,0
122,11,0
123,0,0
123,1,0
123,2,0
123,3,0
123,4,0
123,5,0
123,6,0
123,7,0
123,8,0
123,9,3.7252902984619141e-09
123,10,0
123,11,3.7252902984619141e-09
124,0,0
124,1,0
124,2,0
124,3,0
124,4,0
124,5,0
124,6,0
124,7,-3.7252902984619141e-09
124,8,3.7252902984619141e-09
124,9,3.7252902984619141e-09
124,10,3.7252902984619141e-09
124,11,0
125,0,0
125,1,3.7252902984619141e-09
125,2,0
125,3,3.7252902984619141e-09
125,4,3.7252902984619141e-09
125,5,0
125,6,-3.7252902984619141e-09
125,7,0
125,8,0
125,9,0
125,10,3.7252902984619141e-09
125,11,3.7252902984619141e-09
126,0,-3.7252902984619141e-09
126,1,-7.4505805969238281e-09
126,2,-3.7252902984619141e-09
126,3,-3.7252902984619141e-09
126,4,0
126,5,-3.7252902984619141e-09
126,6,0
126,7,0
126,8,0
126,9,0
126,10,-3.7252902984619141e-09
126,11,-3.7252902984619141e-09
127,0,0
127,1,0
127,2,0
127,3,0
127,4,-3.7252902984619141e-09
127,5,0
127,6,3.7252902984619141e-09
127,7,3.7252902984619141e-09
127,8,0
127,9,0
127,10,3.7252902984619141e-09
127,11,3.7252902984619141e-09
128,0,-0.54934802651405334
128,1,1.630074642598629
128,2,2.4831488467752934
128,3,-0.74392233416438103
128,4,0.18372359871864319
128,5,-0.96797632798552513
128,6,-0.075715672224760056
128,7,0.79644112288951874
128,8,0.1074897013604641
128,9,0.37906806915998459
128,10,-0.83624532446265221
128,11,0.28986278548836708
129,0,0.124331034719944
129,1,-0.59238671138882637
129,2,0.95876210555434227
129,3,-0.30166953057050705
129,4,0.29336792975664139
129,5,-0.92019899562001228
129,6,0.35260501503944397
129,7,0.10105578973889351
129,8,-0.36351526901125908
129,9,-0.3461695984005928
129,10,1.6576213762164116
129,11,-1.6055059097707272
130,0,0.06656322255730629
130,1,-0.31449325382709503
130,2,-0.96639458835124969
130,3,0.11285189539194107
130,4,0.26847692579030991
130,5,-1.3081064149737358
130,6,0.32553749531507492
130,7,-1.2830769568681717
130,8,0.86957304552197456
130,9,-0.13741631433367729
130,10,-0.97846661508083344
130,11,3.9267144240438938
131,0,0.22043891251087189
131,1,-0.79001172259449959
131,2,1.0990720428526402
131,3,0.25643286108970642
131,4,-0.091772310435771942
131,5,-1.1892164200544357
131,6,0.23021697625517845
131,7,0.092541847378015518
131,8,0.080493856221437454
131,9,-0.08092210441827774
131,10,0.40826785936951637
131,11,-2.6527692005038261
132,0,0.31480226293206215
132,1,-0.082589585334062576
132,2,-1.6123196445405483
132,3,-0.44206533953547478
132,4,-0.12956917285919189
132,5,0.81489051878452301
132,6,0.53177173808217049
132,7,-0.029325492680072784
132,8,-2.9180310964584351
132,9,0.50525062531232834
132,10,-1.7334826849400997
132,11,2.6332614719867706
133,0,0.43286846205592155
133,1,-1.7181583344936371
133,2,1.4354125671088696
133,3,-0.16249703243374825
133,4,0.81677322834730148
133,5,-3.3103603087365627
133,6,0.75509066879749298
133,7,0.097440082579851151
133,8,-2.1684046350419521
133,9,0.28836330398917198
133,10,-0.29085646569728851
133,11,-0.96388620883226395
134,0,-1.245167575776577
134,1,1.8460401482880116
134,2,4.0943100713193417
134,3,-0.55956277251243591
134,4,1.2685972638428211
134,5,-0.10739746317267418
134,6,-1.0154425539076328
134,7,0.095633737742900848
134,8,-1.3602863624691963
134,9,1.2208318673074245
134,10,0.51456901803612709
134,11,-1.2197896018624306
135,0,0.10259804874658585
135,1,0.2939528189599514
135,2,1.3406987264752388
135,3,-0.7478797547519207
135,4,-0.33562419563531876
135,5,-0.43710058555006981
135,6,1.1457342319190502
135,7,-0.96652210131287575
135,8,-2.6277603395283222
135,9,0.22737442329525948
135,10,0.6255960613489151
135,11,-1.4885601736605167
136,0,-0.43026667833328247
136,1,1.0475528426468372
136,2,3.6094333678483963
136,3,-1.0367232821881771
136,4,-0.012678477913141251
136,5,1.1395147144794464
136,6,-0.40127823874354362
136,7,1.5945958532392979
136,8,-1.6586878262460232
136,9,0.80279525741934776
136,10,-1.3112435340881348
136,11,0.12692361697554588
137,0,-0.42836831137537956
137,1,1.0686998628079891
137,2,-1.3177086524665356
137,3,0.67328793928027153
137,4,-0.16071833670139313
137,5,1.6175869889557362
137,6,-1.1339003778994083
137,7,0.45014955103397369
137,8,2.5377457961440086
137,9,-0.083195958286523819
137,10,-0.17839787900447845
137,11,0.14306088909506798
138,0,-0.053810957819223404
138,1,1.8881552591919899
138,2,-1.0315307565033436
138,3,0.70308499038219452
138,4,-2.357935257256031
138,5,1.309042651206255
138,6,0.94972823560237885
138,7,-2.9322457276284695
138,8,2.6608747355639935
138,9,-0.5400167740881443
138,10,0.38479038700461388
138,11,-2.7901929840445518
139,0,-0.27787159010767937
139,1,0.73516270518302917
139,2,-0.17807142809033394
139,3,-0.17791713029146194
139,4,0.77809123694896698
139,5,-1.7135294675827026
139,6,-0.31550358235836029
139,7,1.3621883690357208
139,8,0.94021977484226227
139,9,-0.18269846588373184
139,10,0.42443715408444405
139,11,-0.32243280485272408
140,0,0.5506051778793335
140,1,-0.84179926663637161
140,2,-2.867714986205101
140,3,0.0017254650592803955
140,4,-0.023045293986797333
140,5,0.25603559240698814
140,6,0.41004885733127594
140,7,0.19166587665677071
140,8,-1.2061937972903252
140,9,-0.14772713929414749
140,10,-0.83506086096167564
140,11,2.3386932089924812
141,0,-0.033529486507177353
141,1,0.97491585835814476
141,2,-2.9911275543272495
141,3,0.10484437644481659
141,4,-0.44146214425563812
141,5,0.81825697049498558
141,6,0.12230538204312325
141,7,-0.65442683547735214
141,8,2.3332071714103222
141,9,-0.86121343821287155
141,10,0.77917348593473434
141,11,2.184264600276947
142,0,-0.20141540467739105
142,1,-0.15389138832688332
142,2,-0.40236800163984299
142,3,1.2715644985437393
142,4,0.12347806990146637
142,5,-1.4193212203681469
142,6,-0.45311491936445236
142,7,-1.3766948878765106
142,8,1.9357277937233448
142,9,0.34540726616978645
142,10,-1.2376621216535568
142,11,-0.17024761438369751
143,0,0.14302174001932144
143,1,0.66924827545881271
143,2,1.7526771202683449
143,3,0.15647949278354645
143,4,-1.237818893045187
143,5,-0.1300329864025116
143,6,0.020188812166452408
143,7,1.6605925150215626
143,8,0.39887366816401482
143,9,0.40294999629259109
143,10,-2.4754533506929874
143,11,-3.2443656027317047
144,0,-0.098285011947154999
144,1,1.1556807160377502
144,2,0.57851279154419899
144,3,-0.86971503868699074
144,4,-0.83475909754633904
144,5,2.2016413100063801
144,6,0.054254237562417984
144,7,0.71883813291788101
144,8,0.48912541940808296
144,9,-0.28084502369165421
144,10,-0.39993211999535561
144,11,1.9805416688323021
145,0,0.29136213287711143
145,1,-0.096549909561872482
145,2,0.14756153151392937
145,3,-0.91538823768496513
145,4,-0.34508675336837769
145,5,0.19410381838679314
145,6,0.5055389441549778
145,7,0.97967379912734032
145,8,1.397708497941494
145,9,-1.1612862758338451
145,10,1.4422970302402973
145,11,1.3468266353011131
146,0,-0.12553588673472404
146,1,1.5127294212579727
146,2,-0.76179281249642372
146,3,-0.78408036753535271
146,4,0.097002767026424408
146,5,-0.16021601855754852
146,6,0.15059692412614822
146,7,2.0335197187960148
146,8,-1.0584156550467014
146,9,-0.055292606353759766
146,10,0.28203072398900986
146,11,-1.2796533666551113
147,0,0.57071807980537415
147,1,-1.756596215069294
147,2,0.8016292043030262
147,3,0.18097827211022377
147,4,-0.57059837132692337
147,5,-0.67560607567429543
147,6,0.86267957091331482
147,7,-1.7340566962957382
147,8,0.4269404374063015
147,9,-0.43613263964653015
147,10,0.095874417573213577
147,11,0.80429494753479958
148,0,0.078640975058078766
148,1,-1.2208184152841568
148,2,2.9304422214627266
148,3,-0.35127654299139977
148,4,0.64656044915318489
148,5,-2.6378379426896572
148,6,0.63943620398640633
148,7,-1.1065425276756287
148,8,-0.78618846833705902
148,9,0.15708336979150772
148,10,0.080158304423093796
148,11,0.77858550474047661
149,0,0.3704969584941864
149,1,-0.6949363686144352
149,2,2.6556368805468082
149,3,0.26198552548885345
149,4,-0.90420323610305786
149,5,-2.384467825293541
149,6,0.53577511757612228
149,7,0.27821299806237221
149,8,2.1916860900819302
149,9,-0.27275801450014114
149,10,-1.6359757967293262
149,11,-1.5428241416811943
150,0,0.094538874924182892
150,1,0.50226608291268349
150,2,-1.3118053860962391
150,3,0.063684970140457153
150,4,-0.61149296909570694
150,5,0.19229142740368843
150,6,0.65872670710086823
150,7,-1.1655178107321262
150,8,0.79341853782534599
150,9,-0.67547520995140076
150,10,1.8500022180378437
150,11,-1.5716639533638954
151,0,-0.65145710110664368
151,1,0.74406708776950836
151,2,3.773996576666832
151,3,-0.93976603820919991
151,4,1.0524690523743629
151,5,-0.91033035516738892
151,6,-0.28905008733272552
151,7,0.62029175087809563
151,8,-1.4598627723753452
151,9,0.58129624277353287
151,10,0.82169302925467491
151,11,-0.67909638583660126
152,0,-0.021964028477668762
152,1,0.63790277764201164
152,2,-1.6228621602058411
152,3,0.57575101405382156
152,4,-0.55526465177536011
152,5,0.89962019398808479
152,6,0.15834369137883186
152,7,-0.72942786291241646
152,8,-0.15014961734414101
152,9,-0.16894413530826569
152,10,1.9149608425796032
152,11,-4.569572675973177
153,0,0.38707884401082993
153,1,-0.69295425713062286
153,2,-2.0092718936502934
153,3,0.89759242534637451
153,4,-0.59620502963662148
153,5,-0.15863559395074844
153,6,-0.026053428649902344
153,7,-0.26105652004480362
153,8,2.3538124933838844
153,9,-0.58865375444293022
153,10,-0.33485282585024834
153,11,-0.13875282555818558
154,0,-0.080915302038192749
154,1,1.0950982235372066
154,2,-0.31302637979388237
154,3,-0.14952805638313293
154,4,-0.0048925094306468964
154,5,-2.0514398850500584
154,6,0.47072016447782516
154,7,0.75422051548957825
154,8,0.61482182890176773
154,9,-0.38071896135807037
154,10,1.053164429962635
154,11,-3.1650037318468094
155,0,-0.020371969789266586
155,1,-0.085475627332925797
155,2,-0.66046253219246864
155,3,0.02019316703081131
155,4,0.30436150729656219
155,5,-1.2039811126887798
155,6,0.2503177598118782
155,7,-0.79611155763268471
155,8,1.5243899300694466
155,9,-0.60407523438334465
155,10,1.0872834473848343
155,11,1.2673268914222717
156,0,-0.32210231572389603
156,1,0.40612763166427612
156,2,-0.64824853092432022
156,3,0.10335619002580643
156,4,1.2741553895175457
156,5,-2.8609983585774899
156,6,0.08475855365395546
156,7,-0.47817289456725121
156,8,-0.75343138724565506
156,9,0.38643433153629303
156,10,0.066994622349739075
156,11,0.40080057084560394
157,0,0.13724211975932121
157,1,-0.64640800282359123
157,2,0.48669030517339706
157,3,0.29622463136911392
157,4,0.17368930578231812
157,5,-0.61999911814928055
157,6,-0.34824976697564125
157,7,1.2023674510419369
157,8,0.28591998666524887
157,9,0.021557774394750595
157,10,-0.13957177102565765
157,11,-1.8904912881553173
158,0,-0.055794738233089447
158,1,-0.21672169119119644
158,2,-3.1348107680678368
158,3,1.2713078334927559
158,4,-0.23300345987081528
158,5,2.2582009769976139
158,6,-0.70192563906311989
158,7,-1.5560983531177044
158,8,1.0280083008110523
158,9,-0.0044279061257839203
158,10,0.57124500721693039
158,11,-0.11171555519104004
159,0,-0.28951705992221832
159,1,1.6055386178195477
159,2,-0.4727431908249855
159,3,-0.95179155096411705
159,4,0.017634138464927673
159,5,-0.12365109100937843
159,6,0.42802955210208893
159,7,-0.036507036536931992
159,8,0.52684576809406281
159,9,-0.39735011011362076
159,10,0.27067701146006584
159,11,3.0203600153326988
160,0,0.09372987225651741
160,1,-1.5028090886771679
160,2,3.6378273069858551
160,3,-1.232090525329113
160,4,0.88990400359034538
160,5,-0.47551906108856201
160,6,0.28253940865397453
160,7,0.33198179304599762
160,8,-1.6645262241363525
160,9,-0.15085413306951523
160,10,1.5341802276670933
160,11,1.5266226083040237
161,0,0.45532591268420219
161,1,-0.93610179051756859
161,2,0.48324209451675415
161,3,0.013103388249874115
161,4,-0.6158020906150341
161,5,-0.68752777203917503
161,6,0.98866622149944305
161,7,-1.2914304658770561
161,8,-0.38327765092253685
161,9,-0.32857044413685799
161,10,0.58302518725395203
161,11,-1.1264228448271751
162,0,-0.063665445894002914
162,1,0.48548853024840355
162,2,-0.50491787865757942
162,3,-0.0023767054080963135
162,4,0.19610356539487839
162,5,-0.63312424719333649
162,6,0.12042408064007759
162,7,0.3802734911441803
162,8,-1.0172686725854874
162,9,0.20841013640165329
162,10,0.28597219660878181
162,11,-1.9172080978751183
163,0,-0.90881393104791641
163,1,1.777859203517437
163,2,4.7589829303324223
163,3,-0.92659520357847214
163,4,0.63128717988729477
163,5,-0.95061485469341278
163,6,-0.67076461017131805
163,7,1.3109813667833805
163,8,-0.21563347429037094
163,9,0.9759431779384613
163,10,-1.7498775348067284
163,11,0.87683029472827911
164,0,-0.1678609624505043
164,1,-0.96733414381742477
164,2,0.71267038956284523
164,3,-0.4343167319893837
164,4,1.7714746817946434
164,5,-1.6527958959341049
164,6,-0.38520866632461548
164,7,0.711051344871521
164,8,-0.51469000056385994
164,9,-0.17077117413282394
164,10,1.8375970050692558
164,11,1.1888736560940742
165,0,0.28029815852642059
165,1,-2.0926384069025517
165,2,-0.34628166258335114
165,3,0.88385733217000961
165,4,0.82750529423356056
165,5,-0.20043916255235672
165,6,-0.91622797027230263
165,7,0.94384542480111122
165,8,-0.42007385939359665
165,9,0.35830587521195412
165,10,-0.50128967687487602
165,11,-0.72155765444040298
166,0,0.29533118382096291
166,1,-1.5290009900927544
166,2,0.58988888561725616
166,3,0.34064662829041481
166,4,0.05887201800942421
166,5,-0.45111091062426567
166,6,0.69327682256698608
166,7,-2.2846744805574417
166,8,-1.7967568747699261
166,9,0.16483920067548752
166,10,1.2707185670733452
166,11,-1.6077256724238396
167,0,-0.081563889980316162
167,1,-0.27329312264919281
167,2,1.3796884939074516
167,3,0.32771573960781097
167,4,-0.32221082970499992
167,5,-0.052381955087184906
167,6,0.067818097770214081
167,7,-1.3557128198444843
167,8,0.95554567128419876
167,9,-0.028825763612985611
167,10,0.35666485130786896
167,11,-0.70998199656605721
168,0,0.38328331708908081
168,1,-1.0428297109901905
168,2,1.6146957650780678
168,3,-0.74501704424619675
168,4,-0.76495848223567009
168,5,2.276029147207737
168,6,0.2286272868514061
168,7,0.33900634199380875
168,8,0.77266782149672508
168,9,-0.91467472538352013
168,10,1.599665954709053
168,11,0.78466071933507919
169,0,-0.22051273286342621
169,1,0.39351140335202217
169,2,0.24137299135327339
169,3,0.29184666648507118
169,4,0.68194390833377838
169,5,-3.3678319565951824
169,6,-0.0021303407847881317
169,7,0.22825063019990921
169,8,1.836084395647049
169,9,-0.16326317563652992
169,10,-0.11732856929302216
169,11,-0.52282292768359184
170,0,0.14317192882299423
170,1,0.9903872013092041
170,2,-2.3765616863965988
170,3,0.32464604079723358
170,4,-0.76787302270531654
170,5,-0.15021904185414314
170,6,-0.048368044197559357
170,7,1.1625107303261757
170,8,2.6850881688296795
170,9,-0.64276338368654251
170,10,-0.94279127195477486
170,11,0.190732441842556
171,0,0.40787578374147415
171,1,-2.7977441251277924
171,2,2.253368329256773
171,3,1.1496737152338028
171,4,0.13466139882802963
171,5,-0.78941301628947258
171,6,-0.85503001883625984
171,7,0.40795495361089706
171,8,1.4093922153115273
171,9,0.34252787753939629
171,10,-2.0028930753469467
171,11,-0.21732892096042633
172,0,-0.80801365524530411
172,1,1.7691074088215828
172,2,2.3709886632859707
172,3,-0.33337246626615524
172,4,0.6028623953461647
172,5,-2.1956803537905216
172,6,0.10083359852433205
172,7,-0.92716703563928604
172,8,0.70546227321028709
172,9,0.22256821766495705
172,10,1.062973715364933
172,11,-1.3425424061715603
173,0,-0.8068431168794632
173,1,1.6137534156441689
173,2,-0.72200693190097809
173,3,0.80703414604067802
173,4,0.26673312112689018
173,5,0.88479991629719734
173,6,-0.65691120177507401
173,7,-1.900136262178421
173,8,-0.033400151878595352
173,9,0.71830407157540321
173,10,0.81036874279379845
173,11,-2.0144922211766243
174,0,0.061692509800195694
174,1,1.6759059391915798
174,2,-2.3622497469186783
174,3,-0.32103770226240158
174,4,-0.32950446754693985
174,5,-1.1695425771176815
174,6,0.86665957793593407
174,7,0.33876952528953552
174,8,-1.9041755013167858
174,9,0.41272135823965073
174,10,-1.7881321050226688
174,11,0.084243692457675934
175,0,0.27158677950501442
175,1,-2.3074653260409832
175,2,2.4952037297189236
175,3,-0.68126243352890015
175,4,1.4023415446281433
175,5,-0.79728345200419426
175,6,0.051513407379388809
175,7,0.94890563189983368
175,8,-3.1289536021649837
175,9,0.045961476862430573
175,10,2.6662569791078568
175,11,-2.1808831356465816
176,0,0.092664379626512527
176,1,-0.88947590067982674
176,2,0.33817016333341599
176,3,0.32383270934224129
176,4,-0.72226935625076294
176,5,3.5477063059806824
176,6,-0.75342413783073425
176,7,-0.29059254005551338
176,8,1.985123161226511
176,9,-0.58562317863106728
176,10,1.2495074085891247
176,11,0.43132134154438972
177,0,-0.53472313657402992
177,1,1.4282386228442192
177,2,1.7018299587070942
177,3,-0.047684855759143829
177,4,0.090364295989274979
177,5,-2.2419022247195244
177,6,0.20086625590920448
177,7,-0.84496426582336426
177,8,1.8008251786231995
177,9,-0.0063799992203712463
177,10,0.04413769394159317
177,11,-0.55557618290185928
178,0,0.43340257182717323
178,1,-1.7873241603374481
178,2,1.4632542505860329
178,3,-0.088983740657567978
178,4,-0.14887097477912903
178,5,1.2800734229385853
178,6,-0.27809345349669456
178,7,0.85555927082896233
178,8,-1.0045619904994965
178,9,0.22483576834201813
178,10,-1.1226971074938774
178,11,0.99455615878105164
179,0,-0.0095115713775157928
179,1,1.0749653950333595
179,2,-1.6423778645694256
179,3,0.1251671314239502
179,4,-0.40521717444062233
179,5,-0.84869510680437088
179,6,0.098468348383903503
179,7,0.47424975037574768
179,8,1.8008896298706532
179,9,-0.21939899399876595
179,10,-1.7208752445876598
179,11,1.8495826460421085
180,0,-0.54120276495814323
180,1,0.89594534412026405
180,2,0.32721373438835144
180,3,0.15892712026834488
180,4,0.44087064638733864
180,5,-0.32905648276209831
180,6,-0.12134701758623123
180,7,-1.6165337935090065
180,8,-0.036193396896123886
180,9,0.35792418941855431
180,10,0.6512930728495121
180,11,0.10299587622284889
181,0,0.15343334153294563
181,1,-0.76505004242062569
181,2,2.4802824407815933
181,3,-0.024674013257026672
181,4,-0.33210135251283646
181,5,0.15810183063149452
181,6,-0.55266013741493225
181,7,1.8412418439984322
181,8,1.5314484499394894
181,9,-0.13286134600639343
181,10,-0.99323781207203865
181,11,-0.65024319663643837
182,0,0.36168568581342697
182,1,-0.0024444162845611572
182,2,-0.23567476496100426
182,3,-0.70196257904171944
182,4,-0.60456852242350578
182,5,0.37161662429571152
182,6,0.67223330214619637
182,7,0.47735346853733063
182,8,-0.24442551657557487
182,9,-0.41005208715796471
182,10,-0.55749093741178513
182,11,1.8804860599339008
183,0,-0.36012169346213341
183,1,1.4325537271797657
183,2,-0.14319908618927002
183,3,0.067074853926897049
183,4,0.13697599992156029
183,5,-1.7333211116492748
183,6,-0.20501570403575897
183,7,0.92659008502960205
183,8,2.3546573668718338
183,9,-0.34659256413578987
183,10,0.17499629780650139
183,11,-1.1148470416665077
184,0,-0.85102971270680428
184,1,2.0477051772177219
184,2,1.8403191454708576
184,3,0.27824825420975685
184,4,-0.55076654627919197
184,5,1.8155700676143169
184,6,-0.73893903195858002
184,7,-0.96384169906377792
184,8,1.0803839117288589
184,9,0.61658255755901337
184,10,-0.18938776478171349
184,11,-1.6253032684326172
185,0,0.21711751073598862
185,1,-0.51357989013195038
185,2,1.6935438737273216
185,3,0.29320179298520088
185,4,-1.0948641002178192
185,5,0.019825834780931473
185,6,0.56402282044291496
185,7,-1.7554877363145351
185,8,0.88311079517006874
185,9,0.040665820240974426
185,10,-1.2458555735647678
185,11,0.36810373514890671
186,0,-0.62156466022133827
186,1,1.8905251398682594
186,2,-0.56923574209213257
186,3,-0.84107563272118568
186,4,0.99900063872337341
186,5,-0.52458252385258675
186,6,0.075679976493120193
186,7,0.15578072518110275
186,8,-1.8405223749577999
186,9,0.32105653360486031
186,10,1.1820766068994999
186,11,0.45192361995577812
187,0,-0.32858346775174141
187,1,-0.42601268365979195
187,2,0.67990006878972054
187,3,0.090393085032701492
187,4,0.97823810949921608
187,5,2.0927729085087776
187,6,-1.6137084178626537
187,7,1.8425004705786705
187,8,-1.7880553118884563
187,9,1.1452060118317604
187,10,-1.8139484375715256
187,11,1.7246080935001373
188,0,-0.26482819393277168
188,1,-0.96369478479027748
188,2,-0.24102612212300301
188,3,0.39736711606383324
188,4,1.9621438235044479
188,5,-2.5864036977291107
188,6,-0.88329966738820076
188,7,0.61615433543920517
188,8,0.70805749669671059
188,9,0.14406691491603851
188,10,0.21576063707470894
188,11,1.8349697329103947
189,0,-0.74802566692233086
189,1,2.3005502857267857
189,2,-0.17298782989382744
189,3,-0.58696699514985085
189,4,1.0204010121524334
189,5,-3.4208620749413967
189,6,0.47457841038703918
189,7,-0.91471757739782333
189,8,0.74094388633966446
189,9,0.036317884922027588
189,10,0.16305536776781082
189,11,2.3038462214171886
190,0,-0.0037945061922073364
190,1,-0.48647870495915413
190,2,-1.1252791471779346
190,3,-0.3256276547908783
190,4,1.1338984034955502
190,5,-0.5363876149058342
190,6,-0.031745780259370804
190,7,0.29369834810495377
190,8,-1.4216305948793888
190,9,-0.096860591322183609
190,10,1.4953457489609718
190,11,0.80153914541006088
191,0,-0.38758166879415512
191,1,-0.26596324145793915
191,2,1.6712881214916706
191,3,-0.29456081986427307
191,4,1.082521878182888
191,5,-0.038686968386173248
191,6,-1.0443396121263504
191,7,1.1427765861153603
191,8,0.63768137618899345
191,9,0.28682831302285194
191,10,-0.7560836486518383
191,11,3.2094594798982143
192,0,0.50686793401837349
192,1,-0.13792180642485619
192,2,-1.9670725837349892
192,3,-0.59275726974010468
192,4,-0.60556512698531151
192,5,1.5214873403310776
192,6,0.77507559955120087
192,7,0.50742397084832191
192,8,-1.4053541012108326
192,9,-0.6972065195441246
192,10,1.7852181419730186
192,11,-1.1417389661073685
193,0,-0.07284872978925705
193,1,-0.37165705114603043
193,2,-0.97192172706127167
193,3,0.13700811192393303
193,4,1.5138188488781452
193,5,-3.2108395844697952
193,6,0.36459585279226303
193,7,-0.55501879379153252
193,8,-2.5740620382130146
193,9,0.61876261606812477
193,10,0.23579451069235802
193,11,-0.5592869445681572
194,0,0.15019335597753525
194,1,-0.70276307687163353
194,2,-1.1220934577286243
194,3,0.067153241485357285
194,4,0.002790551632642746
194,5,0.025968730449676514
194,6,0.64486367627978325
194,7,-2.4351463466882706
194,8,0.8883279450237751
194,9,-0.81087357550859451
194,10,2.3582328371703625
194,11,1.4509935826063156
195,0,-0.051681332290172577
195,1,-0.78270250558853149
195,2,-1.1737856790423393
195,3,1.2043482065200806
195,4,0.88812727853655815
195,5,-2.1350600533187389
195,6,-0.87726181000471115
195,7,0.25096246600151062
195,8,1.1347755379974842
195,9,0.66117694228887558
195,10,-2.8562863059341908
195,11,1.9747037887573242
196,0,0.033947762101888657
196,1,-1.1794534586369991
196,2,4.3203688077628613
196,3,-0.14482174813747406
196,4,0.18396313861012459
196,5,-2.030766811221838
196,6,0.060007750988006592
196,7,0.0452771857380867
196,8,0.74887504801154137
196,9,0.15397166833281517
196,10,-0.78328182175755501
196,11,-0.20217872783541679
197,0,0.18783633410930634
197,1,-1.6008285582065582
197,2,1.9632380865514278
197,3,-0.74454495683312416
197,4,0.98744412511587143
197,5,-0.55209996923804283
197,6,0.019943021237850189
197,7,0.77775624394416809
197,8,-1.5247310549020767
197,9,-0.098423406481742859
197,10,1.1512427404522896
197,11,0.99323966726660728
198,0,0.41657170653343201
198,1,-0.14609967917203903
198,2,1.2192234583199024
198,3,-0.32060442119836807
198,4,-0.76748664304614067
198,5,-1.6289594396948814
198,6,0.70015654712915421
198,7,1.1204591207206249
198,8,0.92940698936581612
198,9,-0.39010049030184746
198,10,-1.2010282911360264
198,11,-0.78169769793748856
199,0,0.46279407292604446
199,1,0.63006529211997986
199,2,-3.0304627455770969
199,3,-0.32761748880147934
199,4,-0.73468543961644173
199,5,0.90641165524721146
199,6,0.66582055389881134
199,7,1.0176493898034096
199,8,-2.0086025558412075
199,9,0.066949851810932159
199,10,-1.4308424666523933
199,11,0.4220784530043602
200,0,0.23314188048243523
200,1,-1.1337525025010109
200,2,0.11986306682229042
200,3,-0.17304770275950432
200,4,-0.1091148741543293
200,5,1.3088019527494907
200,6,-0.17920410260558128
200,7,-0.017880674451589584
200,8,2.020539041608572
200,9,-1.0299082212150097
200,10,1.8513137102127075
200,11,1.6490527838468552
201,0,0.73206633701920509
201,1,-1.0386014729738235
201,2,-1.7165196537971497
201,3,0.058294814079999924
201,4,-0.97601055726408958
201,5,0.68226340040564537
201,6,0.60842230170965195
201,7,0.15993646904826164
201,8,1.3298745043575764
201,9,-1.0265098586678505
201,10,0.39727312698960304
201,11,0.53406768292188644
202,0,-0.074981100857257843
202,1,1.2618017941713333
202,2,0.272221390157938
202,3,-0.079114791005849838
202,4,-1.3168765120208263
202,5,1.4458633847534657
202,6,0.36810031533241272
202,7,-0.5446661040186882
202,8,1.0354332402348518
202,9,-0.31325367465615273
202,10,0.45630931854248047
202,11,-1.9320351928472519
203,0,0.072997976094484329
203,1,0.592277642339468
203,2,-1.351355105638504
203,3,0.46568379923701286
203,4,-0.45632730051875114
203,5,-1.1061713434755802
203,6,0.61796260625123978
203,7,-1.1120863184332848
203,8,-0.1689687967300415
203,9,0.12768136709928513
203,10,-0.4697636142373085
203,11,-1.5319818332791328
204,0,-0.21508907154202461
204,1,0.67012742906808853
204,2,-0.19553006067872047
204,3,-0.43501152843236923
204,4,0.75334686785936356
204,5,-1.4442082606256008
204,6,0.41430478543043137
204,7,-0.27578270435333252
204,8,-2.2578804939985275
204,9,0.50602241605520248
204,10,0.027147218585014343
204,11,0.1237010546028614
205,0,0.40900292620062828
205,1,-0.51059725880622864
205,2,-1.0449715852737427
205,3,-0.71065213158726692
205,4,0.44076394289731979
205,5,-1.464755192399025
205,6,0.85679073631763458
205,7,0.68939217552542686
205,8,-1.5327552668750286
205,9,-0.44769126921892166
205,10,0.95796573534607887
205,11,0.36552682891488075
206,0,0.24878912419080734
206,1,-0.89463138952851295
206,2,-0.64618495851755142
206,3,-0.4522460475564003
206,4,1.0300832651555538
206,5,-2.0945140570402145
206,6,0.68584492057561874
206,7,-0.27616722136735916
206,8,-2.471072856336832
206,9,0.18557091057300568
206,10,0.046194430440664291
206,11,1.7603676877915859
207,0,-0.090340793132781982
207,1,-0.97329755499958992
207,2,0.41274795308709145
207,3,0.082248151302337646
207,4,0.51616676896810532
207,5,2.7272825799882412
207,6,-0.57619898393750191
207,7,-0.72079870104789734
207,8,-3.5994631573557854
207,9,1.0056101605296135
207,10,0.27858850359916687
207,11,-0.071704443544149399
208,0,0.42514308542013168
208,1,0.90686915069818497
208,2,0.49672706052660942
208,3,-0.37189498171210289
208,4,-1.5483933985233307
208,5,-1.150807861238718
208,6,1.0973266400396824
208,7,1.0031449273228645
208,8,0.87349784001708031
208,9,-0.42031490802764893
208,10,-1.4868074916303158
208,11,-1.9899099916219711
209,0,0.26784039661288261
209,1,-1.2824930250644684
209,2,2.5699877813458443
209,3,-0.18751685693860054
209,4,-0.38878779113292694
209,5,1.5903099849820137
209,6,-0.46680232509970665
209,7,1.4706489071249962
209,8,-0.01845281571149826
209,9,-0.054253783077001572
209,10,0.01270965114235878
209,11,-1.3739734441041946
210,0,-0.067433208227157593
210,1,-0.36936920508742332
210,2,0.9723302535712719
210,3,0.329439677298069
210,4,-0.5331805981695652
210,5,2.1479868814349174
210,6,-0.15251724049448967
210,7,-1.4495783932507038
210,8,-0.44615544751286507
210,9,0.19848455861210823
210,10,0.94499194994568825
210,11,-1.5929208062589169
211,0,0.18666547909379005
211,1,1.4944121837615967
211,2,-0.59542887657880783
211,3,-0.30200226977467537
211,4,-0.81549381464719772
211,5,-2.8488740473985672
211,6,0.93543580546975136
211,7,1.2006073892116547
211,8,1.7529793605208397
211,9,-0.46511651948094368
211,10,-1.7952756993472576
211,11,-0.40648915246129036
212,0,0.60795305669307709
212,1,-0.69832692295312881
212,2,-0.65451258048415184
212,3,-0.1942397803068161
212,4,-0.76349831372499466
212,5,0.50236847251653671
212,6,0.53874218091368675
212,7,1.188717644661665
212,8,0.15193867310881615
212,9,-0.84650196880102158
212,10,1.4489664062857628
212,11,-2.8813356831669807
213,0,0.77647515758872032
213,1,-1.274000383913517
213,2,-2.7979837730526924
213,3,0.89469559118151665
213,4,-1.3066599145531654
213,5,0.91060518100857735
213,6,0.040874242782592773
213,7,0.14291798323392868
213,8,4.0973949804902077
213,9,-1.3402444645762444
213,10,-0.38695666193962097
213,11,1.3021462820470333
214,0,0.40860473737120628
214,1,-0.97570349276065826
214,2,-0.088412277400493622
214,3,-0.36321201175451279
214,4,0.035829212516546249
214,5,0.26516661047935486
214,6,0.3457220271229744
214,7,0.5470304936170578
214,8,-1.7957265563309193
214,9,0.035695992410182953
214,10,-0.17051354423165321
214,11,0.39940521121025085
215,0,-0.30876528844237328
215,1,-0.004308898001909256
215,2,-1.3603807017207146
215,3,0.12817583605647087
215,4,0.41047811508178711
215,5,3.6094419620931149
215,6,-1.0867592468857765
215,7,-0.1256738193333149
215,8,-0.5651465430855751
215,9,0.14578096196055412
215,10,1.3031277693808079
215,11,1.3184970319271088
216,0,-0.5000627227127552
216,1,1.3089307323098183
216,2,-1.6850482039153576
216,3,-0.17628062143921852
216,4,0.8152291439473629
216,5,-0.057585872709751129
216,6,-0.11292489245533943
216,7,-0.71200660988688469
216,8,-0.92686049267649651
216,9,0.23494543880224228
216,10,0.96312400326132774
216,11,1.0319308564066887
217,0,-0.32133978977799416
217,1,1.3592171519994736
217,2,-2.0530336834490299
217,3,-0.38766026869416237
217,4,0.38521368801593781
217,5,0.32644480094313622
217,6,0.066638346761465073
217,7,-0.34172770753502846
217,8,-0.25940859317779541
217,9,-0.096057102084159851
217,10,0.53431668132543564
217,11,2.2097188234329224
218,0,0.49089936167001724
218,1,-2.614681139588356
218,2,-0.31051145866513252
218,3,0.89933272078633308
218,4,0.26975850388407707
218,5,-0.15275119990110397
218,6,-0.20526514574885368
218,7,-1.1993999145925045
218,8,0.30601878091692924
218,9,0.0034971199929714203
218,10,-0.49857945367693901
218,11,1.6108052581548691
219,0,-0.36531931161880493
219,1,-0.93856608122587204
219,2,0.59425601735711098
219,3,0.85776000842452049
219,4,1.363875325769186
219,5,-1.855988435447216
219,6,-0.87852523103356361
219,7,-0.88594544306397438
219,8,1.3494336158037186
219,9,0.30464199557900429
219,10,0.10508910194039345
219,11,1.0525803938508034
220,0,0.39575516059994698
220,1,0.75797655805945396
220,2,-1.0782948210835457
220,3,-0.14060252904891968
220,4,-1.5003493800759315
220,5,0.45993547886610031
220,6,0.82748368382453918
220,7,0.25416554138064384
220,8,0.96074043214321136
220,9,-0.57241605967283249
220,10,-0.62346974387764931
220,11,-0.9413599893450737
221,0,-0.33896548673510551
221,1,0.95773898437619209
221,2,0.14460254460573196
221,3,-0.41637009382247925
221,4,0.63094406202435493
221,5,-0.76943670213222504
221,6,-0.15020058676600456
221,7,0.62087120115756989
221,8,-1.0264179557561874
221,9,0.51371163502335548
221,10,-0.98033808544278145
221,11,1.3752554133534431
222,0,-0.19049667939543724
222,1,0.30394816026091576
222,2,-1.7680669948458672
222,3,0.6342625617980957
222,4,0.1597515344619751
222,5,1.5088768340647221
222,6,-0.72423827275633812
222,7,0.18098654597997665
222,8,0.047644801437854767
222,9,0.066650722175836563
222,10,1.253994133323431
222,11,-2.345727976411581
223,0,-0.15181606262922287
223,1,1.0361918620765209
223,2,0.91821492463350296
223,3,-0.85397794470191002
223,4,-0.5925007164478302
223,5,1.0381994172930717
223,6,0.61522455513477325
223,7,-0.83792353421449661
223,8,-0.21526826545596123
223,9,-0.24260114133358002
223,10,0.62209881842136383
223,11,1.2594978548586369
224,0,-0.17470638453960419
224,1,0.27965458109974861
224,2,-0.019652023911476135
224,3,-1.5174953155219555
224,4,0.40727809071540833
224,5,4.372380044311285
224,6,-0.90089251473546028
224,7,2.5533370524644852
224,8,0.078329596668481827
224,9,-0.96690821647644043
224,10,3.1330927237868309
224,11,2.459387369453907
225,0,0.055719755589962006
225,1,-2.5792234800755978
225,2,0.46289557963609695
225,3,0.51209649816155434
225,4,1.4406341165304184
225,5,0.2475263811647892
225,6,-1.057483933866024
225,7,-0.49346036836504936
225,8,0.1153637170791626
225,9,0.20860181748867035
225,10,0.0152459517121315
225,11,3.873397171497345
226,0,0.41719689965248108
226,1,-1.2799713425338268
226,2,1.3255660347640514
226,3,-0.43127457797527313
226,4,-0.35732188820838928
226,5,0.39072177186608315
226,6,0.3324822299182415
226,7,-0.0047918818891048431
226,8,0.13590925559401512
226,9,-0.28295429423451424
226,10,-0.76254896447062492
226,11,2.667878869920969
227,0,0.31261579692363739
227,1,-1.0024065263569355
227,2,0.2189045138657093
227,3,-0.18958208337426186
227,4,0.11820460855960846
227,5,0.86562233045697212
227,6,-0.17651385441422462
227,7,0.9892096072435379
227,8,-2.3026313856244087
227,9,0.66752932965755463
227,10,-2.0786785297095776
227,11,1.7433427348732948
228,0,-0.19476524367928505
228,1,-0.16497399657964706
228,2,2.429405964910984
228,3,0.341649129986763
228,4,-0.42300758510828018
228,5,0.11236995086073875
228,6,0.16388434171676636
228,7,-2.0891327373683453
228,8,-0.25185375660657883
228,9,0.55155221372842789
228,10,-0.39945639297366142
228,11,-0.95469928160309792
229,0,-0.050824720412492752
229,1,0.67380493134260178
229,2,0.86289264634251595
229,3,-0.55731878057122231
229,4,0.053889725357294083
229,5,-1.7510251551866531
229,6,0.57048329710960388
229,7,0.62600889056921005
229,8,0.6820036880671978
229,9,-0.61553899943828583
229,10,1.7313273996114731
229,11,-2.2842250131070614
230,0,0.12789839878678322
230,1,-0.99546771124005318
230,2,3.1928877830505371
230,3,-0.1643960177898407
230,4,-0.89096696302294731
230,5,2.0245253629982471
230,6,-0.2724158838391304
230,7,-0.20695310086011887
230,8,1.5926761589944363
230,9,-0.28532899543642998
230,10,-0.19266011193394661
230,11,0.90588488802313805
231,0,0.62792930379509926
231,1,-1.0930828638374805
231,2,0.62730029225349426
231,3,-0.30410442501306534
231,4,-0.79694563150405884
231,5,0.73623104766011238
231,6,0.51457012817263603
231,7,1.1500284560024738
231,8,-0.28140022978186607
231,9,-0.69129567593336105
231,10,1.363672498613596
231,11,-3.1054032519459724
232,0,-0.5698087103664875
232,1,1.9214520715177059
232,2,0.93201824650168419
232,3,-0.36881428584456444
232,4,-0.17463651672005653
232,5,-0.14957145974040031
232,6,-0.045624248683452606
232,7,-0.23054688423871994
232,8,1.1707563512027264
232,9,0.035620260983705521
232,10,-0.07696942612528801
232,11,0.39051733538508415
233,0,-0.071130983531475067
233,1,0.55311761796474457
233,2,-0.018780127167701721
233,3,0.10498789325356483
233,4,-0.58821939677000046
233,5,-0.36271055415272713
233,6,0.84672192856669426
233,7,-2.4435511454939842
233,8,0.30394851788878441
233,9,-0.20232398808002472
233,10,1.0046011433005333
233,11,-0.72603723406791687
234,0,-0.0010752007365226746
234,1,1.228097427636385
234,2,-0.60815313085913658
234,3,0.11964117363095284
234,4,-1.5076242424547672
234,5,2.4320127256214619
234,6,0.081500012427568436
234,7,-0.36358261108398438
234,8,0.31965181231498718
234,9,0.24482112750411034
234,10,-1.878732293844223
234,11,0.37713521346449852
235,0,-0.2100912481546402
235,1,2.0068985298275948
235,2,-3.0940391197800636
235,3,-0.43085771799087524
235,4,0.13122612610459328
235,5,-0.15874931216239929
235,6,0.23341341316699982
235,7,0.83907647058367729
235,8,-0.4098738469183445
235,9,-0.15574376285076141
235,10,0.10108321905136108
235,11,0.6959678903222084
236,0,0.1624964103102684
236,1,-0.3334638848900795
236,2,0.58772745728492737
236,3,0.63876259326934814
236,4,-0.59403514489531517
236,5,-0.92971733212471008
236,6,0.13700813055038452
236,7,-0.47831478342413902
236,8,1.1335818916559219
236,9,0.08944312110543251
236,10,-1.2193015478551388
236,11,-1.2416772693395615
237,0,-0.00879688560962677
237,1,-0.057053506374359131
237,2,0.8784940205514431
237,3,-0.37871691957116127
237,4,-0.13818223774433136
237,5,0.72094995528459549
237,6,-0.029414154589176178
237,7,0.14149725064635277
237,8,0.21340152993798256
237,9,-0.12090419977903366
237,10,-0.059484444558620453
237,11,1.3372687548398972
238,0,0.013319287449121475
238,1,-0.12637973949313164
238,2,0.4477180503308773
238,3,0.4302835650742054
238,4,-0.49913717433810234
238,5,0.81608881428837776
238,6,-0.1197035163640976
238,7,-0.86144896969199181
238,8,-0.87399248406291008
238,9,0.85206408798694611
238,10,-2.5863386131823063
238,11,1.19139489158988
239,0,-0.42039256915450096
239,1,2.0489382520318031
239,2,-0.50788756087422371
239,3,0.051127254962921143
239,4,-0.99140172451734543
239,5,0.80073752254247665
239,6,0.11176306009292603
239,7,-1.0891788974404335
239,8,3.1108477376401424
239,9,-0.61841201782226562
239,10,0.64243540540337563
239,11,0.1680145300924778
240,0,-0.64870964735746384
240,1,2.5624655336141586
240,2,2.0279176495969296
240,3,-0.81301990523934364
240,4,-0.40275871381163597
240,5,1.2051308564841747
240,6,-0.17975160852074623
240,7,1.29769217222929
240,8,-1.3052733615040779
240,9,0.59608600661158562
240,10,0.07969219982624054
240,11,-3.1688779890537262
241,0,0.37292654812335968
241,1,-1.1088455580174923
241,2,-2.9971883818507195
241,3,-0.042556509375572205
241,4,1.1541891098022461
241,5,-1.7527801208198071
241,6,0.27413522079586983
241,7,0.37788516283035278
241,8,-0.60443377122282982
241,9,-0.50075490027666092
241,10,0.94263071566820145
241,11,2.1124547533690929
242,0,0.19518128037452698
242,1,-0.34915228188037872
242,2,3.0770829990506172
242,3,-0.86272238567471504
242,4,-0.025476958602666855
242,5,-0.80868690833449364
242,6,0.057075168937444687
242,7,2.4978848397731781
242,8,-1.2555651217699051
242,9,0.37023518607020378
242,10,-1.850483376532793
242,11,-0.23954152315855026
243,0,-0.0276620052754879
243,1,1.7747300416231155
243,2,0.054497752338647842
243,3,-1.5979839265346527
243,4,-0.32168369367718697
243,5,-0.38146310299634933
243,6,0.77250228077173233
243,7,1.7383829168975353
243,8,0.0016609765589237213
243,9,-0.59199665859341621
243,10,-0.21157000586390495
243,11,2.3527664095163345
244,0,0.78534719720482826
244,1,-2.0898422673344612
244,2,3.1160078570246696
244,3,-0.29257728904485703
244,4,-0.56264257803559303
244,5,-2.0235058255493641
244,6,0.95656590536236763
244,7,0.5793437696993351
244,8,-0.6011018231511116
244,9,-0.16094313189387321
244,10,-1.0495980195701122
244,11,-1.3854138851165771
245,0,-0.67105531319975853
245,1,1.7890532650053501
245,2,2.9277169667184353
245,3,-0.99555433541536331
245,4,0.35917634889483452
245,5,0.11605669558048248
245,6,-0.66938532143831253
245,7,2.3317980989813805
245,8,0.50920702144503593
245,9,0.14890154451131821
245,10,0.20871084183454514
245,11,-0.83539972454309464
246,0,0.11181636899709702
246,1,-0.22980479896068573
246,2,0.027752436697483063
246,3,0.051436599344015121
246,4,-0.25348644331097603
246,5,0.42977165430784225
246,6,-0.17999106645584106
246,7,0.37019286677241325
246,8,0.56143886595964432
246,9,0.043339285999536514
246,10,-1.3480933494865894
246,11,1.700144175440073
247,0,0.19984844326972961
247,1,0.40786528214812279
247,2,-0.22516276314854622
247,3,-0.10653955489397049
247,4,-1.0514367409050465
247,5,1.4649647809565067
247,6,0.48675696179270744
247,7,-0.2923872284591198
247,8,-0.80860355868935585
247,9,-0.0062846541404724121
247,10,-0.039129842072725296
247,11,-1.6439447626471519
248,0,-0.42725798860192299
248,1,1.6751892268657684
248,2,0.18775468692183495
248,3,-0.20077664032578468
248,4,-0.58466285839676857
248,5,0.4292328730225563
248,6,0.19475468248128891
248,7,-1.4179173521697521
248,8,1.4690373949706554
248,9,0.0053656063973903656
248,10,-0.89983817562460899
248,11,2.6491000428795815
249,0,0.23155331239104271
249,1,-1.5424490496516228
249,2,1.1041297651827335
249,3,0.55756838247179985
249,4,0.17642603442072868
249,5,0.017679844051599503
249,6,-0.92803961038589478
249,7,1.6239922530949116
249,8,1.4548905566334724
249,9,-0.014061413705348969
249,10,-1.0238591618835926
249,11,-0.2426685206592083
253,0,51.078422144055367
253,1,-101.56932463869452
253,2,-40.782290015369654
253,3,2.4012941345572472
253,4,-44.051365163177252
253,5,11.685837659984827
253,6,37.976875226944685
253,7,30.80555235221982
253,8,-24.635936204344034
253,9,-27.624184645712376
253,10,-29.318325191736221
253,11,-11.29801756888628
254,0,0
254,1,0
254,2,0
254,3,0
255,0,-3.7252902984619141e-09
255,1,-3.7252902984619141e-09
255,2,-3.7252902984619141e-09
255,3,-3.7252902984619141e-09
255,4,-3.7252902984619141e-09
255,5,-3.7252902984619141e-09
255,6,-3.7252902984619141e-09
255,7,-3.7252902984619141e-09
255,8,0
255,9,-3.7252902984619141e-09
255,10,-3.7252902984619141e-09
255,11,0
255,12,-3.7252902984619141e-09
255,13,-3.7252902984619141e-09
255,14,0
255,15,3.7252902984619141e-09
255,16,0
255,17,-3.7252902984619141e-09
255,18,-3.7252902984619141e-09
255,19,0
255,20,0
255,21,0
255,22,0
255,23,0
255,24,0
255,25,0
255,26,-3.7252902984619141e-09
255,27,-7.4505805969238281e-09
255,28,0
255,29,-3.7252902984619141e-09
255,30,-3.7252902984619141e-09
255,31,-3.7252902984619141e-09
