epoch_id,t_rx_gpst_s,status,fit,iterations,used,asa,na,hits,active,x_m,y_m,z_m,clock_bias_m,var_x_m2,var_y_m2,var_z_m2,var_clock_m2,rms_m,weighted_sse,max_normalized
0,1473458141,TOO_FEW,NOT_EVALUATED,0,0,0,0,0,0,0,0,0,0,0,0,0,0,0,0,0
1,1473458142,TOO_FEW,NOT_EVALUATED,0,0,0,0,0,0,0,0,0,0,0,0,0,0,0,0,0
2,1473458143,TOO_FEW,NOT_EVALUATED,0,0,0,0,0,0,0,0,0,0,0,0,0,0,0,0,0
3,1473458144,TOO_FEW,NOT_EVALUATED,0,0,0,0,0,0,0,0,0,0,0,0,0,0,0,0,0
4,1473458145,TOO_FEW,NOT_EVALUATED,0,0,0,0,0,0,0,0,0,0,0,0,0,0,0,0,0
5,1473458146,TOO_FEW,NOT_EVALUATED,0,0,0,0,0,0,0,0,0,0,0,0,0,0,0,0,0
6,1473458147,TOO_FEW,NOT_EVALUATED,0,0,0,0,0,0,0,0,0,0,0,0,0,0,0,0,0
7,1473458148,TOO_FEW,NOT_EVALUATED,0,0,0,0,0,0,0,0,0,0,0,0,0,0,0,0,0
8,1473458149,CONVERGED,WITHIN_RESIDUAL_BUDGET,1,9,1526890520,1526890520,0,1526890520,4426043.265548802,-89428.535961082176,4576297.58342175,-14453.240021321773,63.245091034278744,11.414292110923967,68.187355250791171,69.527028753999659,0.82533012106918546,0.033054918266722494,0.13843364957979945
9,1473458150,CONVERGED,WITHIN_RESIDUAL_BUDGET,2,9,1526890520,1526890520,0,1526890520,4426043.2205781937,-89428.466111707778,4576297.7232657932,-14304.878253840774,63.242648503892951,11.413816789393705,68.195195285184582,69.528121241935239,0.77104331933068193,0.027877313311825642,0.13164300263301054
10,1473458151,CONVERGED,WITHIN_RESIDUAL_BUDGET,2,9,1526890520,1526890520,0,1526890520,4426043.096465894,-89428.47572927922,4576297.7040034169,-14156.534900387514,63.24020191778903,11.413342018310324,68.203028560557385,69.529207561533781,0.76745824924898409,0.028103046869004902,0.12972003544223107
11,1473458152,CONVERGED,WITHIN_RESIDUAL_BUDGET,1,9,1526890520,1526890520,0,1526890520,4426043.0214112094,-89428.470723513165,4576297.7415029667,-14008.200987543412,63.237754142812832,11.412867729439405,68.210855197593588,69.530289064428842,0.74375273083948079,0.028713669212941925,0.12209678635488132
12,1473458153,CONVERGED,WITHIN_RESIDUAL_BUDGET,2,9,1526890520,1526890520,0,1526890520,4426042.9329505684,-89428.486440632492,4576297.6051761275,-13860.001673438634,63.235305033332864,11.412394001472373,68.218676502251654,69.531366910493347,0.6806716329571989,0.025698063979988868,0.10745531458049341
13,1473458154,CONVERGED,WITHIN_RESIDUAL_BUDGET,2,9,1526890520,1526890520,0,1526890520,4426042.7687791195,-89428.528600431731,4576297.5349458745,-13711.740948989405,63.232850922146213,11.411920679953084,68.226488730828706,69.532436144312641,0.68513813160986592,0.029716461758836181,0.10872618244165659
14,1473458155,CONVERGED,WITHIN_RESIDUAL_BUDGET,2,9,1526890520,1526890520,0,1526890520,4426042.9231198644,-89428.533392327066,4576297.518258485,-13563.284065282112,63.230402484234013,11.411448051672037,68.234299124536022,69.533507721065888,0.66092034828275836,0.027317786993044289,0.10337736318748794
15,1473458156,CONVERGED,WITHIN_RESIDUAL_BUDGET,2,9,1526890520,1526890520,0,1526890520,4426043.0721935313,-89428.577174799604,4576297.5142881582,-13414.821541742103,63.227950961457445,11.410975924183386,68.24210221943973,69.534573071600519,0.73102936525993267,0.030677934820604616,0.11252706625672851
16,1473458157,CONVERGED,WITHIN_RESIDUAL_BUDGET,2,9,1526890520,1526890520,0,1526890520,4426042.8679430401,-89428.592565533574,4576297.1578748617,-13266.713440244059,63.225492328694614,11.410504101437574,68.249895958856996,69.535629013379165,0.64038431682538655,0.02558440127971532,0.099540207343942505
17,1473458158,CONVERGED,WITHIN_RESIDUAL_BUDGET,1,9,1526890520,1526890520,0,1526890520,4426042.8444450917,-89428.535953036771,4576297.1850630715,-13118.380246307959,63.223033803958515,11.410032677483363,68.257681851405536,69.536679591145386,0.68153626123129718,0.02748098986707416,0.10847352055237929
18,1473458159,CONVERGED,WITHIN_RESIDUAL_BUDGET,1,9,1526890520,1526890520,0,1526890520,4426042.8764762264,-89428.548027140365,4576297.0989966914,-12970.004532143719,63.220574189413696,11.409561886476288,68.265462774870869,69.537726867286509,0.75717711281125222,0.030608859672268115,0.1257144963049428
19,1473458160,CONVERGED,WITHIN_RESIDUAL_BUDGET,2,9,1526890520,1526890520,0,1526890520,4426042.9513176931,-89428.606170608196,4576297.1809919477,-12821.513971664974,63.21811114038303,11.409091573218062,68.273235456506825,69.538766885888208,0.82969980635323415,0.035984059543325939,0.13825241402121591
20,1473458161,CONVERGED,WITHIN_RESIDUAL_BUDGET,2,9,1526890520,1526890520,0,1526890520,4426043.0033435225,-89428.558186133945,4576297.3930503866,-12672.983295392098,63.215646098174027,11.408621566149789,68.28099949427812,69.539800169932121,0.81933897846785575,0.034179483920096058,0.13992408754203481
21,1473458162,CONVERGED,WITHIN_RESIDUAL_BUDGET,2,9,1526890520,1526890520,0,1526890520,4426042.9855189808,-89428.546063865171,4576297.5279071173,-12524.517262800771,63.213177195959958,11.408152038793411,68.288755964225771,69.54082676857432,0.86729148608142437,0.036568786984574712,0.151378078828695
22,1473458163,CONVERGED,WITHIN_RESIDUAL_BUDGET,2,9,1526890520,1526890520,0,1526890520,4426043.1271018423,-89428.479609308255,4576297.6214350276,-12376.034821071153,63.210711189729835,11.407683093050521,68.296508731762927,69.541853036951395,0.80627004428905247,0.03060094695052399,0.13984831909709536
23,1473458164,CONVERGED,WITHIN_RESIDUAL_BUDGET,2,9,1526890520,1526890520,0,1526890520,4426043.3271763371,-89428.505522092382,4576297.6773540415,-12227.538737971481,63.208243046417408,11.407214767124305,68.304255618967289,69.542874722088683,0.71513941951292859,0.024281765423410043,0.12529962786297641
24,1473458165,CONVERGED,WITHIN_RESIDUAL_BUDGET,2,9,1526890520,1526890520,0,1526890520,4426043.2721608095,-89428.478546221188,4576297.59510813,-12079.292437627979,63.205768668171444,11.406746711559794,68.311992466331418,69.543886760761339,0.64139458062041699,0.020659558216076852,0.11167813304394182
25,1473458166,CONVERGED,WITHIN_RESIDUAL_BUDGET,1,9,1526890520,1526890520,0,1526890520,4426043.2149164304,-89428.427616387999,4576297.6254129009,-11930.924910461104,63.203291433171124,11.406279055571213,68.319720943747228,69.544891856348315,0.61417690510279233,0.018687379309074673,0.10823467923831212
26,1473458167,CONVERGED,WITHIN_RESIDUAL_BUDGET,2,9,1526890520,1526890520,0,1526890520,4426043.1083094068,-89428.47537635034,4576297.4828137951,-11782.623992828327,63.200810500254875,11.405811991409506,68.327443030168425,69.545891356756414,0.58898367230319704,0.016655487055238963,0.10226929199996435
27,1473458168,CONVERGED,WITHIN_RESIDUAL_BUDGET,2,9,1526890520,1526890520,0,1526890520,4426043.2064380199,-89428.435655180205,4576297.6617416749,-11634.111133119477,63.198330981338131,11.40534535711809,68.335158255235413,69.546887033605728,0.61288270338713924,0.017838069073203636,0.10610212288316068
28,1473458169,CONVERGED,WITHIN_RESIDUAL_BUDGET,2,9,1526890520,1526890520,0,1526890520,4426043.2827653624,-89428.410653142972,4576297.7271893555,-11485.669430149852,63.195849381362024,11.404879239058513,68.342867099668609,69.547877918114764,0.57476752573375922,0.016368000930874815,0.097048705103189539
29,1473458170,CONVERGED,WITHIN_RESIDUAL_BUDGET,2,9,1526890520,1526890520,0,1526890520,4426043.3449337259,-89428.424142355681,4576297.8403822649,-11337.201087367235,63.193364065355247,11.404413591801946,68.350567855438428,69.548861714296649,0.5916461251220948,0.017206223931522553,0.10014338392592298
30,1473458171,CONVERGED,WITHIN_RESIDUAL_BUDGET,2,9,1526890520,1526890520,0,1526890520,4426043.2215457577,-89428.436413727512,4576297.7703195503,-11188.981439030405,63.19087360761209,11.403948335722626,68.358260085941808,69.549837634870386,0.6083852305249271,0.019326501146890804,0.10242891577944439
31,1473458172,CONVERGED,WITHIN_RESIDUAL_BUDGET,1,9,1526890520,1526890520,0,1526890520,4426043.2256483454,-89428.501970950107,4576297.7744907327,-11040.75623817079,63.188382314068093,11.403483671990115,68.365946385513851,69.550809539973898,0.65144942107138859,0.022327070305243168,0.10960921737900389
32,1473458173,CONVERGED,WITHIN_RESIDUAL_BUDGET,2,9,1526890520,1526890520,0,1526890520,4426043.0753842629,-89428.435518174825,4576297.732441647,-10892.764102493607,63.185887737441703,11.403019252368559,68.373623481211467,69.551773908556513,0.61247785321588366,0.018732615747731628,0.10437748374825083
33,1473458174,CONVERGED,WITHIN_RESIDUAL_BUDGET,2,9,1526890520,1526890520,0,1526890520,4426043.2106838934,-89428.460601356288,4576297.7469616961,-10744.405513388558,63.183395571950015,11.402555601943209,68.381297535207494,69.552738112756515,0.593085657382876,0.01821697126566264,0.098721027100741071
34,1473458175,CONVERGED,WITHIN_RESIDUAL_BUDGET,2,9,1526890520,1526890520,0,1526890520,4426043.3460041266,-89428.463820815668,4576297.7882185485,-10595.97922696296,63.180901238782759,11.402092390198282,68.388964050601189,69.553696503117621,0.55054286238054051,0.018096747831749402,0.087954917616878764
35,1473458176,CONVERGED,WITHIN_RESIDUAL_BUDGET,2,9,1526890520,1526890520,0,1526890520,4426043.4530295217,-89428.500793690051,4576297.827096317,-10447.646090700391,63.178403314037034,11.401629652760157,68.396622691744724,69.554648122943448,0.56571601749649902,0.018171630673581459,0.091293603395569162
36,1473458177,CONVERGED,WITHIN_RESIDUAL_BUDGET,2,9,1526890520,1526890520,0,1526890520,4426043.4781337511,-89428.526997231282,4576297.9164227266,-10299.303708428677,63.175900843588138,11.401167281817871,68.404272001540832,69.555591355104653,0.56542260287951884,0.019794652542011515,0.089332590695635206
37,1473458178,CONVERGED,WITHIN_RESIDUAL_BUDGET,1,9,1526890520,1526890520,0,1526890520,4426043.4258651538,-89428.550593633685,4576298.0093533928,-10150.859361670045,63.173394177408667,11.40070530761254,68.411912549527244,69.556526857005807,0.6038781986302405,0.022367772452432839,0.095961546118778759
38,1473458179,CONVERGED,WITHIN_RESIDUAL_BUDGET,2,9,1526890520,1526890520,0,1526890520,4426043.4379605185,-89428.560076339811,4576297.8961674739,-10002.568754506487,63.17088869818236,11.400243935707552,68.419549159038809,69.55746124304342,0.58680085386336267,0.022754696938811193,0.093186377441599744
39,1473458180,CONVERGED,WITHIN_RESIDUAL_BUDGET,2,9,1526890520,1526890520,0,1526890520,4426043.3488793364,-89428.504290431592,4576297.8710090434,-9854.2756123525978,63.168378814737153,11.39978284836209,68.427175765799177,69.558386798541903,0.57495738018466325,0.024026386264668062,0.091295623506090134
40,1473458181,CONVERGED,WITHIN_RESIDUAL_BUDGET,1,9,1526890520,1526890520,0,1526890520,4426043.2882938059,-89428.471370796877,4576297.8702704059,-9705.8550816438692,63.165866619462641,11.399322261324222,68.434795148614498,69.559306734454992,0.60353270863814856,0.022407829921694527,0.094135923530620141
41,1473458182,CONVERGED,WITHIN_RESIDUAL_BUDGET,1,9,1526890520,1526890520,0,1526890520,4426043.2518025506,-89428.482064827826,4576297.9109244607,-9557.4311591036858,63.163351492014733,11.398862180047049,68.44240699075246,69.560220474416425,0.57287970828590962,0.021623191407796047,0.088127125031921869
42,1473458183,CONVERGED,WITHIN_RESIDUAL_BUDGET,2,9,1526890520,1526890520,0,1526890520,4426043.4361141287,-89428.399619823598,4576297.9840175873,-9408.9016573192166,63.160840600806623,11.398402661976247,68.450015191594275,69.561134660885884,0.57914043575489516,0.022812997614833672,0.094331825933169702
43,1473458184,CONVERGED,WITHIN_RESIDUAL_BUDGET,2,9,1526890520,1526890520,0,1526890520,4426043.512477451,-89428.410079362788,4576298.118461309,-9260.3943710092281,63.158322574388983,11.397943568597611,68.457613128163885,69.562038440428623,0.55247266574710074,0.021290977031461867,0.081349123713108859
44,1473458185,CONVERGED,WITHIN_RESIDUAL_BUDGET,2,9,1526890520,1526890520,0,1526890520,4426043.5111178029,-89428.357727316354,4576298.0184215736,-9112.0522862314647,63.155803374250276,11.397484923216201,68.465204927002645,69.562938325696862,0.48281741453770805,0.016806317919799987,0.07121955552520963
45,1473458186,CONVERGED,WITHIN_RESIDUAL_BUDGET,1,9,1526890520,1526890520,0,1526890520,4426043.4475336326,-89428.355186313929,4576298.0404866356,-8963.6257979462353,63.153278345008871,11.39702667695197,68.472786663984834,69.56382858378214,0.49264804002099233,0.017422032017431779,0.074860351403610276
46,1473458187,CONVERGED,WITHIN_RESIDUAL_BUDGET,1,9,1526890520,1526890520,0,1526890520,4426043.3345957641,-89428.317667661788,4576298.0592041081,-8815.2564657626262,63.150750340698892,11.396568823578452,68.480360136678343,69.564712183285451,0.4409122563583554,0.016764247993288642,0.065403583728512862
47,1473458188,CONVERGED,WITHIN_RESIDUAL_BUDGET,1,9,1526890520,1526890520,0,1526890520,4426043.2797733266,-89428.343848912889,4576298.0437558293,-8666.9942482560346,63.148220460418443,11.396111554434675,68.487927348760138,69.565591206125291,0.46945888498788418,0.021791076695574278,0.073776908276606934
48,1473458189,CONVERGED,WITHIN_RESIDUAL_BUDGET,2,9,1526890520,1526890520,0,1526890520,4426043.3273465605,-89428.309496701462,4576298.2050258471,-8518.5801843504378,63.145690128956041,11.395654707061873,68.495487056653275,69.566465250069356,0.44850959885736458,0.016185527084089567,0.066104916316720774
49,1473458190,CONVERGED,WITHIN_RESIDUAL_BUDGET,2,9,1526890520,1526890520,0,1526890520,4426043.3935700962,-89428.314341678342,4576298.2462180741,-8370.2002548244855,63.143158127329983,11.395198426584013,68.503040770784793,69.567335135625257,0.39921287186319049,0.01422453997214136,0.064710447167535518
50,1473458191,CONVERGED,WITHIN_RESIDUAL_BUDGET,1,9,1526890520,1526890520,0,1526890520,4426043.3986532539,-89428.302530136207,4576298.1836143844,-8221.8235881486125,63.140623375759063,11.394742587449874,68.510587004123323,69.568199196076563,0.46143178813356883,0.017760833074919765,0.06979700368195077
51,1473458192,CONVERGED,WITHIN_RESIDUAL_BUDGET,1,9,1526890520,1526890520,0,1526890520,4426043.4582968308,-89428.258327801508,4576298.0874069454,-8073.4290593614942,63.138088299337532,11.394287245524172,68.51812706519928,69.569059586082105,0.45836615037470513,0.01578118250695007,0.059257975953754885
52,1473458193,CONVERGED,WITHIN_RESIDUAL_BUDGET,2,9,1526890520,1526890520,0,1526890520,4426043.3985066079,-89428.2917968697,4576297.9600679958,-7925.1553721093997,63.135546794234273,11.39383234157312,68.525657554261613,69.569910613661648,0.45799811780290595,0.013653464842611726,0.067119794353143677
53,1473458194,CONVERGED,WITHIN_RESIDUAL_BUDGET,1,9,1526890520,1526890520,0,1526890520,4426043.3093362749,-89428.230374936407,4576297.9779584082,-7776.8787654952403,63.133002511537761,11.393377728273533,68.533178511615716,69.570754034775433,0.37984465277452067,0.011549231214561317,0.060403136809386429
54,1473458195,CONVERGED,WITHIN_RESIDUAL_BUDGET,1,9,1526890520,1526890520,0,1526890520,4426043.3738409895,-89428.211057209162,4576298.0005590767,-7628.5462089042949,63.130458622410764,11.392923743618841,68.540694437695066,69.571594960093677,0.38113101200647148,0.010628094471762469,0.065432953150158499
55,1473458196,CONVERGED,WITHIN_RESIDUAL_BUDGET,2,9,1526890520,1526890520,0,1526890520,4426043.4902094677,-89428.292856123866,4576297.9849810097,-7480.1839077716677,63.12791202656836,11.392470368351384,68.548203831563598,69.572430723388095,0.40281127733488503,0.01202737292202001,0.069410158805097363
56,1473458197,CONVERGED,WITHIN_RESIDUAL_BUDGET,1,9,1526890520,1526890520,0,1526890520,4426043.5208514882,-89428.337596041718,4576298.0432941113,-7331.7864712627552,63.125360880057571,11.392017314554378,68.555703289370314,69.573257753502858,0.45438803629124291,0.01442179778728867,0.071925615632870893
57,1473458198,CONVERGED,WITHIN_RESIDUAL_BUDGET,2,9,1526890520,1526890520,0,1526890520,4426043.639948207,-89428.331493807273,4576298.2375737131,-7183.2627346667678,63.122809047896624,11.391564693662296,68.563195267634967,69.574079802245564,0.48334712957385106,0.014377841262553717,0.080358057164328048
58,1473458199,CONVERGED,WITHIN_RESIDUAL_BUDGET,2,9,1526890520,1526890520,0,1526890520,4426043.5208270997,-89428.372380523317,4576298.1755183088,-7035.0601306278531,63.120250359816957,11.391112479289495,68.570677989711584,69.574892806747343,0.56895581574697052,0.021665039140701399,0.092893237201652865
59,1473458200,CONVERGED,WITHIN_RESIDUAL_BUDGET,1,9,1526890520,1526890520,0,1526890520,4426043.5181812719,-89428.37404623536,4576298.2274576537,-6886.665911100733,63.117691615457517,11.390660741103439,68.578153911695097,69.575701693202546,0.59967030531454535,0.023534128174089917,0.097824779745115956
60,1473458201,CONVERGED,WITHIN_RESIDUAL_BUDGET,2,9,1526890520,1526890520,0,1526890520,4426043.4805728728,-89428.443555267484,4576298.164407244,-6738.3996541208453,63.115129285797785,11.39020954067953,68.585622579214728,69.57650455561199,0.63308083427846717,0.022900932795066532,0.10516454878426224
61,1473458202,CONVERGED,WITHIN_RESIDUAL_BUDGET,1,9,1526890520,1526890520,0,1526890520,4426043.4511486394,-89428.377598897277,4576298.1600506157,-6590.3116336530929,63.112566449109437,11.3897586642733,68.593083303651724,69.577302312210563,0.57424467659462375,0.018766833021032166,0.094834231944597294
62,1473458203,CONVERGED,WITHIN_RESIDUAL_BUDGET,2,9,1526890520,1526890520,0,1526890520,4426043.5084037613,-89428.294522158481,4576298.2180721583,-6442.2692460431153,63.110002881802565,11.389308279655618,68.600537163821201,69.578095631268539,0.55042634432978688,0.016748917201782225,0.089874132556255953
63,1473458204,CONVERGED,WITHIN_RESIDUAL_BUDGET,2,9,1526890520,1526890520,0,1526890520,4426043.4664608296,-89428.256516438967,4576298.0745922904,-6294.3110042228982,63.10743530127283,11.388858394502757,68.607983579216864,69.578882682145561,0.50373222982906218,0.015315238301657019,0.077863365119673567
64,1473458205,CONVERGED,WITHIN_RESIDUAL_BUDGET,1,9,1526890520,1526890520,0,1526890520,4426043.513542355,-89428.21973487061,4576298.0530390842,-6146.2169710850458,63.104866193096349,11.388408990954559,68.615422438409084,69.579664311932575,0.49431300495276026,0.016647806649999573,0.07755585765136648
65,1473458206,CONVERGED,WITHIN_RESIDUAL_BUDGET,2,9,1526890520,1526890520,0,1526890520,4426043.4600480404,-89428.221436740743,4576297.9153639879,-5998.1415794476034,63.102292416630561,11.387960041016301,68.622852871499489,69.580438525607448,0.48197171915698783,0.022112856335252368,0.090149792578507207
66,1473458207,CONVERGED,WITHIN_RESIDUAL_BUDGET,2,9,1526890520,1526890520,0,1526890520,4426043.4386381023,-89428.138598058606,4576297.7944123186,-5850.1144216632056,63.099718124173123,11.387511496704855,68.630276047698729,69.581208209623298,0.46309481199198171,0.01758601473620458,0.079079727778733996
67,1473458208,CONVERGED,WITHIN_RESIDUAL_BUDGET,2,9,1526890520,1526890520,0,1526890520,4426043.3394346442,-89428.080376867438,4576297.7170248004,-5702.0837585150011,63.097138566356662,11.387063341746513,68.637689440076372,69.581968996956107,0.44037288634565519,0.012955823741623393,0.07616471477878016
68,1473458209,CONVERGED,WITHIN_RESIDUAL_BUDGET,2,9,1526890520,1526890520,0,1526890520,4426043.2829467962,-89428.066545557536,4576297.6717919586,-5554.009639537473,63.094556360989046,11.386615703339009,68.645095277956713,69.582723905886013,0.44040382002702139,0.013705925280057849,0.082188391826855139
69,1473458210,CONVERGED,WITHIN_RESIDUAL_BUDGET,1,9,1526890520,1526890520,0,1526890520,4426043.2410171786,-89428.110187730592,4576297.6567626465,-5405.8827657749207,63.09197061495238,11.386168568223995,68.65249302463161,69.583472084422738,0.42607618647061268,0.012289263534828515,0.076808679744983246
70,1473458211,CONVERGED,WITHIN_RESIDUAL_BUDGET,2,9,1526890520,1526890520,0,1526890520,4426043.4122640882,-89428.168845605134,4576297.8085870203,-5257.5839294547714,63.089385639610406,11.385722012791016,68.659884829812214,69.584217201953152,0.44638575380648565,0.011145545922720183,0.067856446940768256
71,1473458212,CONVERGED,WITHIN_RESIDUAL_BUDGET,1,9,1526890520,1526890520,0,1526890520,4426043.4311234783,-89428.176613473377,4576297.8036761424,-5109.3933699356612,63.08679661106877,11.385275806607101,68.667267823743387,69.584955040339111,0.42855244066033882,0.010488267419579173,0.070588207178022264
72,1473458213,CONVERGED,WITHIN_RESIDUAL_BUDGET,1,9,1526890520,1526890520,0,1526890520,4426043.4632742684,-89428.174212797763,4576297.7978463518,-4961.0949728764372,63.084205424097682,11.384830057264111,68.674643157996712,69.585687243381017,0.54761170368429868,0.016922353092850624,0.086377149043984941
73,1473458214,CONVERGED,WITHIN_RESIDUAL_BUDGET,2,9,1526890520,1526890520,0,1526890520,4426043.6805572296,-89428.222580952657,4576298.0264453962,-4812.6330246352736,63.081613112859117,11.384384862492336,68.682011163009903,69.586414318330995,0.62609913228308012,0.021699645486640648,0.090040108463219498
74,1473458215,CONVERGED,WITHIN_RESIDUAL_BUDGET,1,9,1526890520,1526890520,0,1526890520,4426043.6665342068,-89428.237647927366,4576298.1128089987,-4664.3357658365139,63.079014411795725,11.383939954286875,68.6893686945468,69.587131675678208,0.59800248367905628,0.021452505424965261,0.086112442186919672
75,1473458216,CONVERGED,WITHIN_RESIDUAL_BUDGET,1,9,1526890520,1526890520,0,1526890520,4426043.6578440163,-89428.286102986676,4576298.1899873409,-4515.975585009076,63.076412651507738,11.383495535880385,68.696718355730283,69.587842802282367,0.67911576395894846,0.027931088183938697,0.1001395458539641
76,1473458217,CONVERGED,WITHIN_RESIDUAL_BUDGET,2,9,1526890520,1526890520,0,1526890520,4426043.8666468579,-89428.343739966076,4576298.3898539459,-4367.4477081401274,63.073812187227539,11.383051714010545,68.704062557210335,69.588551580876143,0.65730961604377924,0.02527692278353303,0.088567459845940846
77,1473458218,CONVERGED,WITHIN_RESIDUAL_BUDGET,1,9,1526890520,1526890520,0,1526890520,4426043.7879208438,-89428.349406794092,4576298.4345320594,-4219.2090902566342,63.071204399526216,11.382608118122066,68.711395401504575,69.589249548771278,0.6779824946093771,0.026577562384386862,0.094048635653146667
78,1473458219,CONVERGED,WITHIN_RESIDUAL_BUDGET,1,9,1526890520,1526890520,0,1526890520,4426043.8118521972,-89428.296979279243,4576298.4092093231,-4070.9281740080328,63.068597955229166,11.382165046316894,68.718722959705275,69.589945566617075,0.64299650871201786,0.022965591119375475,0.095680388644131226
79,1473458220,CONVERGED,WITHIN_RESIDUAL_BUDGET,2,9,1526890520,1526890520,0,1526890520,4426043.7449646937,-89428.24333261518,4576298.3369323537,-3922.7743502494432,63.065987050006001,11.381722366664658,68.726041352775354,69.590633748099989,0.5819626030386027,0.019491017988799507,0.084964220983914276
80,1473458221,CONVERGED,WITHIN_RESIDUAL_BUDGET,2,9,1526890520,1526890520,0,1526890520,4426043.6487957817,-89428.279675016252,4576298.2345218509,-3774.6078527573654,63.063371425289731,11.381280201944874,68.733351281025477,69.591314447421368,0.5389165982038201,0.021522499073142735,0.079527475503991668
81,1473458222,CONVERGED,WITHIN_RESIDUAL_BUDGET,2,9,1526890520,1526890520,0,1526890520,4426043.587087282,-89428.286754820962,4576298.099244873,-3626.406272051312,63.060754673895694,11.380838508424945,68.740654174210675,69.591990603282369,0.52571152636285257,0.019056933077394887,0.081538649578417666
82,1473458223,CONVERGED,WITHIN_RESIDUAL_BUDGET,2,9,1526890520,1526890520,0,1526890520,4426043.5214275885,-89428.306513222022,4576297.928467676,-3478.261049244918,63.058135176168321,11.38039728876765,68.74794926235252,69.592660813257694,0.5594559113642158,0.019601616389046044,0.088947970897304052
83,1473458224,CONVERGED,WITHIN_RESIDUAL_BUDGET,1,9,1526890520,1526890520,0,1526890520,4426043.5845466061,-89428.345578042834,4576297.9609570261,-3329.9023287263781,63.05551393865845,11.379956557489121,68.75523626313084,69.593325118046181,0.58078174157868134,0.022385767218495948,0.091516046604025902
84,1473458225,CONVERGED,WITHIN_RESIDUAL_BUDGET,1,9,1526890520,1526890520,0,1526890520,4426043.5920096841,-89428.376753628589,4576297.9086090745,-3181.5958150554375,63.052889486212671,11.379516258748041,68.762515091265485,69.59398303665273,0.65503050872481627,0.025680286315445278,0.099319338506652449
85,1473458226,CONVERGED,WITHIN_RESIDUAL_BUDGET,2,9,1526890520,1526890520,0,1526890520,4426043.6250358177,-89428.356462057796,4576297.9798790207,-3033.1603033681654,63.050262715055098,11.379076333000876,68.769784976645369,69.594634236109215,0.6793500650243588,0.028502711011517228,0.098419223740701403
86,1473458227,CONVERGED,WITHIN_RESIDUAL_BUDGET,1,9,1526890520,1526890520,0,1526890520,4426043.6016105888,-89428.321016661852,4576298.010724931,-2884.8094763718568,63.04763243886233,11.378636812098589,68.777046161557138,69.595278472600654,0.65750607696288332,0.029151422960866012,0.092869757097374731
87,1473458228,CONVERGED,WITHIN_RESIDUAL_BUDGET,2,9,1526890520,1526890520,0,1526890520,4426043.5214552181,-89428.346878115335,4576297.9054341698,-2736.6095755409438,63.044998123105671,11.378197802579777,68.784299507824301,69.595916211540413,0.6365184693876228,0.028737721717713303,0.098664636397580122
88,1473458229,CONVERGED,WITHIN_RESIDUAL_BUDGET,1,9,1526890520,1526890520,0,1526890520,4426043.5211318089,-89428.405177005712,4576297.9690065552,-2588.2402517835626,63.042360925433869,11.377759262752097,68.791544155116654,69.596547071414392,0.6590269250687143,0.036291453379908155,0.1140779676118608
89,1473458230,CONVERGED,WITHIN_RESIDUAL_BUDGET,1,9,1526890520,1526890520,0,1526890520,4426043.4816689342,-89428.455696700446,4576297.9244483775,-2439.9361706753834,63.039721058153596,11.377321178885268,68.798781094823738,69.597172230146114,0.63615303840629323,0.03431354059070349,0.11620894726732391
90,1473458231,CONVERGED,WITHIN_RESIDUAL_BUDGET,2,9,1526890520,1526890520,0,1526890520,4426043.3930083141,-89428.50481733073,4576297.8017270537,-2291.7623502453825,63.03707790136545,11.376883532689673,68.806009786071641,69.597790935242429,0.63900405748250488,0.032002269649300655,0.11879211368330173
91,1473458232,CONVERGED,WITHIN_RESIDUAL_BUDGET,2,9,1526890520,1526890520,0,1526890520,4426043.3497367483,-89428.493472063506,4576297.6182689955,-2143.6890706434342,63.034434575366632,11.376446351072962,68.813231852132532,69.598405992856499,0.70140476063078105,0.039788584302974661,0.1324760343261798
92,1473458233,CONVERGED,WITHIN_RESIDUAL_BUDGET,1,9,1526890520,1526890520,0,1526890520,4426043.354248534,-89428.558832701194,4576297.5863210317,-1995.5605078262806,63.031786950890854,11.376009654095959,68.820444670445241,69.599013072326287,0.73067637595980794,0.040578289820241489,0.13434993131011275
93,1473458234,CONVERGED,WITHIN_RESIDUAL_BUDGET,1,9,1526890520,1526890520,0,1526890520,4426043.320783521,-89428.507721416623,4576297.567104199,-1847.4081858191687,63.029137500750849,11.375573267032655,68.827648642886757,69.59961394870902,0.73653140934593275,0.038833007823623561,0.1277691487109745
94,1473458235,CONVERGED,WITHIN_RESIDUAL_BUDGET,2,9,1526890520,1526890520,0,1526890520,4426043.4859807016,-89428.528668640371,4576297.8458654797,-1698.9189686510745,63.026486171424693,11.37513742762845,68.834844448544374,69.600208734452281,0.73521623117429935,0.038898538953760692,0.12073197127541961
95,1473458236,CONVERGED,WITHIN_RESIDUAL_BUDGET,1,9,1526890520,1526890520,0,1526890520,4426043.4200103758,-89428.49779143896,4576297.883833658,-1550.5572960264365,63.023829435169439,11.374701895004279,68.84203055189397,69.600795135023873,0.67789562022122574,0.036948040105061038,0.11008667742587661
96,1473458237,CONVERGED,WITHIN_RESIDUAL_BUDGET,2,9,1526890520,1526890520,0,1526890520,4426043.4345502071,-89428.520129796554,4576297.993226056,-1402.1688439791262,63.021170234627796,11.374266890882652,68.849208867213378,69.601375702362304,0.6614979371776325,0.037280192745139454,0.10707532138991765
97,1473458238,CONVERGED,WITHIN_RESIDUAL_BUDGET,2,9,1526890520,1526890520,0,1526890520,4426043.4276314164,-89428.546770240355,4576298.1456851568,-1253.7255824868653,63.018507222408545,11.373832297053449,68.85637796057469,69.601948733991591,0.76756436209855439,0.046016634017565596,0.12261578066451721
98,1473458239,CONVERGED,WITHIN_RESIDUAL_BUDGET,2,9,1526890520,1526890520,0,1526890520,4426043.4049454983,-89428.533651389342,4576298.0650658887,-1105.4315111675182,63.015843631448831,11.373398206465666,68.86354107897489,69.602518622167977,0.7495032840015764,0.041094727893419794,0.1228924212426864
99,1473458240,CONVERGED,WITHIN_RESIDUAL_BUDGET,2,9,1526890520,1526890520,0,1526890520,4426043.5058308821,-89428.484174257261,4576298.3443766525,-956.9458324279617,63.013177667502219,11.372964476020218,68.870694142646911,69.603080751484811,0.75941421842187695,0.046733407863345643,0.12179871759088839
100,1473458241,CONVERGED,WITHIN_RESIDUAL_BUDGET,2,9,1526890520,1526890520,0,1526890520,4426043.4091542615,-89428.496740105416,4576298.3275613151,-808.75772551770319,63.010505571437918,11.37253120070009,68.877838387879791,69.603634850331474,0.74265365475240919,0.04762279801664291,0.11707827892645088
101,1473458242,CONVERGED,WITHIN_RESIDUAL_BUDGET,1,9,1526890520,1526890520,0,1526890520,4426043.3882868905,-89428.506257984525,4576298.27984857,-660.60994687220273,63.007832686986347,11.372098447218947,68.884975935036806,69.604184941601588,0.78202029168813869,0.0500154671783185,0.12405570142582827
102,1473458243,CONVERGED,WITHIN_RESIDUAL_BUDGET,1,9,1526890520,1526890520,0,1526890520,4426043.3984366469,-89428.493913176382,4576298.2590200817,-512.42663255537889,63.005157789641807,11.371666133990407,68.892105370014377,69.604729293274019,0.78473416622942704,0.046922201747899364,0.12617778533812415
103,1473458244,CONVERGED,WITHIN_RESIDUAL_BUDGET,2,9,1526890520,1526890520,0,1526890520,4426043.3488530386,-89428.552226856555,4576298.1798764244,-364.19065866676863,63.002477839733167,11.371234296390023,68.899225766614393,69.605265751164836,0.74949838891109699,0.048374315357082739,0.11935751649626193
104,1473458245,CONVERGED,WITHIN_RESIDUAL_BUDGET,2,9,1526890520,1526890520,0,1526890520,4426043.2897877442,-89428.501053649248,4576298.1308208145,-216.04964048040372,62.999796371074709,11.370802787532044,68.906337441866512,69.605796297359745,0.66231921133793881,0.041158506844437059,0.11119772967598149
105,1473458246,CONVERGED,WITHIN_RESIDUAL_BUDGET,2,9,1526890520,1526890520,0,1526890520,4426043.2705964055,-89428.52693553768,4576297.9702923791,-67.895357585181884,62.997112543383246,11.370371871584494,68.913442426446125,69.6063221390542,0.66285075180533914,0.042859733483879496,0.10249760692963576
106,1473458247,CONVERGED,WITHIN_RESIDUAL_BUDGET,2,9,1526890520,1526890520,0,1526890520,4426043.2890518839,-89428.478144018736,4576298.0629142672,80.353169633664095,62.994425812753768,11.369941253348651,68.920536957497774,69.606839826763746,0.64664006465246604,0.038037893237356207,0.099494794508414572
107,1473458248,CONVERGED,WITHIN_RESIDUAL_BUDGET,1,9,1526890520,1526890520,0,1526890520,4426043.2532362957,-89428.481772078827,4576298.0987392245,228.56113833067221,62.991734429665556,11.369511097804548,68.927622514387849,69.607349899088064,0.61710044655054552,0.036732543585715399,0.095693131327688641
108,1473458249,CONVERGED,WITHIN_RESIDUAL_BUDGET,2,9,1526890520,1526890520,0,1526890520,4426043.353177771,-89428.520469546012,4576298.2323427526,376.93093668371876,62.989041892894164,11.369081489503785,68.934700841426945,69.607855269060735,0.64069022821115829,0.044008732135077687,0.11460404601798996
109,1473458250,CONVERGED,WITHIN_RESIDUAL_BUDGET,2,9,1526890520,1526890520,0,1526890520,4426043.2695846567,-89428.540412293136,4576298.1633331859,525.12659877800127,62.986344071260994,11.368652234635785,68.941769590391431,69.608352447332663,0.62165505036126423,0.039594151388304313,0.10638402955711543
110,1473458251,CONVERGED,WITHIN_RESIDUAL_BUDGET,1,9,1526890520,1526890520,0,1526890520,4426043.2743947133,-89428.602825298556,4576298.1598635679,673.37230477897447,62.983644093825191,11.368223504324241,68.948830559841198,69.608844050482716,0.65431119503214064,0.043839222975977428,0.10635442048988519
111,1473458252,CONVERGED,WITHIN_RESIDUAL_BUDGET,1,9,1526890520,1526890520,0,1526890520,4426043.3220846932,-89428.642041246771,4576298.1616790611,821.6319142558491,62.980942514755185,11.367795230837315,68.955883726950944,69.609330435567742,0.67343882453477977,0.037863488007869081,0.10900640063637834
112,1473458253,CONVERGED,WITHIN_RESIDUAL_BUDGET,1,9,1526890520,1526890520,0,1526890520,4426043.3873000788,-89428.678955335825,4576298.1430412903,969.91397770912272,62.978238584602465,11.367367420190794,68.96292885302573,69.609811072716127,0.71836798124671308,0.041832988187965443,0.12063874278829245
113,1473458254,CONVERGED,WITHIN_RESIDUAL_BUDGET,2,9,1526890520,1526890520,0,1526890520,4426043.5619368209,-89428.725276716796,4576298.3023805441,1118.354920592471,62.975532589724907,11.366940073164347,68.969965361949221,69.610285457336573,0.73804955989490728,0.041643401699946722,0.1169762042441235
114,1473458255,CONVERGED,WITHIN_RESIDUAL_BUDGET,1,9,1526890520,1526890520,0,1526890520,4426043.6417859662,-89428.739807077349,4576298.231742898,1266.6037513357371,62.972823841768637,11.366513159459533,68.976994156507175,69.610754389433808,0.68995253911242516,0.034770130755024407,0.1098772354589854
115,1473458256,CONVERGED,WITHIN_RESIDUAL_BUDGET,2,9,1526890520,1526890520,0,1526890520,4426043.6607339466,-89428.667869381083,4576298.3192837881,1414.9770918139316,62.970110774068381,11.366086485662359,68.984011634270217,69.6112139747204,0.7003042830459546,0.034601359939854442,0.1088005938340794
116,1473458257,CONVERGED,WITHIN_RESIDUAL_BUDGET,2,9,1526890520,1526890520,0,1526890520,4426043.7759824945,-89428.591118639612,4576298.4494994013,1563.4790174644804,62.967396700455538,11.36566031305248,68.991021744810325,69.611668949135719,0.7299452001489154,0.035089105940097266,0.11432325246023521
117,1473458258,CONVERGED,WITHIN_RESIDUAL_BUDGET,1,9,1526890520,1526890520,0,1526890520,4426043.6507834531,-89428.485774613015,4576298.5340990787,1711.7531865257235,62.964674762936859,11.365234360299604,68.998019389087489,69.61211214990044,0.71271266386148491,0.036047642149402551,0.10540807008150938
118,1473458259,CONVERGED,WITHIN_RESIDUAL_BUDGET,2,9,1526890520,1526890520,0,1526890520,4426043.5648420183,-89428.510682688371,4576298.4713524729,1859.9624419395884,62.961949735595695,11.364809054736146,69.005010404234042,69.612550422793475,0.7194477260559935,0.039992300602120306,0.10267069609115974
119,1473458260,CONVERGED,WITHIN_RESIDUAL_BUDGET,2,9,1526890520,1526890520,0,1526890520,4426043.6463573305,-89428.472007077988,4576298.5285780197,2008.2509357136744,62.959225717466055,11.364384229515434,69.011994557596495,69.612985433643601,0.74535661803299302,0.044175354394825977,0.10766790737867346
120,1473458261,CONVERGED,WITHIN_RESIDUAL_BUDGET,1,9,1526890520,1526890520,0,1526890520,4426043.6886147819,-89428.418750615849,4576298.5443184944,2156.5756266371086,62.956498321934326,11.363959813014034,69.018969778061262,69.613413587284185,0.74294865355901396,0.04147717009084214,0.10734148585527174
121,1473458262,CONVERGED,WITHIN_RESIDUAL_BUDGET,2,9,1526890520,1526890520,0,1526890520,4426043.5605794862,-89428.401800508625,4576298.4353011474,2304.745023472648,62.953764253291268,11.363535767170028,69.025934468151718,69.61383211054671,0.72282367641355605,0.043709030947188858,0.1128037342753905
122,1473458263,CONVERGED,WITHIN_RESIDUAL_BUDGET,1,9,1526890520,1526890520,0,1526890520,4426043.5371480752,-89428.427194819684,4576298.4025663836,2452.8674210383751,62.951028230089811,11.363112251340443,69.032891366989602,69.614245212904919,0.70389933811530736,0.045474891149577597,0.11271187128251592
123,1473458264,CONVERGED,WITHIN_RESIDUAL_BUDGET,1,9,1526890520,1526890520,0,1526890520,4426043.5059108557,-89428.443130597094,4576298.4608069258,2600.9408461902067,62.948288338590032,11.362689114929891,69.039838361403298,69.614650354540487,0.68937546763485558,0.0412733903261664,0.11436238837703859
124,1473458265,CONVERGED,WITHIN_RESIDUAL_BUDGET,1,9,1526890520,1526890520,0,1526890520,4426043.4833560064,-89428.507935399059,4576298.4827486509,2749.031246383528,62.945545046129062,11.36226647839695,69.046777029521905,69.615049080621105,0.65703385317052621,0.038182693056864621,0.099895257337518348
125,1473458266,CONVERGED,WITHIN_RESIDUAL_BUDGET,1,9,1526890520,1526890520,0,1526890520,4426043.4882719107,-89428.469370002815,4576298.5040961932,2897.1787018771961,62.942801091570651,11.361844217337646,69.053707623095306,69.61544297764155,0.65784442180929059,0.040012805118289044,0.11054005529357089
126,1473458267,CONVERGED,WITHIN_RESIDUAL_BUDGET,1,9,1526890520,1526890520,0,1526890520,4426043.4661429832,-89428.462208373996,4576298.4428702816,3045.3051006756423,62.940053553252334,11.361422430124398,69.06062975773736,69.615830336708129,0.64908057619126303,0.038666476985903059,0.10883696012346654
127,1473458268,CONVERGED,WITHIN_RESIDUAL_BUDGET,1,9,1526890520,1526890520,0,1526890520,4426043.4988352237,-89428.479632002447,4576298.4494326301,3193.4971610528082,62.937303217329116,11.361001115953286,69.067543247106656,69.616211256283179,0.76469944196055928,0.045171484677334575,0.10770687928313873
128,1473458269,CONVERGED,WITHIN_RESIDUAL_BUDGET,1,9,1526890520,1526890520,0,1526890520,4426043.4804002466,-89428.416640926152,4576298.4501268249,3341.6615426532449,62.934549979219923,11.360580126310399,69.074447197306228,69.616585136949055,0.76549003456841458,0.048484394062294045,0.11165656547080771
129,1473458270,CONVERGED,WITHIN_RESIDUAL_BUDGET,1,9,1526890520,1526890520,0,1526890520,4426043.480389148,-89428.354914968455,4576298.4678897681,3489.8899175272991,62.931793887179431,11.360159579841737,69.081342425954261,69.616952567206226,0.79997392843460124,0.054480921914079369,0.12089298918747576
130,1473458271,CONVERGED,WITHIN_RESIDUAL_BUDGET,2,9,1526890520,1526890520,0,1526890520,4426043.4697060175,-89428.34809829804,4576298.3716474613,3638.0934794851278,62.929034436235753,11.359739555215127,69.088229722426419,69.617314023238919,0.80578266096501683,0.057606129572855394,0.12603616226384595
131,1473458272,CONVERGED,WITHIN_RESIDUAL_BUDGET,1,9,1526890520,1526890520,0,1526890520,4426043.4105238933,-89428.313488193948,4576298.446531509,3786.2219686799617,62.926269723972652,11.35931981826532,69.095105394487774,69.617665494410673,0.7656316083839273,0.056093596603658834,0.13023905606677622
132,1473458273,CONVERGED,WITHIN_RESIDUAL_BUDGET,2,9,1526890520,1526890520,0,1526890520,4426043.5455028675,-89428.336295350411,4576298.5781463971,3934.3488684391341,62.923505012946947,11.358900710707076,69.101974928240722,69.618013846203397,0.75918336097873151,0.053760326574640201,0.12737435816458961
133,1473458274,CONVERGED,WITHIN_RESIDUAL_BUDGET,2,9,1526890520,1526890520,0,1526890520,4426043.6174408151,-89428.393407619355,4576298.6460434273,4082.4578810446906,62.920735610460646,11.358482036409901,69.108835023893704,69.618354391237318,0.77292552881158649,0.047723079465846592,0.10905685703196938
134,1473458275,CONVERGED,WITHIN_RESIDUAL_BUDGET,2,9,1526890520,1526890520,0,1526890520,4426043.5763632208,-89428.392777610628,4576298.4741810132,4230.4356671152882,62.917963371071011,11.358063754291756,69.115686902713733,69.618689210628304,0.76779378151992439,0.037803234378408199,0.10452951752573179
135,1473458276,CONVERGED,WITHIN_RESIDUAL_BUDGET,1,9,1526890520,1526890520,0,1526890520,4426043.5843459116,-89428.341336951926,4576298.4211059939,4378.5204308165185,62.915188982196241,11.357645851697455,69.122529500694426,69.619017456644968,0.72709988103158829,0.033412832711443241,0.1018301794276858
136,1473458277,CONVERGED,WITHIN_RESIDUAL_BUDGET,1,9,1526890520,1526890520,0,1526890520,4426043.5624340558,-89428.354105647726,4576298.5133677684,4526.7680259763383,62.912408383293226,11.357228339742878,69.129360815589706,69.619335529852478,0.73329919664419407,0.036455986744582371,0.10616638795969632
137,1473458278,CONVERGED,WITHIN_RESIDUAL_BUDGET,1,9,1526890520,1526890520,0,1526890520,4426043.5392001513,-89428.431140707005,4576298.4415061306,4674.9204975728881,62.909624859782667,11.356811385819043,69.136184802547291,69.619648393120499,0.79695049426748743,0.043414725069133825,0.11315095697667679
138,1473458279,CONVERGED,WITHIN_RESIDUAL_BUDGET,2,9,1526890520,1526890520,0,1526890520,4426043.3606159976,-89428.475078489922,4576298.3843367547,4823.0013466075452,62.906834893283119,11.356394687842505,69.142996847826097,69.619950663265641,0.75059733534530515,0.036954384841006743,0.10764255749594924
139,1473458280,CONVERGED,WITHIN_RESIDUAL_BUDGET,2,9,1526890520,1526890520,0,1526890520,4426043.4688849086,-89428.527959116254,4576298.4501703363,4971.2618046361322,62.904047337758911,11.355978630373807,69.149803708220901,69.620251719005026,0.75441424092653864,0.035773186808452442,0.10779875666361999
140,1473458281,CONVERGED,WITHIN_RESIDUAL_BUDGET,2,9,1526890520,1526890520,0,1526890520,4426043.2335099764,-89428.608943537343,4576298.3191448171,5119.2127739299385,62.901249610266206,11.355562805750791,69.156597392329729,69.620539614003121,0.71947495517150617,0.036493088337690022,0.10848543046244258
141,1473458282,CONVERGED,WITHIN_RESIDUAL_BUDGET,1,9,1526890520,1526890520,0,1526890520,4426043.1760747945,-89428.629272820428,4576298.4171239715,5267.4483228583085,62.898451975504997,11.35514741605631,69.163382834115168,69.620822757153647,0.70670370817413974,0.041107739894045037,0.10536265349205225
142,1473458283,CONVERGED,WITHIN_RESIDUAL_BUDGET,2,9,1526890520,1526890520,0,1526890520,4426043.0818767436,-89428.66933167004,4576298.3855539532,5415.6445066911092,62.895651010078495,11.354732498823727,69.170159936326115,69.621099736590423,0.70593594416323746,0.042410668014439823,0.11311704905208067
143,1473458284,CONVERGED,WITHIN_RESIDUAL_BUDGET,1,9,1526890520,1526890520,0,1526890520,4426043.1376241017,-89428.695745444915,4576298.3762173811,5563.9193546890128,62.892850404947019,11.354318124807817,69.176930456885529,69.621373569581792,0.78643837881206968,0.052802647976518763,0.13048501699727469
144,1473458285,CONVERGED,WITHIN_RESIDUAL_BUDGET,1,9,1526890520,1526890520,0,1526890520,4426043.1212496338,-89428.635324450472,4576298.3494989891,5712.1014680477947,62.890046475544857,11.353904051002814,69.183690943689001,69.621639893824437,0.81022421819409796,0.048982402785264847,0.13119657110921448
145,1473458286,CONVERGED,WITHIN_RESIDUAL_BUDGET,2,9,1526890520,1526890520,0,1526890520,4426043.0089471387,-89428.559043298286,4576298.2995768311,5860.2750097587341,62.887237486142581,11.353490316117227,69.190440840764325,69.621897414573041,0.72739926122149556,0.040410170110586778,0.12051700091505534
146,1473458287,CONVERGED,WITHIN_RESIDUAL_BUDGET,2,9,1526890520,1526890520,0,1526890520,4426042.8790856991,-89428.506769796586,4576298.1689124014,6008.3963583510158,62.884425089819452,11.35307704992143,69.197182128013679,69.622148497368784,0.66104877210520296,0.033942434021997391,0.10630179362869843
147,1473458288,CONVERGED,WITHIN_RESIDUAL_BUDGET,1,9,1526890520,1526890520,0,1526890520,4426042.8728143619,-89428.416981049639,4576298.1258066259,6156.5187105147616,62.881612256416517,11.352664252902569,69.203915613621277,69.622395080183367,0.55764622818106646,0.028176482799903653,0.1022380305352691
148,1473458289,CONVERGED,WITHIN_RESIDUAL_BUDGET,1,9,1526890520,1526890520,0,1526890520,4426042.8356162906,-89428.334642150483,4576298.1082032388,6304.6778736925307,62.878795076910293,11.352251849443988,69.210639066702498,69.622633589107679,0.55587986117794574,0.026818041999948847,0.097804731549722371
149,1473458290,CONVERGED,WITHIN_RESIDUAL_BUDGET,2,9,1526890520,1526890520,0,1526890520,4426042.6170034157,-89428.340221564184,4576297.9144197442,6452.5747488276184,62.875970303755501,11.351839861326592,69.217351789556886,69.622862078876395,0.61018338166252795,0.034833333706980482,0.11415082113257274
150,1473458291,CONVERGED,WITHIN_RESIDUAL_BUDGET,1,9,1526890520,1526890520,0,1526890520,4426042.7141715279,-89428.308680893504,4576297.9049931923,6600.790271715995,62.873148797735681,11.35142847122542,69.224059096482804,69.623089621166883,0.65224283422848406,0.034498637687674819,0.11764370112114986
151,1473458292,CONVERGED,WITHIN_RESIDUAL_BUDGET,2,9,1526890520,1526890520,0,1526890520,4426042.7205118183,-89428.325763789893,4576298.00492856,6749.0469793572202,62.87032009960663,11.351017414485694,69.230754207276078,69.62330595304708,0.65760794344967011,0.033739369530723554,0.11709200861679481
152,1473458293,CONVERGED,WITHIN_RESIDUAL_BUDGET,1,9,1526890520,1526890520,0,1526890520,4426042.7702644458,-89428.318010127303,4576297.9770021513,6897.2407097821888,62.867490624494238,11.350606862213809,69.237442348583002,69.623518502974477,0.63708042632015605,0.033788878469134032,0.11590358745772666
153,1473458294,CONVERGED,WITHIN_RESIDUAL_BUDGET,2,9,1526890520,1526890520,0,1526890520,4426042.9191628927,-89428.266406744602,4576297.979548566,7045.39610349746,62.864660671599637,11.350196776143287,69.244122809289564,69.623726721426223,0.64208357309430286,0.036549866672427309,0.11183353252571748
154,1473458295,CONVERGED,WITHIN_RESIDUAL_BUDGET,2,9,1526890520,1526890520,0,1526890520,4426042.8733291142,-89428.304983096852,4576297.8709419137,7193.3875788258711,62.861822190050091,11.349787063202651,69.250791486291661,69.623923622307942,0.66505147407368537,0.038282477106001571,0.11630852600039507
155,1473458296,CONVERGED,WITHIN_RESIDUAL_BUDGET,1,9,1526890520,1526890520,0,1526890520,4426042.8780918103,-89428.257739651352,4576297.8882656926,7341.6173899040332,62.858981969003352,11.349377692528661,69.257450586454908,69.624114058351481,0.66250468375444804,0.038096506759199643,0.12022365563244909
156,1473458297,CONVERGED,WITHIN_RESIDUAL_BUDGET,2,9,1526890520,1526890520,0,1526890520,4426043.037225672,-89428.203094870871,4576298.0661076149,7490.0048860562983,62.856140842486923,11.348968807689186,69.264101426490555,69.624299378574335,0.60049144055214521,0.028939401362014575,0.10701182927661192
157,1473458298,CONVERGED,WITHIN_RESIDUAL_BUDGET,2,9,1526890520,1526890520,0,1526890520,4426042.8973196931,-89428.162672506907,4576297.8965875925,7638.0755881186014,62.853291975911809,11.348560246852708,69.270741338554899,69.624474723173691,0.56488261314995403,0.026126598905069309,0.1038022680939569
158,1473458299,CONVERGED,WITHIN_RESIDUAL_BUDGET,2,9,1526890520,1526890520,0,1526890520,4426042.8131866613,-89428.202839843187,4576297.8139427016,7786.1536022762029,62.850438971634887,11.348152186148006,69.277371783018509,69.624642493634695,0.57277714823429815,0.025192637414745884,0.10004144048427059
159,1473458300,CONVERGED,WITHIN_RESIDUAL_BUDGET,2,9,1526890520,1526890520,0,1526890520,4426042.9255466489,-89428.15748812478,4576297.9809037885,7934.5003668475583,62.847586605925599,11.347744543223671,69.283993872138595,69.624805791428003,0.57540897473914665,0.0252459563732183,0.099516416363726379
160,1473458301,CONVERGED,WITHIN_RESIDUAL_BUDGET,2,9,1526890520,1526890520,0,1526890520,4426043.001193082,-89428.184380915074,4576298.0412714351,8082.8299633329789,62.844729686872277,11.347337398494769,69.290606971526643,69.624961892674222,0.55164043722019218,0.024132810413722235,0.098809082086563776
161,1473458302,CONVERGED,WITHIN_RESIDUAL_BUDGET,1,9,1526890520,1526890520,0,1526890520,4426043.0154665969,-89428.184546297023,4576298.0506091071,8231.0995536525334,62.841868817561704,11.346930623200084,69.297210187762161,69.625110411057676,0.55913794654083449,0.027721455791983866,0.11231366748527578
162,1473458303,CONVERGED,WITHIN_RESIDUAL_BUDGET,1,9,1526890520,1526890520,0,1526890520,4426043.016276733,-89428.27257541586,4576298.0208298955,8379.2776306973483,62.839003083956605,11.346524347344426,69.303804014601567,69.625251208362087,0.54939769418714646,0.030488439748149007,0.11291586568534333
163,1473458304,CONVERGED,WITHIN_RESIDUAL_BUDGET,1,9,1526890520,1526890520,0,1526890520,4426043.0134433452,-89428.323505418695,4576297.9348250125,8527.4032975504433,62.836134973921432,11.346118486775593,69.310389064496292,69.625386059926882,0.60736340389733712,0.038454443971668584,0.12267332654434365
164,1473458305,CONVERGED,WITHIN_RESIDUAL_BUDGET,1,9,1526890520,1526890520,0,1526890520,4426043.0225667153,-89428.310668951512,4576298.002104586,8675.6859683405364,62.8332635367695,11.345712936150933,69.316963332085081,69.625512767066496,0.61194743330351997,0.043022153223415488,0.1251868129606839
165,1473458306,CONVERGED,WITHIN_RESIDUAL_BUDGET,2,9,1526890520,1526890520,0,1526890520,4426042.8714767192,-89428.310455458544,4576297.8247691877,8823.7148128239915,62.830386745069418,11.345307784300505,69.323527929454187,69.625631574594209,0.64231543852109674,0.049175992460567725,0.1421059849893084
166,1473458307,CONVERGED,WITHIN_RESIDUAL_BUDGET,1,9,1526890520,1526890520,0,1526890520,4426042.8214567257,-89428.40762296044,4576297.7868022593,8971.9207204706727,62.827506107638818,11.344903160826906,69.330083147332601,69.625743003336723,0.67000396702660436,0.050003036435685072,0.1447000139637826
167,1473458308,CONVERGED,WITHIN_RESIDUAL_BUDGET,2,9,1526890520,1526890520,0,1526890520,4426042.8621110432,-89428.398631233707,4576297.9067704603,9120.2852519550052,62.824624661732344,11.344498882057586,69.336629019221263,69.625848650257041,0.63432593680874394,0.048692512963193955,0.14336519713296644
168,1473458309,CONVERGED,WITHIN_RESIDUAL_BUDGET,2,9,1526890520,1526890520,0,1526890520,4426042.8705693344,-89428.380399820337,4576298.0047436301,9268.5985242042061,62.821739368488025,11.344094997669913,69.343165072976518,69.625946818345511,0.59195967079396428,0.043273671392614524,0.13549134974747937
169,1473458310,CONVERGED,WITHIN_RESIDUAL_BUDGET,2,9,1526890520,1526890520,0,1526890520,4426042.9409843376,-89428.396490172905,4576298.1538044745,9416.9434165737493,62.818851094671508,11.343691594513638,69.34969211776145,69.626038454467448,0.63063409389995118,0.046720544573411314,0.14407735696419785
170,1473458311,CONVERGED,WITHIN_RESIDUAL_BUDGET,1,9,1526890520,1526890520,0,1526890520,4426042.880588402,-89428.33440023537,4576298.1734484583,9565.254518439302,62.815958686813261,11.34328848865252,69.356208849746764,69.626122253885427,0.68169794598430089,0.051312181996744519,0.15302488740239353
171,1473458312,CONVERGED,WITHIN_RESIDUAL_BUDGET,2,9,1526890520,1526890520,0,1526890520,4426042.8513306668,-89428.37751459844,4576298.0181783885,9713.4597123226267,62.813063254321342,11.342885997545004,69.362718343460045,69.626201065456016,0.66638538484639753,0.045162482754250742,0.14456010419197357
172,1473458313,CONVERGED,WITHIN_RESIDUAL_BUDGET,2,9,1526890520,1526890520,0,1526890520,4426042.7497959053,-89428.389482537677,4576297.8936769981,9861.5730354991028,62.810162916099138,11.34248382002688,69.369216675879699,69.626270837967084,0.7122331364554344,0.054840135277894775,0.15916846480356439
173,1473458314,CONVERGED,WITHIN_RESIDUAL_BUDGET,2,9,1526890520,1526890520,0,1526890520,4426042.7029666882,-89428.355170039329,4576297.8300049361,10009.820409056083,62.807260668158271,11.342082046126023,69.375705858102918,69.626334548568551,0.70082024507795815,0.048829023767206638,0.15447362912855647
174,1473458315,CONVERGED,WITHIN_RESIDUAL_BUDGET,2,9,1526890520,1526890520,0,1526890520,4426042.6592101119,-89428.392305603978,4576297.7681435999,10158.072321470076,62.804353800294045,11.341680750766338,69.382185347176517,69.6263904684658,0.67786455112641908,0.044857940716791722,0.14524749601449632
175,1473458316,CONVERGED,WITHIN_RESIDUAL_BUDGET,2,9,1526890520,1526890520,0,1526890520,4426042.7210041471,-89428.392962624683,4576297.8503061887,10306.421757307497,62.80144534663021,11.341279874929821,69.388655630019869,69.626440364825527,0.64103110229073013,0.041678040397941478,0.13933454020468425
176,1473458317,CONVERGED,WITHIN_RESIDUAL_BUDGET,1,9,1526890520,1526890520,0,1526890520,4426042.7633506954,-89428.363569177891,4576297.7892950205,10454.697637444222,62.798534654960889,11.340879441969779,69.395117607386467,69.626484907650934,0.56161346201249962,0.033098752196894683,0.12581912059834155
177,1473458318,CONVERGED,WITHIN_RESIDUAL_BUDGET,2,9,1526890520,1526890520,0,1526890520,4426042.8278857935,-89428.336508757799,4576297.9934920138,10603.164450552431,62.795618717479243,11.340479325864994,69.401567390001716,69.626519223919829,0.520368888417715,0.026885922404610331,0.11342472635257674
178,1473458319,CONVERGED,WITHIN_RESIDUAL_BUDGET,2,9,1526890520,1526890520,0,1526890520,4426042.9968603132,-89428.345003161769,4576298.175361244,10751.739958458142,62.792701334042768,11.340079762988575,69.408009616389606,69.6265489980523,0.51389469441345137,0.023298864840906101,0.10268146525660583
179,1473458320,CONVERGED,WITHIN_RESIDUAL_BUDGET,2,9,1526890520,1526890520,0,1526890520,4426043.0727748675,-89428.240040208082,4576298.2669027857,10900.105847005283,62.789780904100141,11.339680482255362,69.414441722203719,69.626571645796929,0.55710004870242835,0.024477929713332035,0.10291861837269273
