epoch_id,channel,residual_m
7,3,-0.34506376832723618
7,15,1.1861529722809792
7,17,-0.26678574457764626
7,24,-0.024997510015964508
7,25,-0.3229871392250061
7,27,0.21481712162494659
7,28,0.12886842340230942
7,30,-0.022863227874040604
8,3,-0.25196301937103271
8,15,1.0877747014164925
8,17,-0.29282918944954872
8,24,0.0048131495714187622
8,25,-0.30954830721020699
8,27,0.23460536450147629
8,28,0.12019525468349457
8,30,-0.030269518494606018
9,3,-0.37004054337739944
9,15,1.0396677926182747
9,17,-0.31238624453544617
9,24,0.05698569118976593
9,25,-0.290113415569067
9,27,0.23024560511112213
9,28,0.1040237620472908
9,30,-0.020144011825323105
10,3,-0.38861490786075592
10,15,0.93765061721205711
10,17,-0.26581643521785736
10,24,0.029418699443340302
10,25,-0.23669353872537613
10,27,0.21021689847111702
10,28,0.097716104239225388
10,30,-0.042108684778213501
11,3,-0.51850790157914162
11,15,0.93348100781440735
11,17,-0.25103536993265152
11,24,0.0028019063174724579
11,25,-0.18400887027382851
11,27,0.22581898048520088
11,28,0.10313279926776886
11,30,-0.093425441533327103
12,3,-0.53692838922142982
12,15,0.85834742709994316
12,17,-0.25098706409335136
12,24,-0.0016890950500965118
12,25,-0.13631581887602806
12,27,0.24587823823094368
12,28,0.10111882165074348
12,30,-0.13406267762184143
13,3,-0.78427299112081528
13,15,0.87375986576080322
13,17,-0.24279972165822983
13,24,-0.020542427897453308
13,25,-0.064894750714302063
13,27,0.26919456198811531
13,28,0.10601392760872841
13,30,-0.20088754221796989
14,3,-0.64403178915381432
14,15,1.0288531295955181
14,17,-0.28836996108293533
14,24,-0.042946882545948029
14,25,-0.13381842896342278
14,27,0.3163674920797348
14,28,0.13277497515082359
14,30,-0.20661817118525505
15,3,-0.46963472291827202
15,15,1.0638057626783848
15,17,-0.32866266742348671
15,24,-0.0023254416882991791
15,25,-0.21282573789358139
15,27,0.31421903893351555
15,28,0.13040971383452415
15,30,-0.14557905867695808
16,3,-0.45216981321573257
16,15,0.98239494487643242
16,17,-0.33118629455566406
16,24,0.037646736949682236
16,25,-0.21209155768156052
16,27,0.29269600659608841
16,28,0.1131744273006916
16,30,-0.11407386884093285
17,3,-0.51434550434350967
17,15,0.94234638288617134
17,17,-0.39495566487312317
17,24,0.16478490084409714
17,25,-0.25436972081661224
17,27,0.27328892052173615
17,28,0.081931218504905701
17,30,-0.032509125769138336
18,3,-0.60861826315522194
18,15,0.9495941586792469
18,17,-0.3743557333946228
18,24,0.2008170560002327
18,25,-0.2802145816385746
18,27,0.21386647596955299
18,28,0.064571432769298553
18,30,0.035719029605388641
19,3,-0.79899105802178383
19,15,1.0519473701715469
19,17,-0.28419146686792374
19,24,0.12387492880225182
19,25,-0.26701949536800385
19,27,0.15339792892336845
19,28,0.07442101463675499
19,30,0.040163341909646988
20,3,-0.79415693879127502
20,15,1.1092556677758694
20,17,-0.24263414740562439
20,24,0.061933573335409164
20,25,-0.26678904518485069
20,27,0.14197181910276413
20,28,0.08901277557015419
20,30,0.025565147399902344
21,3,-0.87732339277863503
21,15,1.1521846614778042
21,17,-0.17927300557494164
21,24,0.023936495184898376
21,25,-0.27145902812480927
21,27,0.085140902549028397
21,28,0.088988576084375381
21,30,0.053798753768205643
22,3,-0.87918940931558609
22,15,1.1668432056903839
22,17,-0.15560230240225792
22,24,-0.027297310531139374
22,25,-0.24588722735643387
22,27,0.098066948354244232
22,28,0.10199384391307831
22,30,0.012293912470340729
23,3,-0.92973609641194344
23,15,1.2159838490188122
23,17,-0.21798567473888397
23,24,0.013546314090490341
23,25,-0.25735313817858696
23,27,0.14319400116801262
23,28,0.10514779016375542
23,30,-0.0018010362982749939
24,3,-1.1096469387412071
24,15,1.2552835159003735
24,17,-0.26396480202674866
24,24,0.072786916047334671
24,25,-0.25609801337122917
24,27,0.15876301005482674
24,28,0.097100649029016495
24,30,0.0030795782804489136
25,3,-0.98100795596837997
25,15,1.3656491599977016
25,17,-0.2671915628015995
25,24,0.026869390159845352
25,25,-0.30448531359434128
25,27,0.17633327841758728
25,28,0.11981846392154694
25,30,0.00049283355474472046
26,3,-1.0929299332201481
26,15,1.4040646180510521
26,17,-0.26742898672819138
26,24,0.044668782502412796
26,25,-0.31130510568618774
26,27,0.16055648401379585
26,28,0.11535397171974182
26,30,0.019197992980480194
27,3,-0.94734534621238708
27,15,1.3976574614644051
27,17,-0.34238022565841675
27,24,0.11200228333473206
27,25,-0.36453951522707939
27,27,0.19274026528000832
27,28,0.11024074256420135
27,30,0.051147546619176865
28,3,-0.93452518805861473
28,15,1.3179532177746296
28,17,-0.35216227546334267
28,24,0.11914727464318275
28,25,-0.3275071457028389
28,27,0.21427183225750923
28,28,0.10635814070701599
28,30,0.01996714249253273
29,3,-0.87891263142228127
29,15,1.2649596855044365
29,17,-0.34153555333614349
29,24,0.14278554916381836
29,25,-0.34436769783496857
29,27,0.18115545436739922
29,28,0.093219771981239319
29,30,0.063600163906812668
30,3,-0.79868584498763084
30,15,1.0713677816092968
30,17,-0.32558154687285423
30,24,0.15341173484921455
30,25,-0.28511866927146912
30,27,0.17867846786975861
30,28,0.076418127864599228
30,30,0.042539305984973907
31,3,-0.74662588909268379
31,15,1.0092585310339928
31,17,-0.26501214131712914
31,24,0.094310596585273743
31,25,-0.24973355978727341
31,27,0.15622362121939659
31,28,0.079473946243524551
31,30,0.021190494298934937
32,3,-0.77078582346439362
32,15,1.0668158568441868
32,17,-0.21845876052975655
32,24,-0.0082887262105941772
32,25,-0.20702695846557617
32,27,0.17963705211877823
32,28,0.10674422979354858
32,30,-0.056422986090183258
33,3,-0.5913325734436512
33,15,1.098292414098978
33,17,-0.17092291638255119
33,24,-0.10802580416202545
33,25,-0.20965070649981499
33,27,0.18718131259083748
33,28,0.13205171376466751
33,30,-0.092763781547546387
34,3,-0.51296641677618027
34,15,1.1926511041820049
34,17,-0.25250644236803055
34,24,-0.10847095400094986
34,25,-0.23045642673969269
34,27,0.28115081787109375
34,28,0.15706342831254005
34,30,-0.15000374242663383
35,3,-0.48978322744369507
35,15,1.2745469808578491
35,17,-0.23850348219275475
35,24,-0.17766459286212921
35,25,-0.22487848252058029
35,27,0.31034848093986511
35,28,0.18192755430936813
35,30,-0.19950487092137337
36,3,-0.55435332655906677
36,15,1.0954311415553093
36,17,-0.21530339494347572
36,24,-0.18358790129423141
36,25,-0.12229329720139503
36,27,0.32286549732089043
36,28,0.16923480480909348
36,30,-0.26361773908138275
37,3,-0.42281190305948257
37,15,1.0257635600864887
37,17,-0.20786181837320328
37,24,-0.15332593023777008
37,25,-0.15500332042574883
37,27,0.28500146046280861
37,28,0.1539069302380085
37,30,-0.20398248732089996
38,3,-0.31235266104340553
38,15,0.86531079560518265
38,17,-0.20693830773234367
38,24,-0.12614069506525993
38,25,-0.12699979916214943
38,27,0.27942133322358131
38,28,0.13661327213048935
38,30,-0.20022501796483994
39,3,-0.27935716882348061
39,15,0.87618039175868034
39,17,-0.24233345687389374
39,24,-0.078691955655813217
39,25,-0.16475552693009377
39,27,0.27927102893590927
39,28,0.12952221930027008
39,30,-0.16249476373195648
40,3,-0.14781524240970612
40,15,0.98178355023264885
40,17,-0.19945084676146507
40,24,-0.18167543783783913
40,25,-0.18792081251740456
40,27,0.28583427891135216
40,28,0.16052718460559845
40,30,-0.19036909565329552
41,3,-0.25866013020277023
41,15,1.153483297675848
41,17,-0.2607276663184166
41,24,-0.13308393955230713
41,25,-0.256736870855093
41,27,0.30209909006953239
41,28,0.16703640297055244
41,30,-0.15305117517709732
42,3,-0.2728179432451725
42,15,1.2126705422997475
42,17,-0.25251330435276031
42,24,-0.13577364385128021
42,25,-0.28751259669661522
42,27,0.28186672553420067
42,28,0.16899201273918152
42,30,-0.12400301918387413
43,3,-0.34092287346720695
43,15,1.1667749918997288
43,17,-0.26551816239953041
43,24,-0.12925218790769577
43,25,-0.24340187385678291
43,27,0.30893007665872574
43,28,0.16745169088244438
43,30,-0.16531331092119217
44,3,-0.45159188657999039
44,15,1.260962575674057
44,17,-0.28753526881337166
44,24,-0.14084961265325546
44,25,-0.23965092375874519
44,27,0.34248291701078415
44,28,0.18132371082901955
44,30,-0.19931370764970779
45,3,-0.48242088034749031
45,15,1.3711531274020672
45,17,-0.29873774200677872
45,24,-0.18234004452824593
45,25,-0.24532189592719078
45,27,0.37975123897194862
45,28,0.20395994558930397
45,30,-0.2401825450360775
46,3,-0.3494565337896347
46,15,1.3046206459403038
46,17,-0.24687568843364716
46,24,-0.26128038391470909
46,25,-0.205826286226511
46,27,0.38367157056927681
46,28,0.21565625444054604
46,30,-0.28815063461661339
47,3,-0.22652745619416237
47,15,1.2518622316420078
47,17,-0.21585388109087944
47,24,-0.32342035323381424
47,25,-0.17376935109496117
47,27,0.39951818436384201
47,28,0.22728394344449043
47,30,-0.33522330597043037
48,3,-0.31920570880174637
48,15,1.1747861914336681
48,17,-0.20063995942473412
48,24,-0.30880845710635185
48,25,-0.13090725615620613
48,27,0.38595345616340637
48,28,0.21431444957852364
48,30,-0.3436058945953846
49,3,-0.3737519346177578
49,15,1.1585048735141754
49,17,-0.16222910955548286
49,24,-0.34777886793017387
49,25,-0.095312256366014481
49,27,0.37587086111307144
49,28,0.21732921153306961
49,30,-0.36983847618103027
50,3,-0.27127795293927193
50,15,0.9126952700316906
50,17,-0.15633640065789223
50,24,-0.33250145241618156
50,25,-0.010954134166240692
50,27,0.39292924106121063
50,28,0.1984410397708416
50,30,-0.41563315317034721
51,3,-0.2633073478937149
51,15,0.84729607030749321
51,17,-0.16348180919885635
51,24,-0.29868495464324951
51,25,-0.0058532096445560455
51,27,0.38242028281092644
51,28,0.18525849655270576
51,30,-0.39741431921720505
52,3,-0.24842352420091629
52,15,0.82816598936915398
52,17,-0.12990782037377357
52,24,-0.31450621038675308
52,25,-0.0059902220964431763
52,27,0.35149754956364632
52,28,0.18154189735651016
52,30,-0.37988396361470222
53,3,-0.55182595178484917
53,15,0.76577101647853851
53,17,-0.12628495320677757
53,24,-0.23849038407206535
53,25,0.037947792559862137
53,27,0.30955964326858521
53,28,0.15022940933704376
53,30,-0.35130015760660172
54,3,-0.54697286337614059
54,15,0.83084837719798088
54,17,-0.15139587596058846
54,24,-0.22198688983917236
54,25,0.0011534653604030609
54,27,0.31615456938743591
54,28,0.15411542356014252
54,30,-0.33131679520010948
55,3,-0.59729251638054848
55,15,0.86340317502617836
55,17,-0.17393925786018372
55,24,-0.16890041157603264
55,25,-0.038306999951601028
55,27,0.29431070759892464
55,28,0.14296453073620796
55,30,-0.27707894146442413
56,3,-0.58095812797546387
56,15,0.72875230759382248
56,17,-0.13440217822790146
56,24,-0.16779150068759918
56,25,0.0040697753429412842
56,27,0.26146771758794785
56,28,0.12600046396255493
56,30,-0.27315208688378334
57,3,-0.59334709867835045
57,15,0.7034977450966835
57,17,-0.12803687155246735
57,24,-0.13795581087470055
57,25,-0.010645445436239243
57,27,0.22895434871315956
57,28,0.11288256943225861
57,30,-0.23107347264885902
58,3,-0.78809447214007378
58,15,0.72606885060667992
58,17,-0.11164513602852821
58,24,-0.14654358103871346
58,25,0.028535787016153336
58,27,0.22531257569789886
58,28,0.11222570016980171
58,30,-0.25674013420939445
59,3,-0.76151236891746521
59,15,0.8308357447385788
59,17,-0.064658567309379578
59,24,-0.24072302505373955
59,25,0.023061443120241165
59,27,0.22570068389177322
59,28,0.13842394948005676
59,30,-0.28844524174928665
60,3,-0.83597460389137268
60,15,0.7867247499525547
60,17,-0.081034693866968155
60,24,-0.19919082894921303
60,25,0.038398284465074539
60,27,0.22392317652702332
60,28,0.12567438185214996
60,30,-0.28142267093062401
61,3,-0.82963615283370018
61,15,0.56183486431837082
61,17,-0.13117249682545662
61,24,-0.13190473616123199
61,25,0.12493886426091194
61,27,0.27605252340435982
61,28,0.10336741432547569
61,30,-0.33764016628265381
62,3,-0.85897687450051308
62,15,0.5860639363527298
62,17,-0.13654245808720589
62,24,-0.15543247759342194
62,25,0.14428555220365524
62,27,0.304422527551651
62,28,0.11387748271226883
62,30,-0.37757809087634087
63,3,-0.92924866080284119
63,15,0.53856179118156433
63,17,-0.12579154223203659
63,24,-0.16481652855873108
63,25,0.19099849089980125
63,27,0.31363202258944511
63,28,0.11166323348879814
63,30,-0.41314950585365295
64,3,-0.77403725311160088
64,15,0.4781256802380085
64,17,-0.12599757313728333
64,24,-0.15080410987138748
64,25,0.16768616065382957
64,27,0.2992619052529335
64,28,0.10440042242407799
64,30,-0.38115077093243599
65,3,-0.79897793009877205
65,15,0.58129282668232918
65,17,-0.075067736208438873
65,24,-0.23365722224116325
65,25,0.16438941657543182
65,27,0.28742450103163719
65,28,0.12535183131694794
65,30,-0.40224248170852661
66,3,-0.75190796703100204
66,15,0.60871667042374611
66,17,-0.09806470200419426
66,24,-0.19595341384410858
66,25,0.11534418165683746
66,27,0.2741108201444149
66,28,0.11981163173913956
66,30,-0.35242202132940292
67,3,-0.72509819269180298
67,15,0.4974968284368515
67,17,-0.070891678333282471
67,24,-0.18802827969193459
67,25,0.14439043030142784
67,27,0.24732144922018051
67,28,0.10465414822101593
67,30,-0.34365570172667503
68,3,-0.73384855315089226
68,15,0.61506671458482742
68,17,0.0050148330628871918
68,24,-0.27867819368839264
68,25,0.12132544815540314
68,27,0.20240333676338196
68,28,0.12284193560481071
68,30,-0.33312960341572762
69,3,-0.91903247311711311
69,15,0.74932330846786499
69,17,-0.026117149740457535
69,24,-0.20549103245139122
69,25,0.05117359384894371
69,27,0.16394107416272163
69,28,0.11193022504448891
69,30,-0.24794113263487816
70,3,-0.71815932914614677
70,15,0.75037789344787598
70,17,-0.02486008033156395
70,24,-0.19858077168464661
70,25,-0.012194640934467316
70,27,0.1377454474568367
70,28,0.11017704010009766
70,30,-0.18854661285877228
71,3,-0.54748868569731712
71,15,0.79539472609758377
71,17,-0.044024862349033356
71,24,-0.16355592757463455
71,25,-0.10468341410160065
71,27,0.10710806027054787
71,28,0.10615186765789986
71,30,-0.10170888155698776
72,3,-0.55226117745041847
72,15,0.669980738312006
72,17,-0.0802617147564888
72,24,-0.083797171711921692
72,25,-0.087374124675989151
72,27,0.10772114992141724
72,28,0.081429082900285721
72,30,-0.081353731453418732
73,3,-0.81699440628290176
73,15,0.6432310938835144
73,17,-0.08623872697353363
73,24,-0.020847558975219727
73,25,-0.053785759955644608
73,27,0.082881137728691101
73,28,0.059015154838562012
73,30,-0.064459051936864853
74,3,-0.83053718134760857
74,15,0.80827842280268669
74,17,-0.14280246943235397
74,24,-0.016730677336454391
74,25,-0.11083334311842918
74,27,0.12784983590245247
74,28,0.080405503511428833
74,30,-0.067191250622272491
75,3,-0.93485952168703079
75,15,0.8354424349963665
75,17,-0.19664303585886955
75,24,0.039601106196641922
75,25,-0.11717842146754265
75,27,0.15403464809060097
75,28,0.075735479593276978
75,30,-0.065063487738370895
76,3,-0.72788986191153526
76,15,0.91027841717004776
76,17,-0.14620179682970047
76,24,-0.065278608351945877
76,25,-0.14944129437208176
76,27,0.1500331275165081
76,28,0.10368701070547104
76,30,-0.0786772221326828
77,3,-0.52311597391963005
77,15,0.76531422883272171
77,17,-0.066600706428289413
77,24,-0.1027500107884407
77,25,-0.13959696143865585
77,27,0.083439767360687256
77,28,0.089810673147439957
77,30,-0.043222956359386444
78,3,-0.6375725232064724
78,15,0.76471199840307236
78,17,-0.084775254130363464
78,24,-0.086262449622154236
78,25,-0.11252932995557785
78,27,0.10356079787015915
78,28,0.088237829506397247
78,30,-0.068591088056564331
79,3,-0.74286117404699326
79,15,0.75555902346968651
79,17,-0.016989588737487793
79,24,-0.14152227342128754
79,25,-0.067651581019163132
79,27,0.070223614573478699
79,28,0.089094627648591995
79,30,-0.090519733726978302
80,3,-0.59681671485304832
80,15,0.65749692171812057
80,17,-0.027299642562866211
80,24,-0.12422320991754532
80,25,-0.064801722764968872
80,27,0.07590905949473381
80,28,0.081247143447399139
80,30,-0.085402049124240875
81,3,-0.84183476865291595
81,15,0.61941102147102356
81,17,-0.089843865483999252
81,24,-0.020531304180622101
81,25,-0.034530621021986008
81,27,0.09419974684715271
81,28,0.058668576180934906
81,30,-0.082583241164684296
82,3,-0.90805694088339806
82,15,0.62341886013746262
82,17,-0.026726238429546356
82,24,-0.069932330399751663
82,25,-0.010002318769693375
82,27,0.055846840143203735
82,28,0.059525568038225174
82,30,-0.087381690740585327
83,3,-0.75437220558524132
83,15,0.65064210072159767
83,17,0.017345558851957321
83,24,-0.15103086084127426
83,25,-0.019581958651542664
83,27,0.052208457142114639
83,28,0.078065551817417145
83,30,-0.10542645305395126
84,3,-0.71489644795656204
84,15,0.64091276377439499
84,17,-0.032893743366003036
84,24,-0.09710882231593132
84,25,-0.045565780252218246
84,27,0.070760257542133331
84,28,0.072101105004549026
84,30,-0.084567833691835403
85,3,-0.67248924076557159
85,15,0.62324751913547516
85,17,0.0039869584143161774
85,24,-0.12506097927689552
85,25,-0.043646257370710373
85,27,0.044540639966726303
85,28,0.071560870856046677
85,30,-0.075671251863241196
86,3,-0.73765348270535469
86,15,0.50046120584011078
86,17,0.014699041843414307
86,24,-0.093558873981237411
86,25,0.0068259462714195251
86,27,0.029566295444965363
86,28,0.051327884197235107
86,30,-0.080621968954801559
87,3,-0.5453592985868454
87,15,0.53657965734601021
87,17,0.027420256286859512
87,24,-0.14879775419831276
87,25,-0.023925833404064178
87,27,0.040749512612819672
87,28,0.069606587290763855
87,30,-0.087947189807891846
88,3,-0.52497087046504021
88,15,0.35525377839803696
88,17,0.017757866531610489
88,24,-0.1007324643433094
88,25,0.031609661877155304
88,27,0.044054336845874786
88,28,0.046120148152112961
88,30,-0.10009405016899109
89,3,-0.91517008095979691
89,15,0.26194380223751068
89,17,-0.018082715570926666
89,24,0.0065226145088672638
89,25,0.11457204446196556
89,27,0.044850766658782959
89,28,0.012065645307302475
89,30,-0.11434933915734291
90,3,-0.88377602398395538
90,15,0.3190259225666523
90,17,-0.0047108568251132965
90,24,-0.025987874716520309
90,25,0.096215277910232544
90,27,0.042503710836172104
90,28,0.022885587066411972
90,30,-0.11444851756095886
91,3,-0.71111530065536499
91,15,0.22285988554358482
91,17,0.0048116222023963928
91,24,-0.065711505711078644
91,25,0.13114259392023087
91,27,0.072831381112337112
91,28,0.02943093329668045
91,30,-0.16366251930594444
92,3,-0.82952320203185081
92,15,0.11127045750617981
92,17,0.076204355806112289
92,24,-0.090349785983562469
92,25,0.207337386906147
92,27,0.027539446949958801
92,28,0.013077940791845322
92,30,-0.18225909024477005
93,3,-0.81844558566808701
93,15,0.17855925112962723
93,17,0.025139689445495605
93,24,-0.045626968145370483
93,25,0.15582088753581047
93,27,0.042554520070552826
93,28,0.014596007764339447
93,30,-0.15009898692369461
94,3,-1.0398136600852013
94,15,0.21766947954893112
94,17,0.14122821018099785
94,24,-0.14190525189042091
94,25,0.21733822301030159
94,27,-0.020176157355308533
94,28,0.018676634877920151
94,30,-0.17818135768175125
95,3,-1.0796581953763962
95,15,0.33759808540344238
95,17,0.11821459978818893
95,24,-0.138804592192173
95,25,0.17255966737866402
95,27,-0.011798188090324402
95,28,0.029728993773460388
95,30,-0.16148320585489273
96,3,-1.1043608523905277
96,15,0.33139866963028908
96,17,0.10526636242866516
96,24,-0.12606324627995491
96,25,0.17859191820025444
96,27,-0.0019685029983520508
96,28,0.028199654072523117
96,30,-0.16764024272561073
97,3,-1.3364118933677673
97,15,0.42600935325026512
97,17,0.12252781540155411
97,24,-0.14527228847146034
97,25,0.19855799898505211
97,27,-0.0077684558928012848
97,28,0.034227047115564346
97,30,-0.18741906806826591
98,3,-1.5552266836166382
98,15,0.44402791932225227
98,17,0.14890324324369431
98,24,-0.12563123181462288
98,25,0.21738561987876892
98,27,-0.049672447144985199
98,28,0.020822770893573761
98,30,-0.16606634110212326
99,3,-1.6712206527590752
99,15,0.41118280962109566
99,17,0.11866255849599838
99,24,-0.082655943930149078
99,25,0.24606508761644363
99,27,-0.030555732548236847
99,28,0.011602189391851425
99,30,-0.18191326037049294
100,3,-1.7909966222941875
100,15,0.55449716746807098
100,17,0.13750186190009117
100,24,-0.13326046988368034
100,25,0.23505723476409912
100,27,-0.028254162520170212
100,28,0.030968047678470612
100,30,-0.20008699595928192
101,3,-1.475734930485487
101,15,0.50466939806938171
101,17,0.14112848415970802
101,24,-0.17754736542701721
101,25,0.2122478112578392
101,27,-0.0074330158531665802
101,28,0.043679952621459961
101,30,-0.2106294073164463
102,3,-1.2675950191915035
102,15,0.44826048985123634
102,17,0.1372455507516861
102,24,-0.17929600179195404
102,25,0.18914350122213364
102,27,-0.0064991600811481476
102,28,0.0431678406894207
102,30,-0.19420219585299492
103,3,-1.2766075879335403
103,15,0.60931900143623352
103,17,0.079534430056810379
103,24,-0.17225111648440361
103,25,0.12785974144935608
103,27,0.036423105746507645
103,28,0.064215846359729767
103,30,-0.19131844490766525
104,3,-1.3611064739525318
104,15,0.53968413546681404
104,17,0.09593469649553299
104,24,-0.1588989831507206
104,25,0.16890203580260277
104,27,0.022091731429100037
104,28,0.051259834319353104
104,30,-0.1995273195207119
105,3,-1.3038211762905121
105,15,0.60638087242841721
105,17,0.13177632540464401
105,24,-0.21798979490995407
105,25,0.14887630939483643
105,27,0.008553721010684967
105,28,0.065840344876050949
105,30,-0.19973866641521454
106,3,-0.89982211217284203
106,4,-2.2412329614162445
106,15,0.82655173540115356
106,17,0.12809707969427109
106,24,0.057305090129375458
106,25,0.18140358477830887
106,27,0.0060755833983421326
106,28,0.091699618846178055
106,30,-0.29016710072755814
107,3,-1.1047843396663666
107,4,-2.2014308720827103
107,15,0.77666448801755905
107,17,0.15611721202731133
107,24,0.070095669478178024
107,25,0.23065591230988503
107,27,-0.023828268051147461
107,28,0.074689298868179321
107,30,-0.29198466241359711
108,3,-0.94884824752807617
108,4,-2.1779796704649925
108,15,0.73982280865311623
108,17,0.13726336881518364
108,24,0.066780876368284225
108,25,0.21558906510472298
108,27,-0.0026675164699554443
108,28,0.078346535563468933
108,30,-0.29428236931562424
109,3,-0.94248161837458611
109,4,-2.1515801884233952
109,15,0.66442478820681572
109,17,0.14667879417538643
109,24,0.098722558468580246
109,25,0.21649979054927826
109,27,-0.035693656653165817
109,28,0.060026343911886215
109,30,-0.25724007189273834
110,3,-0.83386370912194252
110,4,-2.0203505605459213
110,15,0.55883440747857094
110,17,0.24189944565296173
110,24,0.040845435112714767
110,25,0.21517787501215935
110,27,-0.12384778633713722
110,28,0.043859146535396576
110,30,-0.20107451826334
111,3,-0.87861749902367592
111,4,-1.8693692907691002
111,15,0.52519071474671364
111,17,0.25466512516140938
111,24,0.012938044965267181
111,25,0.23004884645342827
111,27,-0.12678905948996544
111,28,0.040862329304218292
111,30,-0.20558245852589607
112,3,-1.0401099659502506
112,4,-1.6484350897371769
112,15,0.72917163744568825
112,17,0.2554720900952816
112,24,-0.025589961558580399
112,25,0.1453467458486557
112,27,-0.15404768660664558
112,28,0.053914379328489304
112,30,-0.14321263879537582
113,3,-0.94394375011324883
113,4,-1.6986903436481953
113,15,0.79780887067317963
113,17,0.24820385128259659
113,24,-0.008508589118719101
113,25,0.080880913883447647
113,27,-0.17591539397835732
113,28,0.05682755634188652
113,30,-0.090055420994758606
114,3,-0.97362050786614418
114,4,-1.596600953489542
114,15,0.86555944010615349
114,17,0.15732310339808464
114,24,0.019366391003131866
114,25,0.052260454744100571
114,27,-0.099424503743648529
114,28,0.069694925099611282
114,30,-0.11187440901994705
115,3,-0.76060223579406738
115,4,-1.6200209520757198
115,15,0.78290439024567604
115,17,0.1336512379348278
115,24,0.037628978490829468
115,25,0.040776833891868591
115,27,-0.080509550869464874
115,28,0.067346256226301193
115,30,-0.10869119316339493
116,3,-0.66238032653927803
116,4,-1.9183743894100189
116,15,0.77239292860031128
116,17,0.13235700130462646
116,24,0.07522428035736084
116,25,0.054849989712238312
116,27,-0.075495075434446335
116,28,0.068895012140274048
116,30,-0.12818224355578423
117,3,-0.75670202448964119
117,4,-1.9736037664115429
117,15,0.70747935399413109
117,17,0.12244541198015213
117,24,0.067950591444969177
117,25,0.14156427606940269
117,27,-0.022480901330709457
117,28,0.07215413823723793
117,30,-0.22038936242461205
118,3,-0.7040860503911972
118,4,-2.0420413576066494
118,15,0.64566557854413986
118,17,0.12078402191400528
118,24,0.083195481449365616
118,25,0.16454486548900604
118,27,-0.015372265130281448
118,28,0.067523729056119919
118,30,-0.23603217676281929
119,3,-0.68232742324471474
119,4,-2.039033368229866
119,15,0.54090102016925812
119,17,0.10751283541321754
119,24,0.064131110906600952
119,25,0.24003558978438377
119,27,0.04327639564871788
119,28,0.071267802268266678
119,30,-0.32252451777458191
120,3,-0.7115909606218338
120,4,-1.9387323334813118
120,15,0.43486212566494942
120,17,0.12828682735562325
120,24,0.068741589784622192
120,25,0.26974276453256607
120,27,0.019220806658267975
120,28,0.05370204895734787
120,30,-0.3115355484187603
121,3,-0.72624685242772102
121,4,-2.0712417550384998
121,15,0.44790304452180862
121,17,0.11371760815382004
121,24,0.10992969200015068
121,25,0.26856310665607452
121,27,0.01940801739692688
121,28,0.050591118633747101
121,30,-0.30776732787489891
122,3,-0.84552698582410812
122,4,-1.9945197366178036
122,15,0.50807303190231323
122,17,0.096795991063117981
122,24,0.14191177114844322
122,25,0.23187043890357018
122,27,-0.0015495046973228455
122,28,0.043636370450258255
122,30,-0.25946809351444244
123,3,-0.86351503431797028
123,4,-2.1408797837793827
123,15,0.3769601546227932
123,17,0.092069018632173538
123,24,0.23375439643859863
123,25,0.26606864482164383
123,27,-0.030912186950445175
123,28,0.013760995119810104
123,30,-0.23576013743877411
124,3,-0.70396792888641357
124,4,-2.2815526984632015
124,15,0.41928097233176231
124,17,0.072610270231962204
124,24,0.26277398318052292
124,25,0.21505563706159592
124,27,-0.03273991122841835
124,28,0.01909111812710762
124,30,-0.20516648516058922
125,3,-0.47379067540168762
125,4,-2.248311348259449
125,15,0.39081798493862152
125,17,0.025530464947223663
125,24,0.31166896224021912
125,25,0.14128453657031059
125,27,-0.032219547778367996
125,28,0.013408482074737549
125,30,-0.14044952765107155
126,3,-0.30582974851131439
126,4,-2.2991961762309074
126,15,0.44013155251741409
126,17,0.082822419703006744
126,24,0.21934183686971664
126,25,0.12933453172445297
126,27,-0.04269804060459137
126,28,0.035385400056838989
126,30,-0.16036657616496086
127,3,-0.25972720608115196
127,4,-2.1606940515339375
127,15,0.34678195789456367
127,17,0.13972476497292519
127,24,0.15332533791661263
127,25,0.16545800492167473
127,27,-0.06539897620677948
127,28,0.031153347343206406
127,30,-0.17417790740728378
128,3,-0.042417649179697037
128,4,-1.9971539787948132
128,15,0.29546488076448441
128,17,0.13994821533560753
128,24,0.10482516884803772
128,25,0.13855646923184395
128,27,-0.052278134971857071
128,28,0.037978403270244598
128,30,-0.16732253506779671
129,3,-0.11983493715524673
129,4,-1.8414831161499023
129,15,0.22152752429246902
129,17,0.092670280486345291
129,24,0.17855559289455414
129,25,0.12669692561030388
129,27,-0.056862048804759979
129,28,0.014086242765188217
129,30,-0.12015170603990555
130,3,-0.038604822009801865
130,4,-1.6420169025659561
130,15,0.17650467157363892
130,17,0.03295043483376503
130,24,0.20193935930728912
130,25,0.09438999742269516
130,27,-0.022101882845163345
130,28,0.010566283017396927
130,30,-0.10023534297943115
131,3,-0.048706050962209702
131,4,-1.6846183761954308
131,15,0.2113029919564724
131,17,0.039159823209047318
131,24,0.18246329575777054
131,25,0.10131807997822762
131,27,-0.011896546930074692
131,28,0.019319575279951096
131,30,-0.12214067578315735
132,3,-0.052781302481889725
132,4,-1.4711265824735165
132,15,0.17227466031908989
132,17,0.10094592347741127
132,24,0.13073031604290009
132,25,0.08905608206987381
132,27,-0.075008407235145569
132,28,0.0083935707807540894
132,30,-0.072408687323331833
133,3,-0.066002771258354187
133,4,-1.3803826496005058
133,15,0.15165485441684723
133,17,0.1373714953660965
133,24,0.066726278513669968
133,25,0.12070433050394058
133,27,-0.073322385549545288
133,28,0.014565411955118179
133,30,-0.10606679320335388
134,3,0.10776641592383385
134,4,-1.3129218742251396
134,15,0.072031337767839432
134,17,0.12353087589144707
134,24,0.07520671933889389
134,25,0.10146274045109749
134,27,-0.07038407027721405
134,28,0.0087729804217815399
134,30,-0.084479104727506638
135,3,0.25388206541538239
135,4,-1.2077317163348198
135,15,0.070303499698638916
135,17,0.11316633597016335
135,24,0.028816666454076767
135,25,0.083129450678825378
135,27,-0.039620906114578247
135,28,0.022634953260421753
135,30,-0.10046758502721786
136,3,0.24926438555121422
136,4,-1.071380753070116
136,15,0.14622065052390099
136,17,0.11594079434871674
136,24,-0.010851968079805374
136,25,0.043469592928886414
136,27,-0.042864266782999039
136,28,0.033034756779670715
136,30,-0.080761585384607315
137,3,0.053704846650362015
137,4,-1.0026148036122322
137,15,0.17745795100927353
137,17,0.11954134702682495
137,24,-0.0083242245018482208
137,25,0.060967817902565002
137,27,-0.050209753215312958
137,28,0.028678972274065018
137,30,-0.083543494343757629
138,3,-0.47502335533499718
138,4,-0.98397180065512657
138,15,0.27007689699530602
138,17,0.093381170183420181
138,24,0.064468182623386383
138,25,0.10295886173844337
138,27,-0.058209162205457687
138,28,0.012754913419485092
138,30,-0.086745895445346832
139,3,-0.60928772017359734
139,4,-1.2926460243761539
139,15,0.23434482514858246
139,17,0.084268037229776382
139,24,0.17290916293859482
139,25,0.14266340434551239
139,27,-0.081437747925519943
139,28,-0.0090265236794948578
139,30,-0.081834152340888977
140,3,-0.68960880488157272
140,4,-1.2248222827911377
140,15,0.27295687049627304
140,17,0.057297628372907639
140,24,0.20288099348545074
140,25,0.11576886475086212
140,27,-0.08363000676035881
140,28,-0.013178948312997818
140,30,-0.052087351679801941
141,3,-0.74078991636633873
141,4,-1.3976368643343449
141,15,0.23905815556645393
141,17,0.0081158839166164398
141,24,0.3092358224093914
141,25,0.12220847234129906
141,27,-0.076558370143175125
141,28,-0.02945341169834137
141,30,-0.037989947944879532
142,3,-0.81621609628200531
142,4,-1.6845351457595825
142,15,0.38078084960579872
142,17,-0.043235968798398972
142,24,0.34662084653973579
142,25,0.12266457453370094
142,27,-0.017980169504880905
142,28,-0.0072773508727550507
142,30,-0.092419587075710297
143,3,-0.75693798810243607
143,4,-1.464626245200634
143,15,0.3245948888361454
143,17,-0.021068699657917023
143,24,0.28506389260292053
143,25,0.12951617315411568
143,27,-0.017443124204874039
143,28,-0.0059139616787433624
143,30,-0.098354246467351913
144,3,-0.8978143073618412
144,4,-1.4896532706916332
144,15,0.47054414451122284
144,17,-0.01879521831870079
144,24,0.22545361891388893
144,25,0.14227257296442986
144,27,0.021962236613035202
144,28,0.021736718714237213
144,30,-0.16048958152532578
145,3,-0.74626173451542854
145,4,-1.5998375527560711
145,15,0.40969351306557655
145,17,0.025985084474086761
145,24,0.2050536684691906
145,25,0.15492706373333931
145,27,-0.0053093992173671722
145,28,0.019365373998880386
145,30,-0.16068604215979576
146,3,-0.93993113562464714
146,4,-1.7931841127574444
146,15,0.54278695955872536
146,17,0.082039214670658112
146,24,0.16965092346072197
146,25,0.18078268319368362
146,27,-0.032458297908306122
146,28,0.031849093735218048
146,30,-0.1903558075428009
147,3,-1.1270897574722767
147,4,-1.9347415156662464
147,15,0.62895697355270386
147,17,0.083963397890329361
147,24,0.23071064054965973
147,25,0.16371674835681915
147,27,-0.074089977890253067
147,28,0.021942473948001862
147,30,-0.14795107021927834
148,3,-0.92677727341651917
148,4,-2.2139693945646286
148,15,0.63327697291970253
148,17,0.060156013816595078
148,24,0.27896323055028915
148,25,0.13980624452233315
148,27,-0.061738543212413788
148,28,0.027051191776990891
148,30,-0.1450139507651329
149,3,-0.83561656251549721
149,4,-2.1841527782380581
149,15,0.68469353765249252
149,17,0.13183299079537392
149,24,0.20577343553304672
149,25,0.1056542694568634
149,27,-0.11835819110274315
149,28,0.034603748470544815
149,30,-0.1095251552760601
150,3,-0.64951551705598831
150,4,-1.8396775722503662
150,15,0.60701340809464455
150,17,0.039570774883031845
150,24,0.23847763612866402
150,25,0.036094751209020615
150,27,-0.072157949209213257
150,28,0.028852123767137527
150,30,-0.058806858956813812
151,3,-0.68624284118413925
151,4,-1.6251024231314659
151,15,0.52964484319090843
151,17,0.010399103164672852
151,24,0.2527870275080204
151,25,0.043380878865718842
151,27,-0.057261522859334946
151,28,0.017126999795436859
151,30,-0.05044921487569809
152,3,-0.85950488224625587
152,4,-1.5957089364528656
152,15,0.52347481623291969
152,17,0.014480147510766983
152,24,0.25614859163761139
152,25,0.084067236632108688
152,27,-0.053221926093101501
152,28,0.012108620256185532
152,30,-0.075745049864053726
153,3,-0.99723250046372414
153,4,-1.6164961457252502
153,15,0.41212698444724083
153,17,0.074465960264205933
153,24,0.23382917791604996
153,25,0.18095014989376068
153,27,-0.075844418257474899
153,28,-0.0028845779597759247
153,30,-0.1244242936372757
154,3,-0.9417308010160923
154,4,-1.6545513421297073
154,15,0.48274005949497223
154,17,0.063947141170501709
154,24,0.18884311988949776
154,25,0.17754426226019859
154,27,-0.031721871346235275
154,28,0.020806062966585159
154,30,-0.1714649498462677
155,3,-0.97718235477805138
155,4,-1.7887238785624504
155,15,0.48124248161911964
155,17,0.00025177001953125
155,24,0.28125728666782379
155,25,0.17164714261889458
155,27,-0.0047026202082633972
155,28,0.013452023267745972
155,30,-0.16627725586295128
156,3,-1.0265240631997585
156,4,-1.8063660226762295
156,15,0.34451447427272797
156,17,-0.028891123831272125
156,24,0.35975512489676476
156,25,0.21520668640732765
156,27,-0.00027803704142570496
156,28,-0.011958062648773193
156,30,-0.16658476740121841
157,3,-1.1283595338463783
157,4,-1.8958688378334045
157,15,0.3578377477824688
157,17,0.040700819343328476
157,24,0.33733448386192322
157,25,0.24248123168945312
157,27,-0.057303991168737411
157,28,-0.018577367067337036
157,30,-0.16026145964860916
158,3,-0.96088612452149391
158,4,-2.1683912798762321
158,15,0.32422040030360222
158,17,0.039735723286867142
158,24,0.35868284851312637
158,25,0.26003240421414375
158,27,-0.040550693869590759
158,28,-0.013357531279325485
158,30,-0.19220319762825966
159,3,-0.9995427168905735
159,4,-2.1649967953562737
159,15,0.27886707335710526
159,17,0.033419325947761536
159,24,0.35685519874095917
159,25,0.30105357989668846
159,27,-0.015716720372438431
159,28,-0.01422756165266037
159,30,-0.23244507983326912
160,3,-0.95046686753630638
160,4,-1.8618771880865097
160,15,0.29676214978098869
160,17,0.029383581131696701
160,24,0.24332635477185249
160,25,0.30581569671630859
160,27,0.043549768626689911
160,28,0.010864891111850739
160,30,-0.28966520354151726
161,3,-0.8209710456430912
161,4,-1.9751514010131359
161,15,0.24799205362796783
161,17,0.0069718025624752045
161,24,0.30964009836316109
161,25,0.27820888534188271
161,27,0.028600487858057022
161,28,-0.0012971349060535431
161,30,-0.24711616709828377
162,3,-0.79586233198642731
162,4,-1.8142912834882736
162,15,0.1447509303689003
162,17,0.0039600878953933716
162,24,0.30083109810948372
162,25,0.30249020829796791
162,27,0.037257041782140732
162,28,-0.01111239567399025
162,30,-0.25447173044085503
163,3,-0.81365944445133209
163,4,-1.9085915721952915
163,15,0.2369358018040657
163,17,-0.0096160918474197388
163,24,0.33278179541230202
163,25,0.25605726987123489
163,27,0.021555140614509583
163,28,-0.0079284347593784332
163,30,-0.21663612872362137
164,3,-1.0135501585900784
164,4,-1.8871212378144264
164,15,0.29376427084207535
164,17,-0.025235135108232498
164,24,0.33871349692344666
164,25,0.27745719999074936
164,27,0.041014671325683594
164,28,-0.0047170743346214294
164,30,-0.2431049570441246
165,3,-1.0072258226573467
165,4,-1.8107902817428112
165,15,0.4213535450398922
165,17,-0.030650787055492401
165,24,0.30529778823256493
165,25,0.2158031240105629
165,27,0.03911338746547699
165,28,0.011798717081546783
165,30,-0.21503429859876633
166,3,-0.73814467340707779
166,4,-1.5182427801191807
166,15,0.47790337353944778
166,17,-0.067792356014251709
166,24,0.2239961288869381
166,25,0.12640869244933128
166,27,0.085694320499897003
166,28,0.039650470018386841
166,30,-0.19687816128134727
167,3,-0.57520174235105515
167,4,-1.6665564738214016
167,15,0.57803894206881523
167,17,-0.042665276676416397
167,24,0.19088459387421608
167,25,0.073210388422012329
167,27,0.067272726446390152
167,28,0.057994380593299866
167,30,-0.1766693964600563
168,3,-0.91865198686718941
168,4,-1.65852952003479
168,15,0.66674705594778061
168,17,-0.016015827655792236
168,24,0.20516308397054672
168,25,0.092446424067020416
168,27,0.026110123842954636
168,28,0.048947721719741821
168,30,-0.16245562583208084
169,3,-1.0982005819678307
169,4,-1.7024089172482491
169,15,0.74876882880926132
169,17,-0.045796714723110199
169,24,0.24709208682179451
169,25,0.084618747234344482
169,27,0.03344416618347168
169,28,0.049104850739240646
169,30,-0.15726377442479134
170,3,-1.3008361719548702
170,4,-1.6790640503168106
170,15,0.80633730813860893
170,17,-0.031517442315816879
170,24,0.24275190383195877
170,25,0.10011564940214157
170,27,0.019538786262273788
170,28,0.047724924981594086
170,30,-0.16126590222120285
171,3,-1.2066998034715652
171,4,-1.6898673065006733
171,15,0.72324773296713829
171,17,-0.00089722126722335815
171,24,0.22053595632314682
171,25,0.12839091196656227
171,27,0.0094922780990600586
171,28,0.04300258681178093
171,30,-0.17558395490050316
172,3,-0.89889377355575562
172,4,-1.5831551440060139
172,15,0.67001426592469215
172,17,-0.022692222148180008
172,24,0.17706228420138359
172,25,0.094429858028888702
172,27,0.048789620399475098
172,28,0.056892707943916321
172,30,-0.18250712752342224
173,3,-0.89126304164528847
173,4,-1.5337676256895065
173,15,0.63703354075551033
173,17,0.042695499956607819
173,24,0.12206390500068665
173,25,0.11565835028886795
173,27,0.0075157471001148224
173,28,0.053073611110448837
173,30,-0.18080150708556175
174,3,-0.95519810914993286
174,4,-1.7376772910356522
174,15,0.63389941677451134
174,17,-0.07889183983206749
174,24,0.29802263900637627
174,25,0.091492556035518646
174,27,0.050998948514461517
174,28,0.037758264690637589
174,30,-0.15396342054009438
175,3,-1.1828413344919682
175,4,-1.561910305172205
175,15,0.68793775513768196
175,17,0.03536650538444519
175,24,0.19938231632113457
175,25,0.11361418664455414
175,27,-0.03630012646317482
175,28,0.03262043371796608
175,30,-0.13273210823535919
176,3,-1.3547944240272045
176,4,-1.4518050141632557
176,15,0.69745924696326256
176,17,0.058594193309545517
176,24,0.17965298518538475
176,25,0.13703708723187447
176,27,-0.053918596357107162
176,28,0.026967268437147141
176,30,-0.13553615659475327
177,3,-1.4471258297562599
177,4,-1.5872916579246521
177,15,0.74952910467982292
177,17,0.10387700423598289
177,24,0.19204909354448318
177,25,0.13312266394495964
177,27,-0.11197824031114578
177,28,0.019916847348213196
177,30,-0.10387156903743744
178,3,-1.25065703317523
178,4,-1.5285881832242012
178,15,0.66790362820029259
178,17,0.12153927609324455
178,24,0.16280027106404305
178,25,0.12786156684160233
178,27,-0.11808794364333153
178,28,0.018411468714475632
178,30,-0.096916366368532181
179,3,-0.93574187159538269
179,4,-1.6927885748445988
179,15,0.65891238674521446
179,17,0.14207598567008972
179,24,0.14580411836504936
179,25,0.08710826188325882
179,27,-0.13225445151329041
179,28,0.028053950518369675
179,30,-0.077461853623390198
