epoch_id,channel,satellite_id,sx_rx_m,sy_rx_m,sz_rx_m,code_m,add_correction_m,sigma_m,ready
0,6,G07,10026598.08525048,18601804.565202475,16597421.853782233,24361933.475,-40804.53399462499,10.769048831287611,1
0,7,G08,-683799.3129329443,26351234.67031009,79787.48037738077,23407378.219,-7548.629323503136,8.739213028173452,1
0,10,G11,-14822871.234747184,8930282.106572699,20079386.096716058,20311445.258,62992.8410219369,3.2034207754185635,1
0,18,G19,-23358547.339986786,-5407838.114961779,11505396.179047579,22613015.95,-5238.47521458119,5.7018335276638865,1
0,19,G20,-23036099.814325545,13172200.884661702,766984.1650844445,21565852.19,-22596.60434871206,4.213712049867233,1
0,23,G24,-4410731.170157236,25703748.48367475,4806330.194830253,22276378.821,1775.785353833589,5.256406307444497,1
0,27,G28,-2383584.5718469326,17483710.94208407,19982740.574755028,21543408.487,14052.924416101927,4.0866321643448975,1
1,6,G07,9969108.222398797,18580343.33867304,16657076.45369629,24359892.126,-40804.73633496182,10.670323887364988,1
1,7,G08,-692567.0505590348,26351724.70234781,-16652.001550028905,23434043.135,-7548.738891488114,8.798860528459493,1
1,10,G11,-14836966.246266635,8853826.428444972,20103371.49082631,20330150.234,62992.856499275185,3.207384937923602,1
1,18,G19,-23391048.99247764,-5437274.308147686,11424432.360303793,22636892.095,-5238.52777509215,5.724815871626542,1
1,19,G20,-23037516.341689322,13163238.833589038,862296.7773440352,21563073.027,-22596.567730717405,4.196814600582482,1
1,23,G24,-4418158.393073278,25685842.173556052,4899815.055726995,22276213.129,1775.825598503837,5.233330148056039,1
1,27,G28,-2450443.257562387,17517554.721777134,19943544.450940404,21543665.837,14052.941604407855,4.074820983425995,1
2,6,G07,9911387.862325653,18558879.56869055,16716423.050585998,24357843.816,-40804.93923324846,10.573330184737365,1
2,7,G08,-701323.1640796923,26351863.065097068,-113091.15996017255,23460756.608,-7548.848887714341,8.859486781657065,1
2,10,G11,-14851181.21656266,8777304.561143277,20126969.69337035,20348911.536,62992.87208845316,3.211396305569441,1
2,18,G19,-23423344.73358102,-5466491.058764336,11343250.589153687,22660800.539,-5238.580432098356,5.748036323330203,1
2,19,G20,-23038640.946343075,13154092.909537826,957592.848600911,21560367.612,-22596.531155406312,4.180120469036117,1
2,23,G24,-4425600.858399085,25667597.230968297,4993205.6431671735,22276105.258,1775.8659984306482,5.210533680541504,1
2,27,G28,-2517119.0994347436,17551442.771295857,19903970.63185434,21544003.933,14052.95873651792,4.06315846749858,1
3,6,G07,9853437.802032076,18537414.58229763,16775460.570084454,24355789.956,-40805.14247278804,10.478021626979624,1
3,7,G08,-710069.0634943087,26351649.744420648,-209528.10542466503,23487518.167,-7548.959152849009,8.921113180373906,1
3,10,G11,-14865516.239689872,8700718.145153735,20150180.26848861,20367728.852,62992.887850003885,3.2154548750953675,1
3,18,G19,-23455433.125327103,-5495488.849335533,11261852.405920817,22684741.398,-5238.633077853034,5.771498519073631,1
3,19,G20,-23039474.40463722,13144761.96034682,1052870.5500561814,21557737.752,-22596.494546562357,4.1636275506617,1
3,23,G24,-4433059.948980599,25649014.045159742,5086500.171246622,22276054.879,1775.906650060708,5.188012783475135,1
3,27,G28,-2583610.956940575,17585373.76790281,19864019.821307153,21544423.844,14052.975887016555,4.0516430297583135,1
4,6,G07,9795258.846266536,18515949.702418443,16834187.944441114,24353729.97,-40805.34875135994,10.384352719068612,1
4,7,G08,-718806.1590804305,26351084.737784926,-305960.9495877174,23514326.477,-7549.072037911104,8.983761173400291,1
4,10,G11,-14879971.400778167,8624068.822476901,20173002.78777922,20386602.367,62992.902943433764,3.219560522714379,1
4,18,G19,-23487312.734510478,-5524268.1715106545,11180239.355813326,22708714.117,-5238.687222740354,5.795204332929931,1
4,19,G20,-23040017.502155237,13135244.839969372,1148128.0531446957,21555184.442,-22596.45898970155,4.147333326889449,1
4,23,G24,-4440537.045753205,25630093.016193468,5179696.856693115,22276062.642,1775.9462017712644,5.165763358686758,1
4,27,G28,-2649917.698425405,17619346.38345234,19823692.729872692,21544926.408,14052.99199831253,4.040273100931261,1
5,6,G07,9736851.809091184,18494486.248408873,16892604.110892463,24351664.26,-40805.553535465144,10.292285113009026,1
5,7,G08,-727535.8612140466,26350168.054261018,-402387.80367297627,23541182.414,-7549.183684655878,9.047454108505967,1
5,10,G11,-14894546.77615738,8547358.23592668,20195436.83048948,20405530.778,62992.91876001594,3.223713542030496,1
5,18,G19,-23518982.13338312,-5552829.526629501,11098412.98727611,22732719.803,-5238.740371008396,5.819159878582058,1
5,19,G20,-23040271.033699192,13125540.408414485,1243363.530327279,21552707.814,-22596.422688034905,4.131235892483224,1
5,23,G24,-4448033.527626503,25610834.555147346,5272793.917789034,22276128.137,1775.9868937857143,5.143781484004849,1
5,27,G28,-2716038.2001164607,17653359.28390169,19782990.0755063,21545511.578,14053.00881943786,4.029047600564189,1
6,6,G07,9678217.512962293,18473025.535645418,16950708.01261743,24349592.936,-40805.76060743051,10.201780302208329,1
6,7,G08,-736259.5803899434,26348899.714515224,-498806.78005563066,23568084.186,-7549.297409264328,9.112214367610614,1
6,10,G11,-14909242.433327515,8470588.029111039,20217481.98351485,20424514.692,62992.934117339384,3.22791392294468,1
6,18,G19,-23550439.899212122,-5581173.425202722,11016374.853255128,22756757.091,-5238.794649654202,5.843365782989791,1
6,19,G20,-23040235.803209662,13115647.531932319,1338575.154368512,21550307.919,-22596.387161042287,4.115331922764415,1
6,23,G24,-4455550.771472165,25591239.08380608,5365789.575886394,22276252.249,1776.0268323910066,5.122063252581393,1
6,27,G28,-2781971.346118308,17687411.129372038,19741912.583542794,21546180.491,14053.024866646867,4.017965600036874,1
7,6,G07,9619356.78890281,18451568.87557099,17008498.598517977,24347515.329,-40805.968935039826,10.11279683213764,1
7,7,G08,-744978.7270907549,26347279.750812776,-595215.9911522947,23595031.101,-7549.412374627555,9.178062349241861,1
7,10,G11,-14924058.430800654,8393759.84724542,20239137.84114202,20443553.428,62992.949322132576,3.2321619163479123,1
7,18,G19,-23581684.614588723,-5609300.387127657,10934126.51051851,22780826.437,-5238.849513538859,5.867827618810716,1
7,19,G20,-23039912.623758033,13105565.083149033,1433761.0972375239,21547985.089,-22596.35200980794,4.099619313784814,1
7,23,G24,-4463090.1519947415,25571307.03493868,5458682.053960853,22276433.621,1776.0665173491545,5.100603792520086,1
7,27,G28,-2847716.029286641,17721500.574602287,19700460.986197703,21546932.966,14053.040527776446,4.007025525845803,1
8,6,G07,9560270.47648806,18430117.57563278,17065974.82323467,24345432.728,-40806.17699107321,10.025296180171502,1
8,7,G08,-753694.7117275851,26345308.207014088,-691613.5498436333,23622022.472,-7549.5272320980785,9.24502241395465,1
8,10,G11,-14938994.818323202,8316875.335879772,20260404.005405758,20462646.995,62992.96485462796,3.236457631932266,1
8,18,G19,-23612714.867116936,-5637210.941322618,10851669.520607822,22804928.949,-5238.904094895011,5.8925504678926375,1
8,19,G20,-23039302.317502033,13095291.940942708,1528919.5320352453,21545740.343,-22596.316625344607,4.084096279896355,1
8,23,G24,-4470653.041729943,25551038.852053277,5551469.577754921,22276673.451,1776.1067083124926,5.0793992297738955,1
8,27,G28,-2913271.1504644067,17755626.26860108,19658636.02304331,21547768.975,14053.056398254375,3.996225940419947,1
9,6,G07,9500959.423590558,18408672.939137556,17123135.647388786,24343343.919,-40806.38706060948,9.939241910248468,1
9,7,G08,-762408.9445571234,26342985.13857155,-787997.5695137287,23649057.875,-7549.6441175221335,9.313121593550399,1
9,10,G11,-14954051.636627773,8239936.142070651,20281280.085751023,20481794.904,62992.97997220645,3.240800885576589,1
9,18,G19,-23643529.249729212,-5664905.625916504,10769005.449159713,22829063.546,-5238.959744039851,5.917535888629711,1
9,19,G20,-23038405.715627138,13084826.990506973,1624048.633028728,21543574.55,-22596.281945911793,4.068760505748196,1
9,23,G24,-4478240.81092884,25530434.989456695,5644150.375441354,22276971.803,1776.1462380141675,5.058446478745809,1
9,27,G28,-2978635.6185104493,17789786.85470398,19616438.441006094,21548689.872,14053.071559183192,3.9855656479796235,1
10,6,G07,9441424.487280816,18387236.265545428,17179980.03669048,24341250.124,-40806.59754347872,9.854602734203695,1
10,7,G08,-771122.8356064,26340310.612536136,-884366.1637064952,23676137.243,-7549.761598706983,9.382384985417108,1
10,10,G11,-14969228.917678703,8162943.913073842,20301765.699377112,20500996.814,62992.99518262817,3.2451920157887404,1
10,18,G19,-23674126.361108672,-5692384.988554737,10686135.864887858,22853230.31,-5239.015540305825,5.942788518232491,1
10,19,G20,-23037223.658346392,13074169.123622477,1719146.5734183032,21541487.514,-22596.24732736513,4.053609424917563,1
10,23,G24,-4485854.82759078,25509495.912059862,5736722.6783918645,22277328.374,1776.1859079397896,5.037741711109358,1
10,27,G28,-3043808.351144649,17823980.971032128,19573868.993854336,21549696.03,14053.086638227443,3.9750439186221356,1
11,6,G07,9381666.532152671,18365808.849815752,17236506.96354097,24339151.032,-40806.80923125344,9.771342494080296,1
11,7,G08,-779837.7946882385,26337284.707522247,-980717.4473138816,23703258.652,-7549.88046203366,9.452833117471947,1
11,10,G11,-14984526.68441861,8085900.297522343,20321860.470911875,20520253.154,62993.01021727136,3.2496313892549273,1
11,18,G19,-23704504.80501885,-5719649.585692558,10603062.341524828,22877429.946,-5239.071978717177,5.96831342942793,1
11,19,G20,-23035756.99481557,13063317.238409663,1814211.528396921,21539479.574,-22596.213103302045,4.038640453056932,1
11,23,G24,-4493496.457159578,25488222.09594488,5829184.718635776,22277742.655,1776.2253052784529,5.017279887080326,1
11,27,G28,-3108788.2739320756,17858207.250008065,19530928.44285838,21550788.011,14053.101306837028,3.9646594089894216,1
12,6,G07,9321686.43194407,18344391.982951317,17292715.40546351,24337047.013,-40807.02113958456,9.689426597566385,1
12,7,G08,-788555.2312144631,26333907.513731495,-1077049.5354661234,23730422.702,-7549.999812499617,9.52450160858702,1
12,10,G11,-14999944.951016167,8008806.944121067,20341564.032743145,20539562.664,62993.02539469742,3.2541185366107332,1
12,18,G19,-23734663.190850217,-5746699.983025048,10519786.456479805,22901662.27,-5239.1284783189085,5.994113946035768,1
12,19,G20,-23034006.583143063,13052270.239758788,1909241.671784957,21537552.581,-22596.178879291318,4.023852869707406,1
12,23,G24,-4501167.062759693,25466614.027512,5921534.732571773,22278216.22,1776.2649214043518,4.997059349706357,1
12,27,G28,-3173574.321370844,17892464.318953145,19487617.55610364,21551965.841,14053.115954038529,3.95441058038822,1
13,6,G07,9261485.068573574,18322986.951597746,17348604.3460234,24334939.048,-40807.233859214044,9.608827145542499,1
13,7,G08,-797276.5541867588,26330179.13293793,-1173360.5439540502,23757629.274,-7550.120246472801,9.597411272890911,1
13,10,G11,-15015483.722608795,7931665.502828537,20360876.024705052,20558926.433,62993.04051241355,3.2586541398305373,1
13,18,G19,-23764600.133562457,-5773536.755325051,10436309.791137543,22925927.07,-5239.185411965415,6.020194596521591,1
13,19,G20,-23031973.29028886,13041027.038897915,2004235.1802204559,21535705.615,-22596.14490269221,4.009243114600458,1
13,23,G24,-4508868.0048985295,25444672.20412599,6013770.958059657,22278747.978,1776.3044486099748,4.977075110863238,1
13,27,G28,-3238165.43613797,17926750.7997393,19443937.108988285,21553230.263,14053.130332514607,3.9442969571907027,1
14,6,G07,9201063.332332289,18301595.038082253,17404172.77461653,24332825.037,-40807.44790968529,9.5295092852308,1
14,7,G08,-806003.1720626453,26326099.678499848,-1269648.5888856573,23784876.634,-7550.242344638817,9.671594002135757,1
14,10,G11,-15031142.995491043,7854477.6238594195,20379796.094322346,20578343.122,62993.055383383435,3.2632379286789233,1
14,18,G19,-23794314.25374208,-5800160.486421836,10352633.930829074,22950224.541,-5239.243130383297,6.046559310827238,1
14,19,G20,-23029657.99207504,13029586.553905357,2099190.2294176244,21533939.899,-22596.111402937167,3.994810032810164,1
14,23,G24,-4516600.641506789,25422397.133760087,6105891.635923581,22279338.441,1776.3436041358077,4.957324340207706,1
14,27,G28,-3302560.5691466746,17961065.30884253,19399887.884219825,21554581.701,14053.144217572804,3.9343168726104567,1
15,6,G07,9140422.121620748,18280217.52027078,17459419.68670334,24330706.854,-40807.66232931703,9.451444822816255,1
15,7,G08,-814736.4928484149,26321669.275286295,-1365911.7882557053,23812164.963,-7550.365184697656,9.747077286848516,1
15,10,G11,-15046922.757176198,7777244.957315857,20398323.896880798,20597813.119,62993.07032665666,3.2678702753751265,1
15,18,G19,-23823804.177662525,-5826571.769168303,10268760.464802364,22974555.24,-5239.301047959387,6.073213462780787,1
15,19,G20,-23027061.57313922,13017947.709565876,2194104.9957135334,21532256.103,-22596.077985124437,3.980551311209852,1
15,23,G24,-4524366.327893005,25399789.33496362,6197895.009982802,22279987.313,1776.3828789955282,4.9378031934869195,1
15,27,G28,-3366758.680350766,17995406.457809348,19355470.671279814,21556020.982,14053.157995821328,3.924469452176482,1
16,6,G07,9079562.343638845,18258855.671770647,17514344.08316447,24328583.369,-40807.87710213814,9.374603468587333,1
16,7,G08,-823477.9237622214,26316888.05978779,-1462148.259306739,23839492.853,-7550.488782507983,9.823895308307165,1
16,10,G11,-15062822.985954152,7699969.155274743,20416459.094917916,20617335.343,62993.08534363906,3.272551021138683,1
16,18,G19,-23853068.537344463,-5852771.205405962,10184690.986192849,22998918.979,-5239.359163710708,6.100161093890278,1
16,19,G20,-23024184.92686762,13006109.437401403,2288977.6564804222,21530654.61,-22596.044649718067,3.9664655430751568,1
16,23,G24,-4532166.416563142,25376849.337112013,6289779.32598763,22280695.497,1776.422273492277,4.918509050134323,1
16,27,G28,-3430758.7377543957,18029772.852769382,19310686.267113116,21557547.816,14053.171667525483,3.914753413185226,1
17,6,G07,9018484.913885115,18237510.76170323,17568944.970761083,24326455.64,-40808.093285541334,9.298960515550954,1
17,7,G08,-832228.871421498,26311756.179988686,-1558356.121246063,23866859.427,-7550.614284397401,9.902076053917252,1
17,10,G11,-15078843.651577773,7622651.868354167,20434201.3590339,20636910.141,62993.100058395794,3.2772805682958146,1
17,18,G19,-23882105.970730882,-5878759.406031779,10100427.091658738,23023314.908,-5239.4181794296055,6.127405790909988,1
17,19,G20,-23021028.95534235,12994070.675659284,2383806.390536947,21529135.136,-22596.01184838309,3.952549755363618,1
17,23,G24,-4540002.257287992,25353577.680022754,6381542.833114682,22281462.202,1776.4612267931636,4.899438142782248,1
17,27,G28,-3494559.71846522,18064163.09503979,19265535.475410696,21559163.278,14053.184783145858,3.905168248866715,1
18,6,G07,8957190.75537599,18216184.05440567,17623221.362794753,24324324.388,-40808.31015794714,9.224484858877673,1
18,7,G08,-840990.741630397,26306273.795428228,-1654533.493754573,23894264.918,-7550.7409965367515,9.981651870774266,1
18,10,G11,-15094984.714511413,7545294.7493199,20451550.367031895,20656537.347,62993.11471196836,3.282058956338538,1
18,18,G19,-23910915.1212853,-5904536.990554807,10015970.382691478,23047743.626,-5239.477653785906,6.154953857851845,1
18,19,G20,-23017594.56936979,12981830.369658532,2478589.3759224196,21527699.27,-22595.979287262606,3.9388027845835554,1
18,23,G24,-4547875.196920708,25329974.91429498,6473183.78253918,22282287.154,1776.500106145315,4.880587028786473,1
18,27,G28,-3558160.6077332543,18098575.780633163,19220019.107310183,21560867.219,14053.197633502668,3.8957123626887102,1
19,6,G07,8895678.746319462,18194876.100026686,17677174.070618063,24322188.403,-40808.52753468824,9.15114943571448,1
19,7,G08,-849765.2320465042,26300440.87690441,-1750681.701840925,23921709.302,-7550.868759291284,10.062660272655798,1
19,10,G11,-15111246.670767987,7467896.868757699,20468506.363414124,20676217.344,62993.12936691946,3.286886478103243,1
19,18,G19,-23939495.587710593,-5930105.436588599,9931319.63833426,23072206.836,-5239.537475106886,6.182810542361341,1
19,19,G20,-23013882.56000606,12969387.053334076,2573327.9497514777,21526347.164,-22595.94688919903,3.925222182665215,1
19,23,G24,-4555786.843792743,25306040.79769604,6564703.477169303,22283171.627,1776.539007139244,4.861952265879025,1
19,27,G28,-3621562.510048053,18133010.64904486,19174136.445153464,21562660.908,14053.210292674008,3.886384661638182,1
20,6,G07,8833953.927035432,18173589.574255884,17730798.52243006,24320048.415,-40808.74528587865,9.078934159782252,1
20,7,G08,-858553.1617592856,26294257.9958798,-1846792.4569772207,23949190.595,-7550.997474337939,10.14513137826229,1
20,10,G11,-15127628.378898587,7390465.039548924,20485067.91090771,20695948.361,62993.14405886685,3.2917629266200703,1
20,18,G19,-23967844.119950425,-5955463.676815456,9846482.111167828,23096702.392,-5239.597572940593,6.210978672474905,1
20,19,G20,-23009894.10277315,12956740.515415179,2668013.9759642947,21525079.31,-22595.914612282184,3.9118070104771934,1
20,23,G24,-4563738.011479298,25281777.4974104,6656094.073019731,22284115.177,1776.5779821213107,4.843532194600759,1
20,27,G28,-3684760.2011658815,18167463.99067586,19127891.373134095,21564544.508,14053.222802511504,3.8771848573207732,1
21,6,G07,8772015.19902304,18152325.017153904,17784095.552519064,24317904.488,-40808.96380116943,9.00781082152323,1
21,7,G08,-867356.2260778119,26287725.15785999,-1942867.0871896427,23976709.251,-7551.127612521612,10.229101012916995,1
21,10,G11,-15144130.312885055,7312998.334757912,20501235.28221993,20715731.341,62993.15864361518,3.2966886997741773,1
21,18,G19,-23995960.336409897,-5980613.213500749,9761456.594087657,23121231.13,-5239.658225698589,6.239464584320993,1
21,19,G20,-23005630.01508169,12943889.31058408,2762648.795300251,21523896.051,-22595.882626168182,3.8985548868921582,1
21,23,G24,-4571730.300923319,25257184.803386867,6747356.882427527,22285117.761,1776.616822034635,4.825322670952356,1
21,27,G28,-3747754.809755358,18201935.534576897,19081283.19985781,21566518.164,14053.234993270406,3.8681115651756373,1
22,6,G07,8709863.518504998,18131083.674556464,17837064.197459124,24315756.756,-40809.18304964706,8.93775711696603,1
22,7,G08,-876175.8269680458,26280842.56844754,-2038903.7159734087,24004262.783,-7551.259194748631,10.314608733785894,1
22,10,G11,-15160752.397797065,7235498.406539329,20517008.185998466,20735564.824,62993.17312505654,3.301663851670017,1
22,18,G19,-24023842.904723164,-6005554.701603666,9676244.703268265,23145792.377,-5239.719429568476,6.268272388640525,1
22,19,G20,-23001091.24204774,12930832.412268857,2857230.5886907056,21522797.468,-22595.850923840906,3.8854639659818173,1
22,23,G24,-4579765.046894974,25232263.30828975,6838490.168173245,22286178.939,1776.6555353827266,4.807321294071733,1
22,27,G28,-3810545.3559862436,18236423.857227396,19034312.764709923,21568582.607,14053.246870169705,3.8591640758692916,1
23,6,G07,8647499.84954923,18109866.78741978,17889703.499995276,24313604.987,-40809.403259723105,8.86874604418332,1
23,7,G08,-885013.3652646779,26273610.444735646,-2134900.4678744655,24031852.76,-7551.392547488363,10.401690643227926,1
23,10,G11,-15177494.549728032,7157966.907352242,20532386.33847733,20755449.932,62993.18740890513,3.3066884959450653,1
23,18,G19,-24051490.498689488,-6030288.804826463,9590848.058566209,23170386.98,-5239.781371042052,6.297408524029462,1
23,19,G20,-22996278.737141162,12917568.800737765,2951757.5402274616,21521784.791,-22595.81961413706,3.872532897156111,1
23,23,G24,-4587843.581010268,25207013.615157187,6929492.196289931,22287299.644,1776.6939899218391,4.789524597182016,1
23,27,G28,-3873130.8693509786,18270927.530643824,18986980.91373476,21570737.589,14053.258325281196,3.85034095794538,1
24,6,G07,8584925.165034195,18088675.592102997,17942012.50822243,24311450.249,-40809.62213455593,8.800759926766295,1
24,7,G08,-893870.240601708,26266029.015297174,-2230855.4685282437,24059478.124,-7551.524999293185,10.490387329152345,1
24,10,G11,-15194356.675798507,7080405.489888181,20547369.463488664,20775384.982,62993.202350398504,3.31176309931369,1
24,18,G19,-24078901.798651922,-6054816.195888058,9505268.282468785,23195014.878,-5239.842422999554,6.3268791284185815,1
24,19,G20,-22991193.46234924,12904097.463697985,3046227.833063377,21520857.507,-22595.78769512742,3.859759617585856,1
24,23,G24,-4595967.231576071,25181436.337674282,7020361.235010256,22288478.192,1776.733424051932,4.771930028115275,1
24,27,G28,-3935510.38770494,18305445.121890042,18939288.500370096,21572984.09,14053.270352719144,3.8416418954710823,1
25,6,G07,8522140.445134938,18067511.319807883,17993990.276854504,24309291.66,-40809.8439674929,8.733771894837366,1
25,7,G08,-902747.8513501431,26258098.52014186,-2326766.845079442,24087136.847,-7551.66169659956,10.580739676901846,1
25,10,G11,-15211338.67434574,7002815.806111208,20561957.292646077,20795370.992,62993.216331593605,3.316887268334903,1
25,18,G19,-24106075.490903098,-6079137.555869432,9419507.002099779,23219675.46,-5239.905674437478,6.356686447096768,1
25,19,G20,-22985836.38797568,12890417.39603915,3140639.652078624,21520017.419,-22595.757055149024,3.847142542503255,1
25,23,G24,-4604137.323578849,25155532.0998566,7111095.555884875,22289716.639,1776.7715035937922,4.754534846905954,1
25,27,G28,-3997682.958268774,18339975.19369112,18891236.3846826,21575323.052,14053.281073553595,3.8330655083569254,1
26,6,G07,8459146.678005561,18046375.19679225,18045635.86660498,24307128.813,-40810.06523501048,8.667760178041195,1
26,7,G08,-911647.5944568546,26249819.21083006,-2422632.7246964443,24114829.772,-7551.798493366573,10.672788781061614,1
26,10,G11,-15228440.434679214,6925199.508381838,20576149.565110076,20815407.101,62993.23067105864,3.32206150304193,1
26,18,G19,-24133010.26817546,-6103253.574600955,9333565.847832683,23244370.359,-5239.968616480623,6.386840321051966,1
26,19,G20,-22980208.492649656,12876527.599857334,3234991.1835388253,21519264.447,-22595.726155874963,3.8346805752463036,1
26,23,G24,-4612355.178696422,25129301.53600294,7201693.433811899,22291014.084,1776.8101330140055,4.73733579330466,1
26,27,G28,-4059647.636725114,18374516.30393301,18842825.43411347,21577753.608,14053.292019191107,3.824610683568626,1
27,6,G07,8395944.860535944,18025268.444553304,18096948.34359116,24304963.657,-40810.28780353742,8.6027092590655,1
27,7,G08,-920570.8655336186,26241191.350273073,-2518451.2368965917,24142555.205,-7551.937707012934,10.766581103518806,1
27,10,G11,-15245661.837333106,6847558.248203789,20589946.027823575,20835493.106,62993.244654460876,3.3272858512912546,1
27,18,G19,-24159704.829591803,-6127164.950512078,9247446.453599349,23269097.236,-5240.0326172951,6.417342140312692,1
27,19,G20,-22974310.763290565,12862427.084672712,3329280.6143800146,21518598.426,-22595.695821803518,3.8223711230638573,1
27,23,G24,-4620622.115059825,25102745.290993944,7292153.145988609,22292370.954,1776.848290551158,4.720331097924539,1
27,27,G28,-4121403.487937147,18409067.006146703,18794056.52289663,21580277.179,14053.302363810604,3.816277413240992,1
28,6,G07,8332535.99652757,18004192.279206123,18147926.7807812,24302795.784,-40810.510358207415,8.538596440376914,1
28,7,G08,-929519.0586858857,26232215.212843392,-2614220.5120601556,24170312.802,-7552.077766380248,10.862159367703386,1
28,10,G11,-15263002.753880158,6769893.6770564765,20603346.435342107,20855628.74,62993.2587797917,3.332560639274485,1
28,18,G19,-24186157.880827613,-6150872.390685009,9161150.456516258,23293857.872,-5240.096727096834,6.44820050821683,1
28,19,G20,-22968144.195083745,12848114.867455862,3423506.1322450615,21518020.359,-22595.66547771046,3.8102130470846602,1
28,23,G24,-4628939.447342917,25075864.019944556,7382472.97302474,22293786.754,1776.886689257461,4.703517454606824,1
28,27,G28,-4182949.5860252553,18443625.849558376,18744930.53203898,21582894.157,14053.312681779129,3.8080644196720796,1
29,6,G07,8268921.098435684,17983147.912010636,18198570.256577253,24300624.357,-40810.73288968576,8.475400463867171,1
29,7,G08,-938493.5664874467,26222891.08429364,-2709938.6822303217,24198103.086,-7552.218685410529,10.959572718515513,1
29,10,G11,-15280463.046926523,6692207.446346018,20616350.549844947,20875813.751,62993.27305014226,3.3378858419032245,1
29,18,G19,-24212368.13374732,-6174376.610444782,9074679.498226501,23318652.367,-5240.1609417485415,6.47942159216262,1
29,19,G20,-22961709.791352466,12833589.972524172,3517665.926642308,21517530.867,-22595.63512299191,3.7982051850345537,1
29,23,G24,-4637308.4866668,25048658.388175264,7472651.198971595,22295262.054,1776.9253306827532,4.686892464196353,1
29,27,G28,-4244285.013640277,18478191.378743567,18695448.34989251,21585604.39,14053.322974554156,3.799970635296939,1
30,6,G07,8205101.186330899,17962136.54898558,18248877.85564616,24298449.218,-40810.95605552913,8.41310357631605,1
30,7,G08,-947495.7797807384,26213219.26189177,-2805603.8796304124,24225924.412,-7552.361343908959,11.05886530055656,1
30,10,G11,-15298042.57032269,6614501.206417914,20628958.141293988,20896047.44,62993.28720426091,3.3432618643785337,1
30,18,G19,-24238334.307091847,-6197678.333884512,8988035.222811662,23343479.793,-5240.2257694002965,6.511011083086909,1
30,19,G20,-22955008.56361462,12818851.431810409,3611758.18748314,21517129.48,-22595.605053904415,3.7863454378673187,1
30,23,G24,-4645730.540445183,25021129.071505632,7562686.11027848,22296795.157,1776.96384896357,4.670453128221909,1
30,27,G28,-4305408.862734332,18512762.134099536,18645610.87155919,21588408.437,14053.3329438065,3.7919954570322276,1
31,6,G07,8141077.288109147,17941159.39094507,18298848.66872831,24296272.144,-40811.18019124474,8.351687863998986,1
31,7,G08,-956527.0878439237,26203200.05414426,-2901214.23936429,24253775.398,-7552.506259728148,11.160092936943515,1
31,10,G11,-15315741.168894555,6536776.607719243,20641168.987230018,20916330.107,62993.30110118739,3.348688561159477,1
31,18,G19,-24264055.12611202,-6220778.293454935,8901219.278132172,23368339.893,-5240.2914898436975,6.542973534694782,1
31,19,G20,-22948041.53143088,12803898.284686785,3705781.1066138097,21516817.359,-22595.575427828313,3.774632450446763,1
31,23,G24,-4654206.912417042,24993276.755904675,7652575.996900794,22298388.393,1777.0020497715875,4.6541977749598,1
31,27,G28,-4366320.234596066,18547336.65190467,18595418.9988709,21591306.651,14053.34243066507,3.7841382147245066,1
32,6,G07,8076850.439452298,17920217.633450337,18348481.79265125,24294091.719,-40811.40476078781,8.291132955989813,1
32,7,G08,-965588.8780923819,26192833.781045966,-2996767.8967931885,24281655.792,-7552.6527941029835,11.263303507580668,1
32,10,G11,-15333558.678725814,6459035.299504002,20652982.872975834,20936660.936,62993.314945855454,3.3541662956450957,1
32,18,G19,-24289529.32283358,-6243677.230099878,8814233.315108089,23393233.41,-5240.357713001958,6.575317652871149,1
32,19,G20,-22940809.722468086,12788729.578241708,3799732.8763550594,21516594.801,-22595.54601036124,3.7630649794273103,1
32,23,G24,-4662738.902600408,24965102.137452006,7742319.152328723,22300039.929,1777.0402244804247,4.638123150276168,1
32,27,G28,-4427018.2394014085,18581913.46410378,18544873.640772235,21594299.186,14053.351669789312,3.7763977326622857,1
33,6,G07,8012421.683804074,17899312.46675483,18397776.330343038,24291908.839,-40811.629302264024,8.231424674204385,1
33,7,G08,-974682.5361320662,26182120.7739131,-3092262.989094817,24309566.131,-7552.800363471569,11.368553702960757,1
33,10,G11,-15351494.92695339,6381278.930696271,20664399.59148937,20957040.043,62993.328923003566,3.3596952865871357,1
33,18,G19,-24314755.635705225,-6266375.892868423,8727078.989071604,23418160.001,-5240.424078353728,6.608048769760296,1
33,19,G20,-22933314.172340177,12773344.367092973,3893611.691031742,21516461.746,-22595.516593225308,3.7516412298187913,1
33,23,G24,-4671327.807108821,24936605.9226467,7831913.872548616,22301750.789,1777.0786285588515,4.6222274125696625,1
33,27,G28,-4487501.995999481,18616491.09823457,18493975.713517096,21597386.665,14053.360868088283,3.76877372459679,1
34,6,G07,7947792.0723234145,17878445.075759605,18446731.39084552,24289723.439,-40811.85439651752,8.172542345827413,1
34,7,G08,-983809.4456602201,26171061.375404876,-3187697.654921337,24337504.725,-7552.949814971967,11.475898560648904,1
34,10,G11,-15369549.731769022,6303509.149831123,20675418.943374097,20977467.242,62993.342792225856,3.365275560873621,1
34,18,G19,-24339732.810365003,-6288875.03949147,8639757.957314922,23443120.705,-5240.491063683891,6.641174481937378,1
34,19,G20,-22925555.92466815,12757741.713690832,3987415.745514687,21516419.889,-22595.487446358296,3.7403602224992647,1
34,23,G24,-4679974.918229367,24907788.82792816,7921358.457500777,22303520.905,1777.116931213109,4.606507816366639,1
34,27,G28,-4547770.633392094,18651068.07831235,18442726.13944313,21600569.903,14053.369755495507,3.761264925166564,1
35,6,G07,7882962.663861531,17857616.63995814,18495346.08932758,24287536.621,-40812.08084014194,8.114472428093869,1
35,7,G08,-992970.9883956587,26159655.939507008,-3283070.0344376094,24365472.034,-7553.102349153683,11.585395468797037,1
35,10,G11,-15387722.902640603,6225727.604063724,20686040.737013433,20997943.274,62993.35621738964,3.3709073766476485,1
35,18,G19,-24364459.598987125,-6311175.435724493,8552271.881481925,23468114.628,-5240.55933702326,6.674699402537,1
35,19,G20,-22917536.03095334,12741920.688170638,4081143.236375703,21516469.354,-22595.45893814923,3.729219899432585,1
35,23,G24,-4688681.524185378,24878651.58021543,8010651.2093321495,22305351.161,1777.1546775755478,4.590962294102126,1
35,27,G28,-4607823.289073059,18685642.923931863,18391125.84837027,21603849.935,14053.377958063937,3.753871093465181,1
36,6,G07,7817934.524902836,17836828.333397385,18543619.547098253,24285348.527,-40812.306615326655,8.05719688690527,1
36,7,G08,-1002168.5440529096,26147904.831467297,-3378378.269737879,24393467.574,-7553.255171869885,11.697107979798021,1
36,10,G11,-15406014.240110392,6147935.940018742,20696264.788437627,21018467.374,62993.370028274774,3.376590897720171,1
36,18,G19,-24388934.76064355,-6333277.855575939,8464622.42650121,23493143.852,-5240.627267444131,6.708633482196275,1
36,19,G20,-22909255.550525606,12725880.368393723,4174792.361921166,21516611.353,-22595.430149018357,3.7182196388270237,1
36,23,G24,-4697448.909336475,24849194.916067272,8099790.434914025,22307241.665,1777.1930019822196,4.575588560350278,1
36,27,G28,-4667659.110283867,18720214.151010185,18339175.77657219,21607227.014,14053.386402199047,3.7465911243643255,1
37,6,G07,7752708.729297693,17816081.32453371,18591550.89180954,24283159.932,-40812.533316653884,8.000701957068213,1
37,7,G08,-1011403.4901509963,26135808.427918077,-3473620.5037475904,24421490.54,-7553.4106146456825,11.81109394089325,1
37,10,G11,-15424423.53586138,6070135.803446393,20706090.92137192,21039039.976,62993.38355841585,3.3823264647139983,1
37,18,G19,-24413157.06164738,-6355183.081520462,8376811.25950715,23518207.171,-5240.69617609445,6.7429816545734065,1
37,19,G20,-22900715.550547503,12709619.84014044,4268361.321482262,21516845.964,-22595.401813271415,3.7073573133387674,1
37,23,G24,-4706278.353873664,24819419.582345873,8188774.443741138,22309192.08,1777.2309993517224,4.56038417890499,1
37,27,G28,-4727277.253050172,18754780.271308918,18286876.867582615,21610702.337,14053.39434580633,3.7394246660968236,1
38,6,G07,7687286.359234725,17795376.77652638,18639139.25670889,24280968.933,-40812.76026100001,7.9449686416883445,1
38,7,G08,-1020677.2020609198,26123367.11672141,-3568794.881398134,24449541.633,-7553.567765268077,11.927421012933749,1
38,10,G11,-15442950.572661616,5992328.839441673,20715518.967201732,21059660.063,62993.39708734733,3.388114057422289,1
38,18,G19,-24437125.275022306,-6376891.90393629,8288840.051898517,23543304.738,-5240.765518078921,6.777753462021018,1
38,19,G20,-22891917.105978474,12693138.197147591,4361848.3154516,21517173.609,-22595.373623149277,3.696632419162692,1
38,23,G24,-4715171.133821498,24789326.33607139,8277601.548321495,22311201.908,1777.269050844988,4.545346823178216,1
38,27,G28,-4786676.88296439,18789339.792899832,18234230.071565326,21614274.669,14053.40210046901,3.732370436785892,1
39,6,G07,7621668.503674544,17774715.84668328,18686383.781794775,24278777.76,-40812.98779921788,7.8899865444064,1
39,7,G08,-1029991.0528967265,26110581.296995513,-3663899.5492858645,24477617.218,-7553.727207716797,12.046156776337273,1
39,10,G11,-15461595.124511112,5914516.691780315,20724548.765052456,21080327.229,62993.410462864034,3.3939540174103957,1
39,18,G19,-24460838.180945437,-6398405.121421,8200710.477914766,23568435.906,-5240.835598797539,6.812953769492456,1
39,19,G20,-22882861.299457967,12676434.541025763,4455251.546061986,21517594.146,-22595.345741793582,3.686042851837657,1
39,23,G24,-4724128.521024973,24758915.944157112,8366270.064914513,22313271.452,1777.306953699375,4.530474799315332,1
39,27,G28,-4845857.174948953,18823891.220096786,18181236.345504373,21617945.514,14053.409497951754,3.725428461428726,1
40,6,G07,7555856.259060356,17754099.68667202,18733283.613251965,24276585.846,-40813.215235263226,7.835737830635048,1
40,7,G08,-1039346.4134905841,26097451.37904284,-3758932.6560873007,24505718.461,-7553.887951758065,12.167370161109545,1
40,10,G11,-15480356.9567312,5836701.002535922,20733180.16181661,21101041.963,62993.42397861974,3.399846553386281,1
40,18,G19,-24484294.566614117,-6419723.540563436,8112424.215303859,23593601.771,-5240.905838834274,6.8485930875677,1
40,19,G20,-22873549.22124675,12659507.981308924,4548569.217419766,21518108.732,-22595.317850145104,3.6755879313922217,1
40,23,G24,-4733151.78307315,24728189.183489323,8454778.313207293,22315401.205,1777.345102493229,4.515765458731638,1
40,27,G28,-4904817.313542436,18858433.053650104,18127896.652976993,21621714.276,14053.416861891003,3.718597510618802,1
41,6,G07,7489850.730092312,17733529.442706816,18779837.902911246,24274390.853,-40813.443292849115,7.782210603979871,1
41,7,G08,-1048744.6521991736,26083977.784487084,-3853892.3514640424,24533844.299,-7554.051171315309,12.29113574448923,1
41,10,G11,-15499235.825522033,5758883.413882905,20741413.01194785,21121801.741,62993.43731986618,3.405791793745717,1
41,18,G19,-24507493.22666796,-6440847.976252973,8023982.943886956,23618800.064,-5240.97687269565,6.884676842887619,1
41,19,G20,-22863981.96928807,12642357.635700965,4641799.53442726,21518715.501,-22595.290287973425,3.66526597659392,1
41,23,G24,-4742242.183249854,24697146.84077476,8543124.61669609,22317588.759,1777.3830782937532,4.50121717465112,1
41,27,G28,-4963556.491969656,18892963.79026642,18074211.96498833,21625580.998,14053.423846522368,3.7118773298338077,1
42,6,G07,7423653.028099561,17713006.255018137,18826045.809380222,24272194.101,-40813.67155523319,7.729388760976611,1
42,7,G08,-1058187.1349601492,26070160.946099784,-3948776.7872340973,24561992.11,-7554.216294556513,12.417528776328584,1
42,10,G11,-15518231.478495972,5681065.565858966,20749247.177706286,21142606.821,62993.45066228253,3.4117899308325232,1
42,18,G19,-24530432.9626856,-6461779.251117796,7935388.347632004,23644031.253,-5241.048355571587,6.921215041375618,1
42,19,G20,-22854160.649050023,12624982.62992044,4734940.703931053,21519415.714,-22595.26286491942,3.6550761714532505,1
42,23,G24,-4751400.980387202,24665789.712872162,8631307.301663477,22319834.96,1777.4211167097903,4.486827544466707,1
42,27,G28,-5022073.913828482,18927481.923627235,18020183.258469768,21629544.875,14053.430644993883,3.705266885643344,1
43,6,G07,7357262.055833052,17692530.576409377,18871908.020272925,24269995.07,-40813.900681207335,7.677260305965141,1
43,7,G08,-1067675.5422374867,26056000.83011025,-4043587.27612773,24590162.633,-7554.384447055876,12.546631560412237,1
43,10,G11,-15537344.293275952,5603246.504199492,20756682.770171642,21163457.275,62993.46371515673,3.4178414690379824,1
43,18,G19,-24553113.335195296,-6482518.883885833,7846639.152709339,23669295.208,-5241.120883235403,6.95821460959854,1
43,19,G20,-22844086.03348151,12607381.50733192,4827994.0346696,21520208.636,-22595.235888841296,3.64501631342626,1
43,23,G24,-4760629.737696937,24634117.545417625,8719327.629541177,22322139.323,1777.4588383429057,4.472594402475088,1
43,27,G28,-5080370.730999366,18961987.09343301,17965809.69957032,21633607.264,14053.43694143276,3.698765856177099,1
44,6,G07,7290683.365498833,17672104.900582418,18917420.6491176,24267793.946,-40814.13002797301,7.625811265645074,1
44,7,G08,-1077210.602340962,26041498.83560304,-4138315.6531540602,24618353.367,-7554.55470732176,12.678521442536779,1
44,10,G11,-15556572.725891072,5525433.053480693,20763719.171378523,21184351.019,62993.476747794695,3.423945938940578,1
44,18,G19,-24575531.64865082,-6503066.330741815,7757742.964528093,23694591.088,-5241.193915651545,6.995684368112652,1
44,19,G20,-22833759.91465663,12589554.583285261,4920951.533420753,21521095.923,-22595.209072375324,3.6350868146860553,1
44,23,G24,-4769929.089897297,24602133.26626496,8807178.066233931,22324501.378,1777.4965983955967,4.4585164981872865,1
44,27,G28,-5138442.279027589,18996475.48571878,17911095.904138714,21637767.342,14053.443030421597,3.692373371118933,1
45,6,G07,7223915.881377331,17651729.667158995,18962584.407251287,24265590.725,-40814.35968971488,7.575030539586779,1
45,7,G08,-1086793.9889317509,26026654.962516278,-4232963.237388528,24646565.426,-7554.727284440877,12.81328006606912,1
45,10,G11,-15575917.132429436,5447624.256952276,20770356.52108508,21205289.702,62993.489719391226,3.4301042665860235,1
45,18,G19,-24597687.486792043,-6523423.132426822,7668698.521022757,23719920.125,-5241.267542259491,7.033633401323774,1
45,19,G20,-22823183.08884523,12571500.425133683,5013814.514935033,21522077.011,-22595.182455109967,3.6252853346666325,1
45,23,G24,-4779300.588742269,24569836.651273422,8894859.885491535,22326921.711,1777.5343472286768,4.44459109938787,1
45,27,G28,-5196289.736688331,19030946.734128587,17856041.06278968,21642026.469,14053.44886793625,3.6860890695987925,1
46,6,G07,7156960.743836581,17631405.992849514,19007398.47844575,24263386.339,-40814.59067064119,7.524904446726009,1
46,7,G08,-1096427.0573632,26011469.688264605,-4327528.187762431,24674796.756,-7554.903999490615,12.951005865835324,1
46,10,G11,-15595377.22534741,5369821.749212679,20776594.712365776,21226272.197,62993.50216789293,3.436316043675586,1
46,18,G19,-24619579.680779133,-6543590.143299401,7579507.517520691,23745281.336,-5241.3427196033335,7.072068253017756,1
46,19,G20,-22812356.691196553,12553218.19131363,5106581.193068848,21523153.292,-22595.15652375631,3.615611061853218,1
46,23,G24,-4788745.474916957,24537228.536474206,8982371.428209309,22329400.624,1777.5714882217571,4.430817047453275,1
46,27,G28,-5253912.344865243,19065399.318284545,17800646.180055875,21646385.306,14053.45395846328,3.679912318194898,1
47,6,G07,7089819.101257437,17611134.988635648,19051862.052212287,24261182.023,-40814.819765683686,7.475422286159135,1
47,7,G08,-1106111.1602446772,25995943.501296747,-4422008.665549879,24703050.302,-7555.079413016458,13.091791096274322,1
47,10,G11,-15614952.708188275,5292027.1639494505,20782433.645950634,21247299.404,62993.51555361454,3.442582051138278,1
47,18,G19,-24641207.069246605,-6563568.225500593,7490171.652283379,23770677.074,-5241.416453257635,7.111002581538774,1
47,19,G20,-22801281.86421897,12534707.048611825,5199249.78305663,21524325.226,-22595.12974027784,3.6060630572683783,1
47,23,G24,-4798264.984481459,24504309.76749624,9069711.039270036,22331938.854,1777.6099071946312,4.417192190598293,1
47,27,G28,-5311309.354260364,19099831.714687318,17744912.26695475,21650843.815,14053.459866992944,3.6738425390255474,1
48,6,G07,7022492.109228982,17590917.759469327,19095974.324358385,24258976.277,-40815.050450414456,7.426571054710197,1
48,7,G08,-1115847.6473361675,25980076.90106784,-4516402.83440349,24731322.144,-7555.2595953094215,13.235718832131772,1
48,10,G11,-15634643.275967551,5214242.132371001,20787873.230345514,21268371.292,62993.52828361195,3.4489025665858253,1
48,18,G19,-24662568.49810723,-6583358.248653995,7400692.627542218,23796105.996,-5241.492025303782,7.150442627954503,1
48,19,G20,-22789959.75774236,12515966.172354281,5291818.501179952,21525592.775,-22595.10377732475,3.5966395387877066,1
48,23,G24,-4807860.348667783,24471081.19980268,9156877.066878535,22334535.336,1777.647554284789,4.403713895526818,1
48,27,G28,-5368480.025359847,19134242.39679575,17688840.3409661,21655403.122,14053.464888902674,3.667879085980258,1
49,6,G07,6954980.929671641,17570755.40399927,19139734.497519292,24256770.379,-40815.28170616063,7.378338912262019,1
49,7,G08,-1125637.8654152814,25963870.398139127,-4610708.859640824,24759611.853,-7555.442926758216,13.382907662366385,1
49,10,G11,-15654448.614656199,5136468.285257914,20792913.3816739,21289486.459,62993.54081703369,3.4552771725066314,1
49,18,G19,-24683662.821194157,-6602961.090405091,7311072.1469801655,23821567.536,-5241.56850261691,7.190397309308558,1
49,19,G20,-22778391.528627727,12496994.7459475,5384285.567009833,21526957.039,-22595.078151103033,3.5873400769490353,1
49,23,G24,-4817532.793835116,24437543.698784005,9243867.862249704,22337191.018,1777.6850224565762,4.390381529544429,1
49,27,G28,-5425423.627609514,19168629.83452856,17632431.42690924,21660062.916,14053.46951650437,3.6620214559139947,1
50,6,G07,6887286.732418501,17550649.015000958,19183141.780118156,24254562.493,-40815.51371559284,7.3307142085247134,1
50,7,G08,-1135483.1582288546,25947324.51416026,-4704924.908283257,24787919.639,-7555.629854541023,13.533448818997291,1
50,10,G11,-15674368.401727222,5058707.250772072,20797554.02383213,21310645.085,62993.55305966787,3.4617066645832075,1
50,18,G19,-24704488.899639577,-6622377.6357211005,7221311.918544395,23847062.734,-5241.646093356002,7.230878384341438,1
50,19,G20,-22766578.341015175,12477791.961462336,5476649.200865644,21528417.523,-22595.052954370753,3.5781632854107324,1
50,23,G24,-4827283.541665533,24403698.138790596,9330681.782057742,22339904.41,1777.7221995002537,4.377192245485637,1
50,27,G28,-5482139.440999895,19202992.495293956,17575686.55536406,21664823.806,14053.473653442143,3.656268916896801,1
51,6,G07,6819410.694096633,17530599.679013114,19226195.387080368,24252356.114,-40815.74388699069,7.283689039091446,1
51,7,G08,-1145384.8664782722,25930439.781717528,-4799049.149842744,24816248.873,-7555.815661958674,13.687468835569996,1
51,10,G11,-15694402.305784935,4980960.655911671,20801795.088385258,21331847.038,62993.56623827354,3.4681911165742223,1
51,18,G19,-24725045.60258889,-6641608.777494917,7131413.651565245,23872591.15,-5241.722239193375,7.271896145037411,1
51,19,G20,-22754521.366100565,12458357.019364143,5568907.625321687,21529975.195,-22595.026921113684,3.569108349915057,1
51,23,G24,-4837113.808684218,24369545.404564057,9417317.184665266,22342676.855,1777.7606326126865,4.364145533002104,1
51,27,G28,-5538626.754522271,19237328.84309295,17518606.76422087,21669685.848,14053.478592784077,3.6506214086306685,1
52,6,G07,6751353.998643172,17510608.476445146,19268894.539500255,24250148.659,-40815.97661775627,7.237248627080964,1
52,7,G08,-1155344.3277573993,25913216.744302347,-4893079.756357053,24844591.186,-7556.008642161549,13.84506451871839,1
52,10,G11,-15714549.986958783,4903230.124953831,20805636.51465494,21353091.984,62993.5782613972,3.474730652853568,1
52,18,G19,-24745331.806680784,-6660655.4159135865,7041379.059219438,23898152.405,-5241.801322823468,7.313458305991451,1
52,19,G20,-22742221.782046266,12438689.128607541,5661059.065239831,21531630.503,-22595.002206151607,3.560173878219639,1
52,23,G24,-4847024.806587711,24335086.38973111,9503772.433949389,22345507.471,1777.7976876056564,4.351238427292405,1
52,27,G28,-5594884.86705437,19271637.339143906,17461193.097769182,21674649.964,14053.482130726645,3.6450778984184233,1
53,6,G07,6683117.836149631,17490676.4812274,19311238.46532999,24247941.777,-40816.207711666844,7.191386436632696,1
53,7,G08,-1165362.876384147,25895655.956490204,-4987014.901305654,24872952.609,-7556.2009652606275,14.006368336104197,1
53,10,G11,-15734811.096380398,4825517.281485409,20809078.249605063,21374380.14,62993.591131276204,3.48132584286858,1
53,18,G19,-24765346.396334976,-6679518.458704015,6951209.857430379,23923747.717,-5241.879151354225,7.355578601690792,1
53,19,G20,-22729680.774124872,12418787.506819123,5753101.7467054855,21533383.24,-22594.97675085369,3.5513590626591482,1
53,23,G24,-4857017.7419492435,24300321.99783047,9590045.896573624,22348397.483,1777.8358805450305,4.338470085404539,1
53,27,G28,-5650913.087455291,19305916.441925872,17403446.606674675,21679715.838,14053.486372496722,3.63963832928042,1
54,6,G07,6614703.404474758,17470804.761231016,19353226.398373064,24245734.717,-40816.44043291665,7.146088349723658,1
54,7,G08,-1175441.8434628125,25877757.983642668,-5080852.761141179,24901329.438,-7556.399018306906,14.171500612162184,1
54,10,G11,-15755185.276734982,4747823.746246673,20812120.24795195,21395710.738,62993.603272901666,3.48797643958443,1
54,18,G19,-24785088.264050614,-6698198.821252434,6860907.763758663,23949376.175,-5241.9590499067,7.398265432961423,1
54,19,G20,-22716899.53446618,12398651.380207634,5845033.898161875,21535234.977,-22594.95216697871,3.542662989709543,1
54,23,G24,-4867093.816232419,24265253.14174974,9676135.94339512,22351345.61,1777.873242743144,4.325838364617803,1
54,27,G28,-5706710.733621173,19340164.606721777,17345368.348882243,21684884.789,14053.489667496482,3.6343017633558286,1
55,6,G07,6546111.908101627,17450994.377913587,19394857.57897578,24243528.708,-40816.67320279121,7.101347544048745,1
55,7,G08,-1185582.5567306145,25859523.40208601,-5174591.514205569,24929719.01,-7556.599863542854,14.34058949726264,1
55,10,G11,-15775672.161970418,4670151.138257549,20814762.47210106,21417083.871,62993.61544437249,3.494683201588601,1
55,18,G19,-24804556.309966903,-6716697.426150788,6770474.499519437,23975038.426,-5242.039428275422,7.441530872323959,1
55,19,G20,-22703879.26204352,12378279.98351789,5936853.750442521,21537185.027,-22594.927676300267,3.534084314606111,1
55,23,G24,-4877254.225802886,24229880.74366719,9762040.949490339,22354352.626,1777.9107243079663,4.313341695632019,1
55,27,G28,-5762277.133903564,19374380.28648433,17286959.388222624,21690156.557,14053.492810661819,3.6290680772157007,1
56,6,G07,6477344.558644791,17431246.386431064,19436131.253704928,24241323.195,-40816.90602584792,7.057153100570964,1
56,7,G08,-1195786.3404641764,25840952.799092688,-5268229.340768753,24958123.664,-7556.803613421228,14.513775932732697,1
56,10,G11,-15796271.377384754,4592501.074468403,20817004.892162077,21438498.973,62993.62764239922,3.501446185984346,1
56,18,G19,-24823749.442238055,-6735015.2034252,6679911.788317615,24000733.597,-5242.1203012703945,7.485386803836635,1
56,19,G20,-22690621.16279953,12357672.560447322,6028559.535346885,21539233.857,-22594.903283080905,3.525622345339026,1
56,23,G24,-4887500.161711017,24194205.73544157,9847759.293159883,22357417.901,1777.9483204241417,4.300978529879348,1
56,27,G28,-5817611.626431137,19408561.93150095,17228220.795078296,21695530.931,14053.495797836385,3.623936642908502,1
57,6,G07,6408402.573714152,17411561.835280515,19477046.676013622,24239117.907,-40817.138382403326,7.01349524477617,1
57,7,G08,-1206054.5155478816,25822046.772633113,-5361764.4241819,24986547.477,-7557.0092831157845,14.69120479131474,1
57,10,G11,-15816982.539642438,4514875.169693776,20818847.48594796,21459956.705,62993.64012597262,3.5082656925528464,1
57,18,G19,-24842666.57699963,-6753153.090421893,6589221.356373335,24026463.248,-5242.201121135173,7.529846155381889,1
57,19,G20,-22677126.44923747,12336828.363098282,6120149.488227798,21541382.453,-22594.87872787814,3.5172762699844755,1
57,23,G24,-4897832.809810471,24158229.058007665,9933289.357323052,22360541.913,1777.9863476757557,4.288747236239766,1
57,27,G28,-5872713.55870494,19442707.989185736,17169153.64683748,21701009.345,14053.49889577178,3.618906924729087,1
58,6,G07,6339287.178521991,17391941.76672392,19517603.105268396,24236914.555,-40817.37194695975,6.970365265811733,1
58,7,G08,-1216388.3992352672,25802805.931643993,-5455194.949425667,25014980.54,-7557.220486934843,14.873024288343078,1
58,10,G11,-15837805.256703492,4437275.036869788,20820290.238968812,21481455.91,62993.65205697152,3.515141784959432,1
58,18,G19,-24861306.638418127,-6771112.031755252,6498404.932489552,24052225.808,-5242.283689524144,7.574917379935226,1
58,19,G20,-22663396.340723686,12315746.652605796,6211621.845474082,21543631.07,-22594.85485039407,3.5090447871216877,1
58,23,G24,-4908253.350517738,24121951.661907762,10018629.528184382,22363724.778,1778.0237809446407,4.276646418280144,1
58,27,G28,-5927582.288265423,19476816.904558435,17109759.027180336,21706591.795,14053.501238794091,3.613978673969774,1
59,6,G07,6269999.605006416,17372387.21651499,19557799.807258725,24234711.321,-40817.60682977282,6.927753034712902,1
59,7,G08,-1226789.3052602191,25783230.89569938,-5548519.10463346,25043426.431,-7557.437710416958,15.059385520880019,1
59,10,G11,-15858739.128091302,4359702.286052997,20821333.14444852,21502996.758,62993.66336361127,3.5220748932369568,1
59,18,G19,-24879668.558811195,-6788892.979330776,6407464.247657906,24078021.268,-5242.36818520809,7.620614263448368,1
59,19,G20,-22649432.063176636,12294426.698747216,6302974.846365901,21545979.675,-22594.831714388405,3.5009270498622027,1
59,23,G24,-4918762.958905607,24085374.506819952,10103778.196284126,22366965.758,1778.0605443003965,4.264674066827555,1
59,27,G28,-5982217.182301072,19510887.120032065,17050038.02653126,21712278.352,14053.502759346191,3.609151216587299,1
60,6,G07,6200541.090960043,17352899.213623893,19597636.05468074,24232510.556,-40817.83989152349,6.885652041799312,1
60,7,G08,-1237258.5436418264,25763322.295208775,-5641735.080013035,25071885.516,-7557.654282711045,15.250469007203158,1
60,10,G11,-15879783.744663982,4282158.525274572,20821976.203302126,21524578.49,62993.675639582616,3.529065425247144,1
60,18,G19,-24897751.27840061,-6806496.892030004,6316401.036472141,24103851.669,-5242.451173512685,7.666952233278361,1
60,19,G20,-22635234.84929371,12272867.780389557,6394206.731293047,21548428.673,-22594.80773448865,3.4929224249215243,1
60,23,G24,-4929362.804651085,24048498.561511155,10188733.756523287,22370265.227,1778.0985684770046,4.25282940331463,1
60,27,G28,-6036617.61854337,19544917.076018617,16989991.74109124,21718069.479,14053.505090911927,3.6044244191345434,1
61,6,G07,6130912.881936868,17333478.78073046,19637111.126033586,24230311.23,-40818.073141097135,6.844052842172164,1
61,10,G11,-15900938.688702,4204645.360209639,20822219.424142342,21546201.154,62993.68786955015,3.5361133843281225,1
61,18,G19,-24915553.74580552,-6823924.736056019,6225217.034927205,24129714.553,-5242.534848308504,7.713941280053288,1
61,19,G20,-22620805.938075457,12251069.184987172,6485315.744329261,21550978.204,-22594.783923429448,3.485029817946994,1
61,23,G24,-4940054.051806266,24011324.804244794,10273494.607179143,22373623.545,1778.1366187284355,4.241110870419826,1
61,27,G28,-6090782.983939576,19578905.21019734,16929621.27424433,21723964.939,14053.507189243519,3.599797857081358,1
62,6,G07,6061116.228981517,17314126.93356943,19676224.306896575,24228112.813,-40818.30784042945,6.802944873184481,1
62,10,G11,-15922203.533931632,4127164.3940927223,20822062.823277723,21567865.158,62993.69939223274,3.5432193599276793,1
62,18,G19,-24933074.91786268,-6841177.484680611,6133913.9814685,24155611.558,-5242.620668471783,7.761596199400021,1
62,19,G20,-22606146.57518146,12229030.209182205,6576300.130727739,21553629.233,-22594.760928594194,3.477248298286681,1
62,23,G24,-4950837.858907264,23973854.222294956,10358059.150948629,22377039.928,1778.1739089793098,4.22951597348833,1
62,27,G28,-6144712.675578236,19612849.958112326,16868927.735592347,21729965.892,14053.50838476601,3.5952706802922685,1
63,6,G07,5991152.3907995485,17294844.681505486,19714974.888685025,24225917.769,-40818.542267695535,6.762322140605268,1
63,10,G11,-15943577.845546106,4049717.22764047,20821506.424710777,21589570.277,62993.71109516935,3.550383403105229,1
63,18,G19,-24950313.759463258,-6858256.118014583,6042493.618049701,24181542.408,-5242.706709480698,7.809930198820316,1
63,19,G20,-22591258.0126575,12206750.158485984,6667158.138406118,21556382.537,-22594.737874095306,3.4695771185695126,1
63,23,G24,-4961715.378919556,23936087.811899,10442425.794972917,22380515.586,1778.2115038059624,4.218044292038154,1
63,27,G28,-6198406.100710612,19646749.75323655,16807912.240930744,21736072.788,14053.509580684187,3.5908429269219964,1
64,6,G07,5921022.631502159,17275633.02687389,19753362.16990421,24223724.559,-40818.77682591078,6.722175778541071,1
64,10,G11,-15965061.180129625,3972305.4593284996,20820550.260140486,21611315.665,62993.722767903295,3.557605895068004,1
64,18,G19,-24967269.244025577,-6875161.623338402,5950957.687923133,24207507.358,-5242.793440592406,7.858958034862578,1
64,19,G20,-22576141.50891661,12184228.34743603,6757888.017618028,21559237.693,-22594.714966497762,3.462015441154936,1
64,23,G24,-4972687.759035588,23898026.57866894,10526592.94985972,22384049.44,1778.2491522055573,4.206694063473681,1
64,27,G28,-6251862.675895855,19680603.02650706,16746575.913202014,21742285.645,14053.510563125612,3.586514049975855,1
65,6,G07,5850728.222784104,17256492.965552635,19791385.45492805,24221533.197,-40819.01235399004,6.6824974449009185,1
65,10,G11,-15986653.086019956,3894930.684089901,20819194.368943255,21633100.939,62993.73396091454,3.564887202177651,1
65,18,G19,-24983940.353324067,-6891894.994855276,5859307.936693181,24233505.19,-5242.881867879983,7.908693703398001,1
65,19,G20,-22560798.328687686,12161464.099623537,6848488.020987413,21562194.844,-22594.69264035186,3.454562313994335,1
65,23,G24,-4983756.140796943,23859671.53694793,10610559.03105255,22387640.695,1778.286326430428,4.195463590909525,1
65,27,G28,-6305081.828306736,19714408.207198564,16684919.881023072,21748604.265,14053.510880588552,3.582283582809521,1
66,6,G07,5780268.090513207,17237424.85199704,19829045.304339778,24219344.034,-40819.24743560421,6.643279764697052,1
66,10,G11,-16008353.827897782,3817591.9180543995,20817438.733017974,21654926.337,62993.745429590796,3.572227559934609,1
66,18,G19,-25000326.618852414,-6908457.782783319,5767543.052285409,24259537.041,-5242.970335359228,7.959153229353077,1
66,19,G20,-22545229.220247895,12138455.976705436,6938959.41708425,21565254.117,-22594.67016095761,3.447216823580985,1
66,23,G24,-4994922.033708385,23821022.417180173,10694325.246371597,22391291.041,1778.3239181389351,4.184352054223906,1
66,27,G28,-6358064.757058047,19748164.84683899,16622943.208420437,21755028.968,14053.511292476931,3.5781513929535755,1
67,6,G07,5709648.216069446,17218430.939535912,19866338.52510447,24217157.107,-40819.48324451578,6.604516143253792,1
67,10,G11,-16030161.49031294,3740295.9070857223,20815283.52416197,21676790.604,62993.7565327847,3.5796271305463074,1
67,18,G19,-25016425.946652308,-6924849.890714638,5675670.903450229,24285601.553,-5243.060272311583,8.010349872881788,1
67,19,G20,-22529436.498714738,12115204.854274144,7029294.432176898,21568416.058,-22594.648147447595,3.4399785645447993,1
67,23,G24,-5006185.8232603725,23782082.828469895,10777884.434808722,22394998.762,1778.3611760076037,4.173357892003992,1
67,27,G28,-6410807.376856411,19781869.120116938,16560651.168869296,21761560.007,14053.511157609915,3.5741170067148045,1
68,6,G07,5638867.543453911,17199511.566461027,19903265.702981617,24214973.506,-40819.71807255811,6.5661994813587174,1
68,10,G11,-16052076.317696374,3663041.6595342346,20812728.752941914,21698693.523,62993.768200175706,3.5870863161662663,1
68,18,G19,-25032237.894892603,-6941072.888351612,5583690.185269411,24311699.484,-5243.149614760521,8.062301621059781,1
68,19,G20,-22513420.93226765,12091709.320479175,7119494.343803981,21571680.727,-22594.625705556722,3.4328466534526547,1
68,23,G24,-5017549.004046384,23742852.52854643,10861237.820104504,22398764.267,1778.3991842573714,4.1624801571636985,1
68,27,G28,-6463310.91501519,19815520.576576598,16498042.84945911,21768197.393,14053.511403269269,3.5701802522189547,1
69,6,G07,5567927.3697983,17180667.701187953,19939826.168387093,24212791.78,-40819.9547930419,6.528320290453027,1
69,10,G11,-16074097.824214425,3585830.7604851793,20809774.489495736,21720636.034,62993.77886100597,3.594605468970579,1
69,18,G19,-25047761.479116928,-6957127.796955078,5491602.653162666,24337830.644,-5243.241899551146,8.115022860577792,1
69,19,G20,-22497183.810387146,12067968.735596085,7209557.414055293,21575049.074,-22594.60433818565,3.425820090001287,1
69,23,G24,-5029012.694016184,23703332.567761716,10944383.833982367,22402587.692,1778.4361211143694,4.151716606080552,1
69,27,G28,-6515574.8381540105,19849117.637497846,16435119.404969398,21774942.182,14053.51046601889,3.5663404033244324,1
70,6,G07,5496828.997618498,17161900.304946702,19976019.258710638,24210614.075,-40820.19020934423,6.490874337770605,1
70,10,G11,-16096225.515805721,3508664.7914568526,20806420.811622094,21742617.035,62993.79026641966,3.6021850012997554,1
70,18,G19,-25062995.723513056,-6973015.644546519,5399410.0643735835,24363995.639,-5243.33319904777,8.168532627433004,1
70,19,G20,-22480726.42841024,12043982.468810309,7299481.908635188,21578520.764,-22594.58237119957,3.4188982845457776,1
70,23,G24,-5040578.005187126,23663524.00512243,11027320.912804244,22406469.035,1778.474014829862,4.141066888932843,1
70,27,G28,-6567598.62361928,19882658.722820815,16371881.995743608,21781794.028,14053.510086319962,3.5625975794103595,1
71,6,G07,5425573.736207391,17143210.332107183,20011844.31759582,24208439.372,-40820.42672779638,6.453853229624532,1
71,10,G11,-16118458.89019214,3431545.330401649,20802667.804761413,21764637.239,62993.80108696983,3.6098251074537875,1
71,18,G19,-25077939.66090499,-6988737.465745591,5307114.1783013465,24390194.061,-5243.426526563936,8.222845414310537,1
71,19,G20,-22464050.0878155,12019749.89889988,7389266.094749359,21582096.682,-22594.56106948096,3.4120802882097303,1
71,23,G24,-5052246.043528432,23623427.908253625,11110047.497594127,22410408.89,1778.5113327558865,4.1305292313110655,1
71,27,G28,-6619381.758599359,19916142.25070044,16308331.788664246,21788754.01,14053.508946195729,3.55895126167553,1
72,6,G07,5354162.900146891,17124598.729776777,20047300.695665345,24206268.719,-40820.66299333746,6.41725021689355,1
72,10,G11,-16140797.436469188,3354473.953131608,20798515.562063202,21786695.4,62993.81207238318,3.6175259967019517,1
72,18,G19,-25092592.33278777,-7004294.301750532,5214716.756467407,24416425.193,-5243.520199209293,8.277981107258833,1
72,19,G20,-22447156.09594111,11995270.413830746,7478908.242570904,21585777.053,-22594.53972088228,3.405365673735725,1
72,23,G24,-5064017.908821979,23583045.353820078,11192562.033079023,22414406.473,1778.5489374965637,4.120102685409077,1
72,27,G28,-6670923.740609485,19949566.637822814,16244469.95663153,21795821.214,14053.50778731473,3.5554011714311757,1
73,6,G07,5282597.810982078,17106066.438200098,20082387.74967671,24204100.757,-40820.90024355416,6.381057914598461,1
73,10,G11,-16163240.635470498,3277452.232067708,20793964.184330918,21808791.982,62993.82252207126,3.625288290148255,1
73,18,G19,-25106952.789376725,-7019687.200264345,5122219.562482266,24442690.774,-5243.615832551394,8.33395783367057,1
73,19,G20,-22430045.765967894,11970543.410926418,7568406.624916121,21589562.089,-22594.51898294473,3.3987535339201007,1
73,23,G24,-5075894.694711905,23542377.42701376,11274862.968704678,22418461.307,1778.5860338857708,4.109785362073921,1
73,27,G28,-6722224.076650908,19982930.298955113,16180297.679560628,21802997.206,14053.50592224316,3.551946776738536,1
74,6,G07,5210879.796313635,17087614.390500564,20117104.842965625,24201937.78,-40821.137062183894,6.345272174735678,1
74,10,G11,-16185787.959618047,3200481.736762006,20789013.780051414,21830926.412,62993.833235671234,3.6331123035601336,1
74,18,G19,-25121020.08964399,-7034917.215466163,5029624.362012033,24468989.314,-5243.711607605891,8.390793654158557,1
74,19,G20,-22412720.416879196,11945568.296866564,7657759.517278481,21593451.808,-22594.49810243419,3.392243070671648,1
74,23,G24,-5087877.488678109,23501425.221497573,11356948.758658698,22422573.858,1778.6235314886464,4.0995767865746995,1
74,27,G28,-6773282.284484352,20016231.647801045,16115816.14283995,21810281.437,14053.504135758896,3.5485882177726467,1
75,6,G07,5139010.188898762,17069243.51242175,20151451.34586283,24199778.715,-40821.37348601321,6.309885532120299,1
75,10,G11,-16208438.873298045,3123564.03263691,20783664.465310954,21853098.444,62993.84419774672,3.640998014576948,1
75,18,G19,-25134793.301367853,-7049985.407934056,4936932.922745098,24495321.861,-5243.807566274794,8.44850839457618,1
75,19,G20,-22395181.37331294,11920344.487654423,7746965.198216627,21597446.747,-22594.477097507606,3.385833857609042,1
75,23,G24,-5099967.371870899,23460189.83968688,11438817.861243699,22426744.911,1778.6614078884857,4.089475879344568,1
75,27,G28,-6824097.891805099,20049469.096544445,16051026.538325688,21817674.414,14053.502409521125,3.545325138765015,1
76,6,G07,5066990.328606971,17050954.72279984,20185426.63474166,24197622.505,-40821.61096521921,6.274890830042268,1
76,10,G11,-16231192.832344249,3046700.6827678103,20777916.363909382,21875307.318,62993.85456886232,3.648946387109148,1
76,18,G19,-25148271.501174666,-7064892.844593822,4844147.014358595,24521686.458,-5243.905668617105,8.507122809492325,1
76,19,G20,-22377429.965785455,11894871.409044942,7836021.947970916,21601546.125,-22594.45674655075,3.3795249563656986,1
76,23,G24,-5112165.41901021,23418672.392874178,11520468.738584673,22430971.715,1778.6987236775371,4.079480419331919,1
76,27,G28,-6874670.436461445,20082641.056051113,15985930.064069267,21825174.95,14053.49992776815,3.5421568754789248,1
77,6,G07,4994821.560361265,17032748.933018234,20219030.092986576,24195469.601,-40821.84828234598,6.240283262663279,1
77,10,G11,-16254049.284333635,2969893.2468725555,20771769.60730425,21897551.062,62993.86505075874,3.656956959173587,1
77,18,G19,-25161453.774625465,-7079640.598749101,4751268.408115742,24548082.546,-5244.004303677728,8.566655209462047,1
77,19,G20,-22359467.530225795,11869148.49595316,7924928.050624053,21605749.693,-22594.436397040572,3.373315907097086,1
77,23,G24,-5124472.698683778,23376874.000025053,11601899.85892681,22435254.59,1778.7362652452512,4.069590512481471,1
77,27,G28,-6924999.466488932,20115745.93593078,15920527.924297743,21832783.307,14053.4973721893,3.5390836941919135,1
78,6,G07,4922505.235246779,17014627.04725812,20252261.110455036,24193319.357,-40822.08644928803,6.206056430916557,1
78,10,G11,-16277007.668875786,2893143.2803784097,20765224.33452623,21919831.115,62993.875046710484,3.665030862705951,1
78,18,G19,-25174339.216058988,-7094229.749759325,4658298.878308868,24574510.852,-5244.104884461895,8.627128135076783,1
78,19,G20,-22341295.40810432,11843175.192814091,8013681.79306868,21610057.694,-22594.416596279836,3.3672057746837867,1
78,23,G24,-5136890.272750781,23334795.789551288,11683109.693095574,22439593.589,1778.773373054959,4.059804006638553,1
78,27,G28,-6975084.540301126,20148782.144744188,15854821.329132413,21840499.736,14053.494167616533,3.536104977886261,1
79,6,G07,4850042.7101602955,16996589.962393213,20285119.08362404,24191174.326,-40822.32369568168,6.172204608231523,1
79,10,G11,-16300067.417006604,2816452.336459293,20758280.69234978,21942146.7,62993.88559991214,3.6731679103903008,1
79,18,G19,-25186926.92898824,-7108661.383424188,4565240.199641433,24600972.017,-5244.204978851602,8.688565252172097,1
79,19,G20,-22322914.946608316,11816950.95389969,8102281.4639857765,21614471.663,-22594.396385709875,3.361194350279546,1
79,23,G24,-5149419.196841068,23292438.8974367,11764096.718085058,22443989.156,1778.811202394938,4.050120560102712,1
79,27,G28,-7024925.225932123,20181748.08953878,15788811.495614605,21848324.87,14053.491320033678,3.533220708391383,1
80,6,G07,4777435.347787409,16978638.567945655,20317603.415599238,24189033.428,-40822.56170202398,6.13872199304655,1
80,10,G11,-16323227.951933745,2739821.9635812724,20750938.83508064,21964498.874,62993.89571494981,3.681368785818608,1
80,18,G19,-25199216.025739145,-7122936.591439641,4472094.150149802,24627466.208,-5244.306943709347,8.750986872909602,1
80,19,G20,-22304327.49805434,11790475.242662571,8190725.356345457,21618991.727,-22594.376677153807,3.355280644056264,1
80,23,G24,-5162060.51993318,23249804.468358174,11844859.414819168,22448441.926,1778.8486537042945,4.040538515869496,1
80,27,G28,-7074521.102207998,20214642.176717553,15722499.646119064,21856259.585,14053.487870304378,3.5304305134571567,1
81,6,G07,4704684.516532097,16960773.746055868,20349713.516124092,24186897.575,-40822.799975319555,6.1056034816379325,1
81,10,G11,-16346488.688333808,2663253.7078466956,20743198.92477193,21986886.897,62993.90568013117,3.6896337673642026,1
81,18,G19,-25211205.62788544,-7137056.471822474,4378862.508211316,24653993.469,-5244.410120858995,8.814416188564945,1
81,19,G20,-22285534.420429382,11763747.532567555,8279011.7646240685,21623618.131,-22594.35720398046,3.3494640696652365,1
81,23,G24,-5174815.284328356,23206893.655642726,11925396.2681871,22452951.32,1778.886047935524,4.031057046474637,1
81,27,G28,-7123871.757799883,20247462.811440933,15655887.009642333,21864304.347,14053.484097084222,3.5277342963257845,1
82,6,G07,4631791.590476992,16942996.371443834,20381448.801588792,24184768.276,-40823.03842801807,6.0728433991110675,1
82,10,G11,-16369849.033109795,2586749.1105167205,20735061.13098607,22009312.041,62993.91554491011,3.6979634335154565,1
82,18,G19,-25222894.865947656,-7151022.128444294,4285547.055100579,24680554.174,-5244.514413317688,8.878878516732138,1
82,19,G20,-22266537.07673038,11736767.30629719,8367138.987649283,21628352.389,-22594.33791921967,3.343744039985353,1
82,23,G24,-5187684.5259433985,23163707.620027944,12005705.7693095,22457518.695,1778.9234418137569,4.02167485624639,1
82,27,G28,-7172976.792205801,20280208.398353204,15588974.820462016,21872459.539,14053.480048907193,3.525131728960996,1
83,6,G07,4558757.949624872,16925307.31144334,20412808.694915365,24182644.818,-40823.2769097041,6.040436351128318,1
83,10,G11,-16393308.38467711,2510309.710382674,20726525.63103591,22031773.695,62993.925399604326,3.7063580521002715,1
83,18,G19,-25234282.879627638,-7164834.671210282,4192149.5734755183,24707149.174,-5244.619623416602,8.944398725852146,1
83,19,G20,-22247336.835501328,11709534.056630205,8455105.325827042,21633194.312,-22594.31874042039,3.338120017787199,1
83,23,G24,-5200669.273700169,23120247.53149246,12085786.412046859,22462143.765,1778.9609341005228,4.012391003286111,1
83,27,G28,-7221835.814585441,20312877.34086929,15521764.319704557,21880725.711,14053.475811753502,3.522622644170516,1
84,6,G07,4485584.978980539,16907707.42575504,20443792.62594096,24180527.993,-40823.515370908186,6.008377483253206,1
84,10,G11,-16416866.133730773,2433937.0412781597,20717592.609721027,22054270.713,62993.93527570842,3.714817661168569,1
84,18,G19,-25245368.817798723,-7178495.21594621,4098671.847713426,24733777.824,-5244.725690757371,9.011000583960817,1
84,19,G20,-22227935.070167758,11682047.285614071,8542909.083976444,21638144.075,-22594.299639463512,3.3325914147327773,1
84,23,G24,-5213770.550036405,23076514.567322597,12165636.696538303,22466825.826,1778.9985574186032,4.003204847532373,1
84,27,G28,-7270448.444556144,20345468.041766174,15454256.754267098,21889103.425,14053.471414119815,3.5202070572375677,1
85,6,G07,4412274.069371922,16890197.566622704,20474400.031049136,24178417.187,-40823.754513229775,5.976661091506268,1
85,10,G11,-16440521.662523972,2357632.634458334,20708262.259593885,22076803.911,62993.944735933765,3.7233429392680186,1
85,18,G19,-25256151.83854751,-7192004.884333449,4005115.6638771715,24760439.779,-5244.833697335551,9.078710977404057,1
85,19,G20,-22208333.15958209,11654306.505466985,8630548.568566788,21643202.054,-22594.281006380592,3.3271575852246893,1
85,23,G24,-5226989.370446575,23032509.91343939,12245255.126677535,22471565.705,1779.0358436116535,3.9941148797612986,1
85,27,G28,-7318814.31181435,20377978.90299308,15386453.37733095,21897592.263,14053.466443077936,3.5178845570146886,1
86,6,G07,4338826.617104292,16872778.57872923,20504630.353305247,24176313.945,-40823.993486127656,5.945282631138876,1
86,10,G11,-16464274.345644938,2281398.0160991764,20698534.780670535,22099372.677,62993.954305205625,3.731934359929636,1
86,18,G19,-25266631.10920836,-7205364.8038676465,3911482.8096812563,24787135.783,-5244.942391518361,9.147558563044704,1
86,19,G20,-22188532.48735428,11626311.237715445,8718022.09054206,21648368.69,-22594.26236920965,3.3218180237775785,1
86,23,G24,-5240326.743700254,22988234.76348135,12324640.211727545,22476362.342,1779.0733590937652,3.9851202486125707,1
86,27,G28,-7366933.056734614,20410408.326124493,15318355.44753304,21906192.977,14053.461396136418,3.515655043734602,1
87,6,G07,4265244.023921367,16855451.299159277,20534483.042464983,24174217.763,-40824.23266619334,5.914237246431467,1
87,10,G11,-16488123.549288882,2205234.7096799277,20688410.38072175,22121976.966,62993.96374885324,3.740592005960481,1
87,18,G19,-25276805.806404386,-7218576.10779344,3817775.074457834,24813865.192,-5245.052364263794,9.217569319205245,1
87,19,G20,-22168534.442401115,11598061.014127487,8805327.962568259,21653644.151,-22594.24393729065,3.3165721418897403,1
87,23,G24,-5253783.671566288,22943690.31945811,12403790.46508107,22481217.051,1779.1108516432942,3.9762201928933827,1
87,27,G28,-7414804.329971887,20442754.712176178,15249964.229477953,21914905.571,14053.456050678893,3.5135184851126953,1
88,6,G07,4191527.697238873,16838216.557435684,20563957.554866534,24172129.812,-40824.471516243015,5.883520055903944,1
88,10,G11,-16512068.632040216,2129144.2334978576,20677889.274958223,22144617.525,62993.97340543685,3.7493169903883676,1
88,18,G19,-25286675.116085865,-7231639.935046376,3723994.249122697,24840629.296,-5245.162802885052,9.288776382374827,1
88,19,G20,-22148340.418344077,11569555.375947736,8892464.501501363,21659029.142,-22594.225408822356,3.3114194095233906,1
88,23,G24,-5267361.148995556,22898877.79099253,12482704.405548166,22486129.218,1779.1486834536188,3.9674132091889,1
88,27,G28,-7462427.791923616,20475016.461283848,15181280.994537447,21923730.322,14053.45072602538,3.5114744503805775,1
89,6,G07,4117679.048932615,16821075.17520937,20593053.353905834,24170049.245,-40824.710946482184,5.853125496712546,1
89,10,G11,-16536108.944140753,2053128.1030355212,20666971.686346613,22167293.613,62993.982696209205,3.758109120079735,1
89,18,G19,-25296238.233566727,-7244557.430199935,3630142.1261412487,24867428.0,-5245.2751594943775,9.361207250099461,1
89,19,G20,-22127951.81366831,11540793.874275845,8979430.027374728,21664523.988,-22594.207295954693,3.30635936376832,1
89,23,G24,-5281060.163832763,22853798.3959845,12561380.556123793,22491098.873,1779.186240169422,3.9586985067366505,1
89,27,G28,-7509803.113857555,20507191.97355222,15112307.019198589,21932668.164,14053.444878306678,3.5095228530377316,1
90,6,G07,4043697.029361662,16804027.400085263,20621770.860051412,24167976.607,-40824.95085559565,5.823048717964493,1
90,10,G11,-16560244.634287411,1977185.2985950268,20655657.461566225,22190004.468,62993.99168521556,3.7669689969264124,1
90,18,G19,-25305494.666951813,-7257330.166720223,3536217.367852663,24894259.83,-5245.3893114132725,9.434893637609628,1
90,19,G20,-22107369.34270447,11511775.098951649,9066225.752388425,21670128.33,-22594.18953813587,3.3013912118646704,1
90,23,G24,-5294882.159689205,22808451.84421781,12639820.055327628,22496125.135,1779.2235942630741,3.9500751357131363,1
90,27,G28,-7556931.543630034,20539280.716506917,15043041.272978222,21941718.427,14053.438568584983,3.50766369063653,1
91,6,G07,3969587.993153,16787075.1748398,20650107.63559675,24165911.179,-40825.1907729939,5.7932869903787685,1
91,10,G11,-16584473.428075608,1901322.3895024816,20643947.59291917,22212749.977,62994.00066079628,3.775896951741638,1
91,18,G19,-25314443.013340395,-7269958.448887785,3442228.0307758222,24921125.896,-5245.504559328887,9.509866283257413,1
91,19,G20,-22086595.78556215,11482500.555210002,9152844.217216354,21675842.043,-22594.171880187314,3.2965148295753472,1
91,23,G24,-5308827.1890782695,22762842.39173623,12718016.20769229,22501208.732,1779.2610505956663,3.941542352121028,1
91,27,G28,-7603809.631779586,20571278.950671118,14973489.6611483,21950881.292,14053.43206870601,3.505896736208161,1
92,6,G07,3895350.904244477,16770218.728156595,20678064.127571657,24163855.857,-40825.43026680513,5.763835587511494,1
92,10,G11,-16608795.454985164,1825538.3460731113,20631841.95557799,22235530.353,62994.00991347578,3.7848934825292804,1
92,18,G19,-25323082.810028657,-7282443.866027904,3348172.7820914034,24948025.425,-5245.620193671559,9.586159575832367,1
92,19,G20,-22065631.87225828,11452968.861040926,9239286.647059027,21681666.509,-22594.154068957378,3.291729514550768,1
92,23,G24,-5322896.677251575,22716969.772920504,12795970.169178167,22506349.949,1779.2989108409824,3.933099359545691,1
92,27,G28,-7650438.6549317185,20603186.145902757,14903651.174881939,21960157.1,14053.425645911339,3.504222052105839,1
93,6,G07,3820987.1965228952,16753458.850961206,20705639.82582639,24161808.274,-40825.67076303206,5.734689206005326,1
93,10,G11,-16633210.034065116,1749834.6659177796,20619340.802637007,22258345.041,62994.018505696025,3.7939591547785025,1
93,18,G19,-25331413.290087238,-7294787.584587667,3254053.420869414,24974958.545,-5245.738611314631,9.663806724792298,1
93,19,G20,-22044479.020221043,11423179.607322533,9325551.374655316,21687600.906,-22594.13691880165,3.287034696917651,1
93,23,G24,-5337091.583750269,22670835.236477893,12873680.482910383,22511547.291,1779.33620209334,3.924744742977307,1
93,27,G28,-7696818.325862178,20635000.70144419,14833527.113887653,21969546.228,14053.418432573884,3.502639252716412,1
94,6,G07,3746498.3080646666,16736796.32614897,20732834.22729287,24159769.751,-40825.91116519667,5.705844670152791,1
94,10,G11,-16657716.476155492,1674212.8435275713,20606444.394947078,22281194.04,62994.027155272124,3.8030942948058906,1
94,18,G19,-25339433.696264394,-7306990.776573191,3159871.7460631626,25001924.996,-5245.858025844581,9.742843222165494,1
94,19,G20,-22023138.65144621,11393132.394894483,9411636.736089058,21693645.603,-22594.119803473408,3.282429888927919,1
94,23,G24,-5351412.86079701,22624440.039141398,12951145.696335234,22516802.224,1779.3736715523507,3.9164781079213276,1
94,27,G28,-7742948.366973907,20666721.015953325,14763118.784808023,21979048.392,14053.411093459152,3.5011485278176604,1
95,6,G07,3671885.682269322,16720231.92881991,20759646.83554662,24157740.665,-40826.150909199,5.677296885734915,1
95,10,G11,-16682314.084689863,1598674.3678330148,20593153.00071159,22304077.073,62994.03624178042,3.8122995845107477,1
95,18,G19,-25347143.280762162,-7319054.619079285,3065629.559466883,25028926.17,-5245.9774865942845,9.823310867294573,1
95,19,G20,-22001612.192419592,11362826.834610153,9497541.070821885,21699801.102,-22594.102396887105,3.277914847613232,1
95,23,G24,-5365861.453402511,22577785.445074067,13028364.362174,22522113.463,1779.4117083417143,3.908298239746986,1
95,27,G28,-7788828.511579729,20698345.488465454,14692427.499250047,21988663.862,14053.403976834286,3.4997495431357954,1
96,6,G07,3597150.7675299398,16703766.426176194,20786077.1609263,24155720.088,-40826.39192551459,5.649041780498859,1
96,10,G11,-16707002.155043416,1523220.7242585258,20579466.895834498,22326993.319,62994.044471100875,3.8215748258162376,1
96,18,G19,-25354541.305523682,-7330980.294627661,2971328.6626874614,25055959.603,-5246.100345866708,9.90523962321482,1
96,19,G20,-21979901.074133515,11332262.547495995,9583262.721385699,21706067.209,-22594.085812055102,3.2734888445909696,1
96,23,G24,-5380438.299299203,22530872.72581703,13105335.038442917,22527481.4,1779.4489837368421,3.900204507331843,1
96,27,G28,-7834458.503148467,20729872.517965484,14621454.574876327,21998393.085,14053.39589254619,3.498442417131667,1
97,6,G07,3522295.01744567,16687400.57756297,20812124.720438685,24153709.419,-40826.63199207366,5.6210754840601265,1
97,10,G11,-16731779.974954396,1447853.393435925,20565386.36370999,22349943.302,62994.053338244325,3.830921057624965,1
97,18,G19,-25361627.042021662,-7342768.990728221,2876970.8601059406,25083027.976,-5246.22277936581,9.988677563305961,1
97,19,G20,-21958006.731702074,11301439.164240664,9668800.034777163,21712444.51,-22594.06876410813,3.269151701207286,1
97,23,G24,-5395144.328779096,22483703.160782285,13182056.28755992,22532906.021,1779.4870295704147,3.892195946114685,1
97,27,G28,-7879838.095371922,20761300.503438648,14550201.335388409,22008235.948,14053.388212612545,3.4972269600912305,1
98,6,G07,3447319.8899184074,16671135.134233087,20837789.03807741,24151707.677,-40826.8731925467,5.593394407090215,1
98,10,G11,-16756646.824452998,1372573.8514920806,20550911.695265934,22372926.421,62994.061427831504,3.84033893667586,1
98,18,G19,-25368399.771530885,-7354421.900188107,2782557.9558454882,25110128.482,-5246.348487689433,10.07365893795134,1
98,19,G20,-21935930.604869924,11270356.326135334,9754151.36010774,21718932.201,-22594.05246112144,3.2649025762123527,1
98,23,G24,-5409980.464812814,22436278.03647031,13258526.677592658,22538386.26,1779.524406031757,3.884271445772649,1
98,27,G28,-7924967.052822139,20792627.844465576,14478669.109370574,22018192.191,14053.379643514194,3.496103007308479,1
99,6,G07,3372226.848250706,16654970.839585083,20863069.64441649,24149716.602,-40827.11388976806,5.565994320827883,1
99,10,G11,-16781601.97589577,1297383.5699464425,20536043.18895666,22395942.219,62994.06985631834,3.8498284034716543,1
99,18,G19,-25374858.78495736,-7365940.22073848,2688091.7563608736,25137262.671,-5246.4745975783135,10.160230396607215,1
99,19,G20,-21913674.137281362,11239013.68406051,9839315.051355422,21725531.527,-22594.035951189577,3.2607413775260543,1
99,23,G24,-5424947.6228281725,22388598.647153098,13334744.781063626,22543922.774,1779.5622458918815,3.8764306260874735,1
99,27,G28,-7969845.149756846,20823852.940396328,14406859.23225205,22028262.415,14053.371202830569,3.4950707315619454,1
100,6,G07,3297017.359636078,16638908.428803492,20887966.07712369,24147735.805,-40827.35516779231,5.538871530197283,1
100,10,G11,-16806644.693992455,1222284.0157014118,20520781.15075565,22418992.003,62994.077876058494,3.8593904704410775,1
100,18,G19,-25381003.382966492,-7377325.15510164,2593574.0692801527,25164430.708,-5246.603102695469,10.248434258700309,1
100,19,G20,-21891238.777094316,11207410.899542501,9924289.464683963,21732242.806,-22594.019866846338,3.2566674672058156,1
100,23,G24,-5440046.710799958,22340666.294267878,13410709.175888648,22549516.352,1779.5997965694391,3.8686722232346407,1
100,27,G28,-8014472.171336842,20854974.19130993,14334773.044297244,22038447.106,14053.362211828427,3.494129832814357,1
101,6,G07,3221692.897175081,16622948.62928192,20912477.8802685,24145766.013,-40827.59637177953,5.512022603346373,1
101,10,G11,-16831774.235839672,1147276.6509537373,20505125.894148074,22442074.486,62994.08593969942,3.8690251651644463,1
101,18,G19,-25386832.87607898,-7388577.911080955,2499006.702242571,25191632.718,-5246.73284581011,10.338315682009112,1
101,19,G20,-21868625.97631426,11175547.643876214,10009072.960846104,21739065.922,-22594.00382422151,3.2526804919626806,1
101,23,G24,-5455278.629233057,22292482.286352493,13486418.445396168,22555166.113,1779.637513374094,3.8609958810948344,1
101,27,G28,-8058847.912938776,20885989.997575946,14262411.891718805,22048746.889,14053.353080348248,3.4932805540055925,1
102,6,G07,3146254.9377422156,16607092.160143267,20936604.605025608,24143806.638,-40827.83789434585,5.485442918128149,1
102,10,G11,-16856989.850950398,1072362.9331637805,20489077.740123153,22465189.727,62994.09377024906,3.8787332138057358,1
102,18,G19,-25392346.584561735,-7399699.701212676,2404391.465117396,25218868.118,-5246.864603948972,10.429924775346223,1
102,19,G20,-21845837.19107072,11143423.5986673,10093663.903861508,21746001.258,-22593.98805522332,3.2487801468566615,1
102,23,G24,-5470644.270986151,22244047.93937558,13561871.177747754,22560872.218,1779.675121463265,3.853400346056379,1
102,27,G28,-8102972.180149492,20916898.759932168,14189777.126660017,22059160.707,14053.343558925255,3.4925225669761235,1
103,6,G07,3070704.9634271045,16591339.732528793,20960345.80919118,24141858.196,-40828.07946961217,5.459129675087319,1
103,10,G11,-16882290.781286746,997544.3149856991,20472637.01716644,22488336.897,62994.10155454015,3.8885147101691615,1
103,18,G19,-25397543.83855366,-7410691.74290569,2309730.1684672674,25246136.814,-5246.997914522108,10.523307613132465,1
103,19,G20,-21822873.881472707,11111038.45571352,10178060.66138786,21753048.523,-22593.972401924424,3.2449659373156243,1
103,23,G24,-5486144.521166595,22195364.576880556,13637065.965668857,22566634.46,1779.7128068236934,3.8458853225001155,1
103,27,G28,-8146844.789474678,20947698.880043678,14116870.106016126,22069689.402,14053.33381510797,3.491856187592477,1
104,6,G07,2995044.459980668,16575692.049255189,20983701.057665408,24139921.577,-40828.321205058724,5.433079071515088,1
104,10,G11,-16907676.261391956,922822.2439319941,20455804.061184227,22511517.045,62994.10921365646,3.898371045200729,1
104,18,G19,-25402423.97807764,-7421555.258317495,2215024.6238890765,25273439.306,-5247.133030261303,10.618519374700258,1
104,19,G20,-21799737.511629462,11078391.91716888,10262261.604418913,21760208.562,-22593.956927806023,3.2412374807586413,1
104,23,G24,-5501780.257522198,22146433.52857573,13712001.408563968,22572452.62,1779.7504947703685,3.8384494127513045,1
104,27,G28,-8190465.5671171555,20978388.759714283,14043692.193434082,22080332.695,14053.32378013941,3.4912809710164505,1
105,6,G07,2919274.91916727,16560149.805284273,21006669.92171233,24137996.455,-40828.562885349864,5.40728842753381,1
105,10,G11,-16933145.518019993,848198.1634895261,20438579.215764664,22534728.353,62994.11690419747,3.9083017775641453,1
105,18,G19,-25406986.353065997,-7432291.474313952,2120276.6439793683,25300774.359,-5247.2695619406595,10.71560747448101,1
105,19,G20,-21776429.549220525,11045483.695037207,10346265.108654235,21767480.487,-22593.941503030805,3.2375943037867834,1
105,23,G24,-5517552.349710155,22097256.132412307,13786676.109256195,22578326.8,1779.7883369646618,3.831092662661406,1
105,27,G28,-8233834.350195701,21008966.801817045,13970244.7572639,22091090.795,14053.313591504013,3.4907974803606763,1
106,6,G07,2843397.835402897,16544713.687011661,21029251.979983754,24136082.871,-40828.80517141263,5.38175310558339,1
106,10,G11,-16958697.770873703,773673.5110133167,20420962.83169743,22557972.315,62994.124143560126,3.918308510925699,1
106,18,G19,-25411230.323399536,-7442901.622380789,2025488.0422995908,25328143.46,-5247.408879972164,10.81463336363769,1
106,19,G20,-21752951.466068547,11012313.51211713,10430069.552191153,21774865.259,-22593.926524388364,3.2340361457583437,1
106,23,G24,-5533461.659945114,22047833.732391123,13861088.67728901,22584255.924,1779.8258655201603,3.8238132702004055,1
106,27,G28,-8276950.9858826725,21039431.409751795,13896529.17198628,22101964.061,14053.302821505582,3.490404983366242,1
107,3,G04,5388055.809545968,25809691.891193293,595082.8273405428,25670332.158,91994.22098487464,17.13734645402267,1
107,6,G07,2767414.7090113186,16529384.372919379,21051446.8175181,24134181.613,-40829.04734625423,5.35647109855483,1
107,10,G11,-16984332.231829826,699249.7200137659,20402955.267513003,22581247.713,62994.13145210672,3.9283907875310033,1
107,18,G19,-25415155.258942414,-7453386.938640531,1930660.632964583,25355545.624,-5247.549599602569,10.91564833002747,1
107,19,G20,-21729304.737438794,10978881.10108641,10513673.317895388,21782362.626,-22593.91156089188,3.230562511714648,1
107,23,G24,-5549509.042518937,21998167.679868754,13935237.72686494,22590241.697,1779.8635879590383,3.8166115115830834,1
107,27,G28,-8319815.332265119,21069780.988121547,13822546.816727055,22112952.63,14053.29193203609,3.490104210648133,1
108,0,G01,-17459406.94031598,-14989155.54095904,13473271.288200738,25975127.708,118886.82028700798,17.23195536797308,1
108,3,G04,5377842.90275783,25809436.640870962,690586.2868283943,25667054.398,91994.19434089406,16.885161981994028,1
108,6,G07,2691327.0437621437,16514162.533054952,21073254.02647265,24132293.196,-40829.28975128378,5.331438123986744,1
108,10,G11,-17010048.105783038,624928.2177656736,20384556.88891421,22604554.881,62994.138578377424,3.938549671254047,1
108,18,G19,-25418760.53952156,-7463748.663589514,1835796.2321152478,25382981.838,-5247.692464542555,11.018716617370526,1
108,19,G20,-21705490.84232979,10945186.20506986,10597074.792096986,21789973.301,-22593.896818308433,3.227173172650415,1
108,23,G24,-5565695.343818264,21948259.333313007,14009121.87717257,22596282.798,1779.9012618711618,3.809486030863158,1
108,27,G28,-8362427.257144484,21100013.941958364,13748299.077286365,22124056.275,14053.280700729907,3.4898947480877966,1
109,0,G01,-17409944.49820262,-14978449.256618718,13549976.890878608,25983451.563,118886.91223525499,17.153376174288802,1
109,3,G04,5367548.69451751,25808844.9587578,786076.233393222,25663805.513,91994.1617557681,16.640505276146083,1
109,6,G07,2615136.3480231497,16499048.829249738,21094673.205769617,24130416.801,-40829.53232419945,5.306651001170988,1
109,10,G11,-17035844.589968193,550710.4273090404,20365768.069264594,22627893.396,62994.14556607052,3.9487857138926103,1
109,18,G19,-25422045.55504344,-7473988.042309008,1740896.6556228895,25410450.863,-5247.837404996001,11.12390058303455,1
109,19,G20,-21681511.263322942,10911228.57751311,10680272.364956431,21797696.998,-22593.882259035316,3.2238677819308275,1
109,23,G24,-5582021.402409847,21898110.05785263,14082739.752999233,22602379.37,1779.93893132849,3.802436118481144,1
109,27,G28,-8404786.639234437,21130128.677637916,13673787.34405956,22135275.306,14053.269166755645,3.489776633889392,1
110,0,G01,-17360189.159985937,-14967748.32683239,13626426.089635614,25991857.443,118887.00390277019,17.07683977888992,1
110,3,G04,5357171.865754932,25807917.212073863,881550.7985874132,25660588.184,91994.12503720289,16.403060637958255,1
110,6,G07,2538844.1347082225,16484043.915089777,21115703.96111029,24128553.623,-40829.77456569144,5.28210776687219,1
110,10,G11,-17061720.874401305,476597.7662143687,20346589.189295083,22651262.454,62994.15278962081,3.959099175775959,1
110,18,G19,-25425009.70547073,-7484106.324276794,1645963.720184227,25437952.721,-5247.983407654157,11.23126088330726,1
110,19,G20,-21657367.48651668,10877007.982200824,10763264.430496499,21805533.28,-22593.867577138128,3.220645842908108,1
110,23,G24,-5598488.049002707,21847721.225216467,14156089.98474891,22608531.336,1779.9769552073205,3.7954616140556676,1
110,27,G28,-8446893.367478369,21160123.60246714,13599013.013187924,22146609.455,14053.25765920922,3.489750292997627,1
111,0,G01,-17310141.67496704,-14957054.199360095,13702617.452660246,26000349.642,118887.092591463,17.002318324716768,1
111,3,G04,5346711.1002463335,25806653.7789844,977008.1146503374,25657401.157,91994.08182359803,16.172494542101045,1
111,6,G07,2462451.920618424,16469148.435768783,21136345.905151665,24126703.476,-40830.01731300673,5.25780359469991,1
111,10,G11,-17087676.14191494,402591.6465483309,20327020.637087286,22674663.516,62994.15962075682,3.96949103931541,1
111,18,G19,-25427652.400828257,-7494104.763164392,1550999.2444189645,25465488.354,-5248.132304469928,11.340870213996942,1
111,19,G20,-21633061.001449674,10842524.193296205,10846049.386633947,21813483.785,-22593.85328336205,3.217507229323722,1
111,23,G24,-5615096.1062075775,21797094.21427836,14229171.207590498,22614738.991,1780.0147326916394,3.788561001998231,1
111,27,G28,-8488747.341213038,21189997.124878027,13523977.486241022,22158059.696,14053.245625075107,3.4898152078230456,1
112,0,G01,-17259802.802310843,-14946368.318402102,13778549.553736027,26008925.773,118887.17971429556,16.929762628743728,1
112,3,G04,5336165.084698352,25805055.048570864,1072446.3145469257,25654245.164,91994.03365997618,15.948529248847953,1
112,6,G07,2385961.2260808162,16454363.0280056,21156598.657584693,24124867.121,-40830.260143207124,5.233736448762975,1
112,10,G11,-17113709.56778068,328693.4759742241,20307062.808377124,22698094.966,62994.16637589743,3.979961421617681,1
112,18,G19,-25429973.061301403,-7503984.617087189,1456005.0461939776,25493056.681,-5248.28325398046,11.45279440819855,1
112,19,G20,-21608593.301146217,10807776.99546922,10928625.634883549,21821547.796,-22593.83911888978,3.2144514806009497,1
112,23,G24,-5631846.388763395,21746230.41019855,14301982.062646652,22621001.845,1780.0525672536173,3.781734157558938,1
112,27,G28,-8530348.470012046,21219747.654376365,13448682.170492012,22169625.558,14053.233342262287,3.4899718497432466,1
113,0,G01,-17209173.31162882,-14935692.124642655,13854220.971355516,26017586.932,118887.26473132252,16.859148551901935,1
113,3,G04,5325532.508964,25803121.42084268,1167863.530489704,25651118.618,91993.98025225232,15.730875880867842,1
113,6,G07,2309373.576719374,16439688.320370777,21176461.84465606,24123045.247,-40830.50322850436,5.209903712884387,1
113,10,G11,-17139820.32036232,254904.65595688717,20286716.10607911,22721558.008,62994.172922127116,3.9905115803466247,1
113,18,G19,-25431971.117193986,-7513747.14824084,1360982.9452296395,25520659.419,-5248.436693482684,11.567106877295915,1
113,19,G20,-21583965.881748546,10772766.183519948,11010991.581374478,21829725.617,-22593.825188556137,3.211478200200845,1
113,23,G24,-5648739.703230855,21695131.205172308,14374521.195855064,22627319.969,1780.0903353931758,3.7749801455566754,1
113,27,G28,-8571696.674176171,21249373.601968884,13373128.477996128,22181307.941,14053.22069582537,3.4902200376489567,1
114,0,G01,-17158252.280729037,-14925026.699883243,13929632.798129648,26026334.799,118887.34904327086,16.790425045297624,1
114,3,G04,5314811.706989302,25800853.22548843,1263261.0761902335,25648024.375,91993.92305801525,15.51927979966799,1
114,6,G07,2232687.943776133,16425124.44930076,21195935.742300175,24121237.169,-40830.74615573877,5.186300651327349,1
114,10,G11,-17166008.43506006,181224.12838067423,20265980.24282679,22745052.201,62994.17958207048,4.001141547395363,1
114,18,G19,-25433646.0594309,-7523393.942612515,1265931.5930882674,25548296.169,-5248.5917610355655,11.683890329912396,1
114,19,G20,-21559179.413896065,10737490.382524159,11093148.37094494,21838017.983,-22593.81123308185,3.2085871997375888,1
114,23,G24,-5665777.418559311,21643796.28249095,14446789.663565129,22633694.359,1780.128342328688,3.7682982620888232,1
114,27,G28,-8612793.24992275,21278874.361129854,13297315.29505063,22193106.587,14053.207965284135,3.4905601118604457,1
115,0,G01,-17107043.894229867,-14914374.188549375,14004778.595386574,26035167.628,118887.4318092728,16.723567256933475,1
115,3,G04,5304002.08958399,25798251.035503265,1358630.7247774042,25644961.248,91993.86147170363,15.313501629557708,1
115,6,G07,2155910.972141948,16410672.997242449,21215018.692572262,24119443.827,-40830.989174696304,5.162926572650368,1
115,10,G11,-17192271.319777653,107658.1966464441,20244857.018910654,22768575.772,62994.186152665505,4.011851566315664,1
115,18,G19,-25434997.22703981,-7532925.627647473,1170859.1466075997,25575965.074,-5248.749085173852,11.803213973658975,1
115,19,G20,-21534237.052751645,10701951.760020072,11175088.940162199,21846424.043,-22593.797415193912,3.2057782270679835,1
115,23,G24,-5682959.189253637,21592230.469860215,14518781.304571515,22640123.446,1780.1663944179627,3.7616882563446867,1
115,27,G28,-8653635.398355272,21308246.378696747,13221249.099019287,22205020.97,14053.194974329628,3.4909920643752015,1
116,0,G01,-17055547.259944543,-14903735.66461337,14079659.47465018,26044085.854,118887.51326161686,16.658552241807772,1
116,3,G04,5293102.000027426,25795315.213429533,1453973.7917201912,25641928.695,91993.79587740569,15.113291652579168,1
116,6,G07,2079041.6450218987,16396334.08018815,21233710.99797313,24117664.712,-40831.23222697814,5.139778045360765,1
116,10,G11,-17218608.993018948,34205.7883192169,20223346.174765382,22792129.657,62994.19268487069,4.02264320276607,1
116,18,G19,-25436024.142160438,-7542343.801280529,1075764.2594574522,25603666.932,-5248.9085830137665,11.925166527784146,1
116,19,G20,-21509139.48059716,10666148.97091127,11256814.448702117,21854943.531,-22593.78369205023,3.2030508804813524,1
116,23,G24,-5700286.363166415,21540433.471325018,14590497.195249744,22646606.757,1780.2045424924622,3.75514902309891,1
116,27,G28,-8694224.444744585,21337489.055140294,13144928.795680515,22217050.839,14053.181767789249,3.491515767334116,1
117,0,G01,-17003763.18796969,-14893112.553871235,14154274.035012197,26053089.757,118887.59169334458,16.59533123081398,1
117,3,G04,5282110.140925874,25792046.202698763,1549288.4115405057,25638926.695,91993.72486523195,14.918434446868226,1
117,6,G07,2002081.5022907993,16382108.292629858,21252012.31271883,24115900.4,-40831.47585010398,5.116851186239979,1
117,10,G11,-17245020.594532985,-39131.71665561427,20201448.142932847,22815713.301,62994.198756115315,4.033516131708133,1
117,18,G19,-25436726.275974862,-7551649.741948368,980648.7535177529,25631401.989,-5249.071583663106,12.04983336642787,1
117,19,G20,-21483888.206056546,10630081.85162681,11338323.319158034,21863577.734,-22593.77039997563,3.2004049790020908,1
117,23,G24,-5717759.714273644,21488406.705041148,14661936.003347756,22653145.079,1780.2423921734905,3.748679963798208,1
117,27,G28,-8734560.35093967,21366600.807227924,13068355.818355484,22229197.173,14053.16797742322,3.49213148464883,1
118,0,G01,-16951692.498713,-14882506.278279662,14228620.880401315,26062180.817,118887.66852299168,16.5338930281932,1
118,3,G04,5271025.218193605,25788444.457539763,1644572.7197189003,25635955.742,91993.6499019238,14.728712802357059,1
118,6,G07,1925032.0891595758,16367996.220835058,21269922.29756512,24114151.259,-40831.71961045502,5.094145081353621,1
118,10,G11,-17271505.257031467,-112352.94391002148,20179163.363318216,22839327.611,62994.204702375624,4.044472130588936,1
118,18,G19,-25437103.10994593,-7560844.731987208,885514.451215193,25659169.543,-5249.237161161081,12.177302684226865,1
118,19,G20,-21458484.74113827,10593750.249638781,11419613.976940302,21872325.643,-22593.757267024794,3.1978400054979494,1
118,23,G24,-5735380.008385723,21436151.59530272,14733096.402407572,22659738.14,1780.2802615202377,3.7422805051480035,1
118,27,G28,-8774643.08901731,21395580.053222172,12991531.605922094,22241459.552,14053.153897736258,3.4928391748140775,1
119,0,G01,-16899336.02285531,-14871918.255907906,14302698.619612787,26071359.422,118887.74467540013,16.47419012368537,1
119,3,G04,5259845.941139803,25784510.442945655,1739824.8527328377,25633015.846,91993.57191245168,14.543941992914586,1
119,6,G07,1847894.953974252,16353998.442424515,21287440.620333847,24112418.015,-40831.96323430437,5.071656110243465,1
119,10,G11,-17298062.106225487,-185456.5247123489,20156492.283179976,22862970.995,62994.21074248405,4.055510678788754,1
119,18,G19,-25437154.13584552,-7569930.057560695,790363.175488314,25686970.368,-5249.404734247267,12.307669864316557,1
119,19,G20,-21432930.600459058,10557154.022493005,11500684.852576774,21881188.038,-22593.74412153552,3.195355840703204,1
119,23,G24,-5753148.003102795,21383669.57248208,14803977.071781972,22666386.266,1780.3183507780686,3.735950277930941,1
119,27,G28,-8814472.641426288,21424425.21307393,12914457.602487834,22253838.401,14053.139714664852,3.493639330018978,1
