hop,program_id,version,physical_slot,input,output,next_slot,gate_evaluations,program_bit_reads,valid,page_sweep_checksum
0,0,1,0,7,1,1,3,412,1,0
1,1,1,1,1,1,2,2,404,1,0
2,2,1,2,1,1,0,10,489,1,0
3,0,1,0,1,0,1,3,412,1,0
4,1,1,1,0,0,2,2,404,1,0
5,2,1,2,0,0,0,10,489,1,0
6,0,1,0,0,0,1,3,412,1,0
7,1,1,1,0,0,2,2,404,1,0
8,2,1,2,0,0,0,10,489,1,0
9,0,1,0,0,0,1,3,412,1,0
10,1,1,1,0,0,2,2,404,1,0
11,2,1,2,0,0,0,10,489,1,0
12,0,1,0,0,0,1,3,412,1,0
13,1,1,1,0,0,2,2,404,1,0
14,2,1,2,0,0,0,10,489,1,0
15,0,1,0,0,0,1,3,412,1,0
16,1,1,1,0,0,2,2,404,1,0
17,2,1,2,0,0,0,10,489,1,0
18,0,1,0,0,0,1,3,412,1,0
19,1,1,1,0,0,2,2,404,1,0
20,2,1,2,0,0,0,10,489,1,0
21,0,1,0,0,0,1,3,412,1,0
22,1,1,1,0,0,2,2,404,1,0
23,2,1,2,0,0,0,10,489,1,0
