generation,branch,rho,phi,alive,cell,status,orientation
1,2,-0.569208682,0.878413141,1,18575,0,0
1,3,-0.566649616,0.744283497,1,18553,0,0
2,4,-0.528941751,0.982997596,1,20640,0,0
2,5,-0.526413679,0.848572552,1,20618,0,0
2,6,-0.523887098,0.849474907,1,20618,0,0
2,7,-0.521451712,0.715381324,1,20596,0,0
3,8,-0.490732878,1.08814228,1,21681,0,0
3,9,-0.528941751,0.982997596,0,4294967295,1,0
3,10,-0.526413679,0.848572552,0,4294967295,1,0
3,11,-0.526413679,0.848572552,0,4294967295,1,0
3,12,-0.523887098,0.849474907,0,4294967295,1,0
3,13,-0.480816156,0.820614219,1,22661,0,0
3,14,-0.478416711,0.821546435,1,22661,0,0
3,15,-0.476110041,0.687480271,1,22640,0,0
4,16,-0.454442561,1.19399452,1,23746,0,0
4,17,-0.452024817,1.059026,1,23724,0,0
4,26,-0.439802527,0.926996171,1,23703,0,0
4,27,-0.480816156,0.820614219,0,4294967295,1,0
4,28,-0.478416711,0.821546435,0,4294967295,1,0
4,29,-0.435144037,0.793619573,1,24705,0,0
4,30,-0.432859212,0.79457891,1,24705,0,0
4,31,-0.430699736,0.660520792,1,24683,0,0
5,32,-0.454442561,1.19399452,0,4294967295,1,0
5,33,-0.41760996,1.16547251,1,24765,0,0
5,34,-0.452024817,1.059026,0,4294967295,1,0
5,35,-0.412866861,1.03063273,1,25767,0,0
5,52,-0.400716603,1.03379607,1,25768,0,0
5,53,-0.398458928,0.899191141,1,25746,0,0
5,58,-0.393843561,0.900875568,1,25746,0,0
5,59,-0.391665429,0.766563952,1,25724,0,0
5,60,-0.391584128,0.901868582,1,25746,0,0
5,61,-0.432859212,0.79457891,0,4294967295,1,0
5,62,-0.387275577,0.768514633,1,26749,0,0
5,63,-0.385232776,0.63447237,1,26727,0,0
6,66,-0.382536441,1.27271581,1,26831,0,0
6,67,-0.38029322,1.13756788,1,26809,0,0
6,70,-0.375549227,1.137797,1,26809,0,0
6,71,-0.373318315,1.0029515,1,26787,0,0
6,104,-0.363442779,1.14116096,1,27833,0,0
6,105,-0.361238331,1.00630724,1,27812,0,0
6,106,-0.358989269,1.00672853,1,27812,0,0
6,107,-0.356830359,0.872167826,1,27790,0,0
6,116,-0.393843561,0.900875568,0,4294967295,1,0
6,117,-0.352273941,0.873914123,1,27790,0,0
6,118,-0.35011667,0.874623716,1,27790,0,0
6,119,-0.348048747,0.740336537,1,27768,0,0
6,120,-0.352181375,1.00951028,1,27812,0,0
6,121,-0.391584128,0.901868582,0,4294967295,1,0
6,124,-0.345768511,0.876636505,1,27790,0,0
6,125,-0.343708485,0.742342949,1,28792,0,0
6,126,-0.341693193,0.743315279,1,28793,0,0
6,127,-0.339757323,0.609282911,1,28771,0,0
7,132,-0.349072665,1.38085711,1,27873,0,0
7,133,-0.346933812,1.2454828,1,27850,0,0
7,134,-0.344670117,1.24535894,1,27850,0,0
7,135,-0.38029322,1.13756788,0,4294967295,1,0
7,140,-0.339933395,1.24566579,1,28875,0,0
7,141,-0.337779731,1.11058342,1,28852,0,0
7,142,-0.335549414,1.11076391,1,28853,0,0
7,143,-0.333410114,0.97597152,1,28831,0,0
7,208,-0.327860445,1.24922705,1,28875,0,0
7,209,-0.325733006,1.11413825,1,28853,0,0
7,210,-0.361238331,1.00630724,0,4294967295,1,0
7,211,-0.32141459,0.979507089,1,28831,0,0
7,212,-0.321296543,1.11476564,1,28853,0,0
7,213,-0.358989269,1.00672853,0,4294967295,1,0
7,214,-0.317032725,0.980423748,1,29855,0,0
7,215,-0.314973444,0.845899045,1,29833,0,0
7,234,-0.312510312,0.982236862,1,29856,0,0
7,235,-0.310459644,0.847706795,1,29834,0,0
7,236,-0.31036967,0.982977808,1,29856,0,0
7,237,-0.35011667,0.874623716,0,4294967295,1,0
7,238,-0.306279063,0.849175036,1,29834,0,0
7,239,-0.304335892,0.714900434,1,29812,0,0
7,240,-0.314517885,1.11765361,1,29878,0,0
7,241,-0.312429756,0.982842326,1,29856,0,0
7,248,-0.306074321,0.985050738,1,29856,0,0
7,249,-0.304035217,0.850510359,1,29834,0,0
7,250,-0.301999092,0.851233125,1,29834,0,0
7,251,-0.300044149,0.716958284,1,29812,0,0
7,252,-0.341693193,0.743315279,0,4294967295,1,0
7,253,-0.298048437,0.717955828,1,29813,0,0
7,254,-0.296138704,0.718934774,1,30837,0,0
7,255,-0.294311583,0.584904134,1,30815,0,0
8,264,-0.317097485,1.49001479,1,29938,0,0
8,265,-0.315080404,1.35442901,1,29916,0,0
8,266,-0.312918395,1.35407412,1,29916,0,0
8,267,-0.310845703,1.21876884,1,29894,0,0
8,268,-0.310646802,1.35398459,1,29916,0,0
8,269,-0.308578789,1.21868002,1,29894,0,0
8,280,-0.305909157,1.3543663,1,29916,0,0
8,281,-0.303835422,1.21905982,1,29894,0,0
8,282,-0.337779731,1.11058342,0,4294967295,1,0
8,283,-0.29960379,1.08397758,1,29872,0,0
8,284,-0.299461037,1.21921647,1,29894,0,0
8,285,-0.297390699,1.08419132,1,29872,0,0
8,286,-0.29525283,1.08442199,1,30896,0,0
8,287,-0.293203115,0.949674726,1,30874,0,0
8,416,-0.293828577,1.35811627,1,30941,0,0
8,417,-0.291796148,1.22280979,1,30919,0,0
8,418,-0.28966561,1.22274339,1,30919,0,0
8,419,-0.287615597,1.08771384,1,30897,0,0
8,422,-0.283299834,1.08813822,1,30897,0,0
8,423,-0.281288981,0.953380823,1,30875,0,0
8,424,-0.285253674,1.22344065,1,30919,0,0
8,425,-0.283212751,1.08840692,1,30897,0,0
8,428,-0.278951436,1.08911955,1,30897,0,0
8,429,-0.276937604,0.954358697,1,30875,0,0
8,430,-0.274891287,0.954853296,1,30875,0,0
8,431,-0.314973444,0.845899045,0,4294967295,1,0
8,468,-0.274458498,1.09099913,1,30897,0,0
8,469,-0.272449613,0.956234336,1,31899,0,0
8,470,-0.2704117,0.956723392,1,31899,0,0
8,471,-0.268456995,0.822223842,1,31878,0,0
8,472,-0.272326708,1.09177184,1,31921,0,0
8,473,-0.270321965,0.957005322,1,31899,0,0
8,476,-0.26625669,0.958250403,1,31900,0,0
8,477,-0.264316797,0.823744595,1,31878,0,0
8,478,-0.26240024,0.824482203,1,31878,0,0
8,479,-0.260540217,0.69023025,1,31856,0,0
8,480,-0.278499693,1.22643352,1,30919,0,0
8,481,-0.314517885,1.11765361,0,4294967295,1,0
8,482,-0.274385661,1.09160542,1,30897,0,0
8,483,-0.272376776,0.956839561,1,31899,0,0
8,496,-0.268060207,1.09390783,1,31922,0,0
8,497,-0.26606366,0.959136724,1,31900,0,0
8,498,-0.264044464,0.959614277,1,31900,0,0
8,499,-0.304035217,0.850510359,0,4294967295,1,0
8,500,-0.262032181,0.960363209,1,31900,0,0
8,501,-0.260091901,0.82585156,1,31878,0,0
8,502,-0.258152753,0.826592207,1,31878,0,0
8,503,-0.256299287,0.692333639,1,31856,0,0
8,506,-0.256180197,0.827613115,1,31878,0,0
8,507,-0.254329622,0.693351209,1,31856,0,0
8,508,-0.254285991,0.828616619,1,31879,0,0
8,509,-0.252452075,0.694346011,1,31857,0,0
8,510,-0.250643015,0.695326984,1,31857,0,0
8,511,-0.248925507,0.56129092,1,32859,0,0
9,528,-0.286463886,1.60029149,1,30980,0,0
9,529,-0.284584075,1.46451306,1,30958,0,0
9,530,-0.2825495,1.46394372,1,30958,0,0
9,531,-0.280586123,1.32842886,1,30936,0,0
9,532,-0.280376732,1.46361983,1,30958,0,0
9,533,-0.278413922,1.32810497,1,30936,0,0
9,534,-0.276319712,1.3278178,1,30936,0,0
9,535,-0.274313748,1.19257605,1,30914,0,0
9,536,-0.278093874,1.46356249,1,30958,0,0
9,537,-0.276135534,1.32804894,1,30936,0,0
9,538,-0.308578789,1.21868002,0,4294967295,1,0
9,539,-0.272044659,1.1925211,1,31938,0,0
9,560,-0.273332804,1.46401143,1,31982,0,0
9,561,-0.271387398,1.32850099,1,31960,0,0
9,562,-0.269303828,1.32821417,1,31960,0,0
9,563,-0.267312139,1.19297206,1,31938,0,0
9,566,-0.263068706,1.1929425,1,31938,0,0
9,567,-0.261079311,1.05797088,1,31916,0,0
9,568,-0.264920115,1.32843554,1,31960,0,0
9,569,-0.262933493,1.19319355,1,31938,0,0
9,570,-0.260861158,1.19318914,1,31938,0,0
9,571,-0.258868545,1.05821717,1,31916,0,0
9,572,-0.258724868,1.19345164,1,31938,0,0
9,573,-0.256736517,1.05847919,1,31916,0,0
9,574,-0.293203115,0.949674726,0,4294967295,1,0
9,575,-0.252726942,0.92404598,1,31894,0,0
9,832,-0.261242896,1.46794808,1,31983,0,0
9,833,-0.293828577,1.35811627,0,4294967295,1,0
9,834,-0.257276922,1.33214855,1,31961,0,0
9,835,-0.291796148,1.22280979,0,4294967295,1,0
9,836,-0.255140066,1.33211291,1,31961,0,0
9,837,-0.253177226,1.19686747,1,31939,0,0
9,838,-0.287615597,1.08771384,0,4294967295,1,0
9,839,-0.249151826,1.06187916,1,32941,0,0
9,844,-0.246805072,1.1973455,1,32963,0,0
9,845,-0.283299834,1.08813822,0,4294967295,1,0
9,846,-0.242831275,1.06262851,1,32941,0,0
9,847,-0.240898818,0.927911341,1,32919,0,0
9,848,-0.250722259,1.33287513,1,31961,0,0
9,849,-0.248760834,1.19762921,1,32963,0,0
9,850,-0.283212751,1.08840692,0,4294967295,1,0
9,851,-0.244753197,1.06263638,1,32941,0,0
9,856,-0.242459565,1.19839048,1,32963,0,0
9,857,-0.240503296,1.0634104,1,32941,0,0
9,858,-0.276937604,0.954358697,0,4294967295,1,0
9,859,-0.236577943,0.92894733,1,32919,0,0
9,860,-0.236465245,1.06419182,1,32941,0,0
9,861,-0.274891287,0.954853296,0,4294967295,1,0
9,936,-0.238006443,1.20033777,1,32963,0,0
9,937,-0.236058846,1.06535149,1,32941,0,0
9,938,-0.234051749,1.06560588,1,32941,0,0
9,939,-0.232128128,0.930880666,1,32919,0,0
9,940,-0.232015684,1.0661242,1,32941,0,0
9,941,-0.230095953,0.931398451,1,32919,0,0
9,942,-0.228161141,0.931913614,1,32919,0,0
9,943,-0.226299241,0.797440052,1,33921,0,0
9,944,-0.235872447,1.201141,1,32963,0,0
9,945,-0.272326708,1.09177184,0,4294967295,1,0
9,946,-0.231940731,1.06640613,1,32941,0,0
9,947,-0.270321965,0.957005322,0,4294967295,1,0
9,952,-0.227886319,1.06770885,1,32942,0,0
9,953,-0.225974113,0.932979167,1,33944,0,0
9,954,-0.224053875,0.933488071,1,33944,0,0
9,955,-0.264316797,0.823744595,0,4294967295,1,0
9,956,-0.222149685,0.93425113,1,33944,0,0
9,957,-0.220297933,0.799770534,1,33922,0,0
9,958,-0.218460038,0.80052954,1,33922,0,0
9,959,-0.216700837,0.666287541,1,33900,0,0
9,960,-0.243992001,1.33597302,1,32985,0,0
9,961,-0.24205187,1.20072353,1,32963,0,0
9,964,-0.237933517,1.20094502,1,32963,0,0
9,965,-0.235986039,1.06595886,1,32941,0,0
9,966,-0.233978972,1.06621206,1,32941,0,0
9,967,-0.232069969,0.931483805,1,32919,0,0
9,992,-0.231638074,1.20334089,1,32964,0,0
9,993,-0.22970286,1.06834948,1,32942,0,0
9,994,-0.227708012,1.06859708,1,32942,0,0
9,995,-0.225795895,0.933865428,1,33944,0,0
9,996,-0.225697771,1.06910312,0,33966,3,0
9,997,-0.223789394,0.934369922,1,33944,0,0
9,1000,-0.223705232,1.06987989,0,33966,3,0
9,1001,-0.221800372,0.93514353,1,33944,0,0
9,1002,-0.219865382,0.935649216,1,33944,0,0
9,1003,-0.260091901,0.82585156,0,4294967295,1,0
9,1004,-0.217949376,0.936413109,1,33944,0,0
9,1005,-0.21610412,0.8019256,1,33922,0,0
9,1006,-0.214265943,0.802679658,1,33922,0,0
9,1007,-0.212509349,0.668432474,1,33900,0,0
9,1012,-0.215989277,0.937459826,1,33944,0,0
9,1013,-0.256180197,0.827613115,0,4294967295,1,0
9,1014,-0.212318838,0.803718746,1,33922,0,0
9,1015,-0.210571378,0.669465065,1,33901,0,0
9,1016,-0.214114398,0.938486636,1,33944,0,0
9,1017,-0.254285991,0.828616619,0,4294967295,1,0
9,1018,-0.21047017,0.804731727,1,33923,0,0
9,1019,-0.208718374,0.670477152,1,33901,0,0
9,1020,-0.250643015,0.695326984,0,4294967295,1,0
9,1021,-0.206939727,0.671471655,1,33901,0,0
9,1022,-0.205236018,0.672446012,1,33901,0,0
9,1023,-0.203604221,0.53841269,1,33879,0,0
10,1056,-0.257027239,1.71178067,1,32022,0,0
10,1057,-0.286463886,1.60029149,0,4294967295,1,0
10,1058,-0.253400296,1.5750618,1,32000,0,0
10,1059,-0.251562625,1.43935442,1,31978,0,0
10,1060,-0.251339018,1.5745132,1,32000,0,0
10,1061,-0.2825495,1.46394372,0,4294967295,1,0
10,1062,-0.247528806,1.4383105,1,33002,0,0
10,1063,-0.245605707,1.30285954,1,32980,0,0
10,1064,-0.249152556,1.57421792,1,33024,0,0
10,1065,-0.247318491,1.43851423,1,33002,0,0
10,1066,-0.24532941,1.43801117,1,33002,0,0
10,1067,-0.243424296,1.30256629,1,32980,0,0
10,1068,-0.243225932,1.43775284,1,33002,0,0
10,1069,-0.241324827,1.30230904,1,32980,0,0
10,1070,-0.239306644,1.30208468,1,32980,0,0
10,1071,-0.237367377,1.16690254,1,32958,0,0
10,1072,-0.246855348,1.57419074,1,33024,0,0
10,1073,-0.245025471,1.43848848,1,33002,0,0
10,1074,-0.276135534,1.32804894,0,4294967295,1,0
10,1075,-0.241140187,1.30254281,1,32980,0,0
10,1078,-0.237031877,1.30206215,1,32980,0,0
10,1079,-0.235097036,1.16688037,1,32958,0,0
10,1120,-0.242064461,1.57470226,1,33024,0,0
10,1121,-0.240246758,1.43900442,1,33002,0,0
10,1122,-0.238289312,1.43850994,1,33002,0,0
10,1123,-0.236398175,1.30306578,1,32980,0,0
10,1124,-0.269303828,1.32821417,0,4294967295,1,0
10,1125,-0.234291404,1.30280519,1,32980,0,0
10,1126,-0.232294753,1.30258155,1,32980,0,0
10,1127,-0.230369151,1.16739953,1,32958,0,0
10,1132,-0.228040785,1.30261183,1,32980,0,0
10,1133,-0.226123378,1.16743076,0,33982,3,0
10,1134,-0.224132866,1.16747773,0,33982,3,0
10,1135,-0.222212836,1.03255594,1,33960,0,0
10,1136,-0.231793612,1.43853331,1,33002,0,0
10,1137,-0.229914695,1.30309188,1,32980,0,0
10,1138,-0.227905259,1.30286479,1,32980,0,0
10,1139,-0.22598806,1.16768372,0,33982,3,0
10,1140,-0.260861158,1.19318914,0,4294967295,1,0
10,1141,-0.223914593,1.16770875,0,33982,3,0
10,1142,-0.221920878,1.16775537,0,33982,3,0
10,1143,-0.220005095,1.03283358,1,33960,0,0
10,1144,-0.258724868,1.19345164,0,4294967295,1,0
10,1145,-0.221780837,1.16800177,0,33982,3,0
10,1146,-0.21979852,1.16804802,0,33982,3,0
10,1147,-0.217893869,1.03312409,1,33960,0,0
10,1150,-0.213889658,1.03373754,1,33960,0,0
10,1151,-0.252726942,0.92404598,0,4294967295,1,0
10,1664,-0.22995916,1.57882404,1,33025,0,0
10,1665,-0.228159755,1.44312418,1,33003,0,0
10,1668,-0.224162489,1.44236422,0,34027,3,0
10,1669,-0.222299352,1.30691993,0,34004,3,0
10,1672,-0.22201623,1.44235754,0,34027,3,0
10,1673,-0.220157102,1.30691409,0,34004,3,0
10,1674,-0.218182176,1.30668509,0,34004,3,0
10,1675,-0.253177226,1.19686747,0,4294967295,1,0
10,1678,-0.221427947,1.16095996,0,33981,3,0
10,1679,-0.210358933,1.03662622,1,33960,0,0
10,1688,-0.220508486,1.29659498,0,34003,3,0
10,1689,-0.219087437,1.16146123,0,33981,3,0
10,1692,-0.224321961,1.15119195,0,33979,3,0
10,1693,-0.204053625,1.03746307,1,33961,0,0
10,1694,-0.202137768,1.03776181,1,34985,0,0
10,1695,-0.200282082,0.903080225,1,34963,0,0
10,1696,-0.225841716,1.43242347,0,34025,3,0
10,1697,-0.224446997,1.29709625,0,34003,3,0
10,1698,-0.248760834,1.19762921,0,4294967295,1,0
10,1699,-0.221044004,1.16172433,0,33981,3,0
10,1702,-0.244753197,1.06263638,0,4294967295,1,0
10,1703,-0.205973089,1.03744411,1,33961,0,0
10,1712,-0.224897891,1.28704977,0,34001,3,0
10,1713,-0.223950177,1.15196633,0,33979,3,0
10,1714,-0.240503296,1.0634104,0,4294967295,1,0
10,1715,-0.201742738,1.03827584,1,34985,0,0
10,1718,-0.197829336,1.03885698,1,34985,0,0
10,1719,-0.195981473,0.904173136,1,34963,0,0
10,1720,-0.217954412,1.15279996,0,33979,3,0
10,1721,-0.197716787,1.03911257,1,34985,0,0
10,1872,-0.220443085,1.28902853,0,34002,3,0
10,1873,-0.238006443,1.20033777,0,4294967295,1,0
10,1874,-0.217551529,1.15396261,0,33980,3,0
10,1875,-0.19733192,1.04027629,1,34985,0,0
10,1876,-0.224793121,1.14364958,0,33978,3,0
10,1877,-0.195341572,1.04055679,1,34985,0,0
10,1878,-0.193420261,1.04084837,1,34985,0,0
10,1879,-0.191579789,0.906158328,1,34963,0,0
10,1880,-0.222756818,1.14417505,0,33978,3,0
10,1881,-0.193307951,1.04110312,1,34985,0,0
10,1882,-0.191397637,1.04139328,1,34985,0,0
10,1883,-0.189560696,0.906701744,1,34963,0,0
10,1884,-0.189465135,1.04193497,1,34985,0,0
10,1885,-0.187631756,0.907242835,1,34963,0,0
10,1886,-0.185789227,0.907781243,1,34963,0,0
10,1887,-0.184016839,0.773329377,1,34942,0,0
10,1888,-0.218320787,1.2898488,0,34002,3,0
10,1889,-0.217379481,1.15476358,0,33980,3,0
10,1892,-0.222685426,1.14445734,0,33978,3,0
10,1893,-0.193240181,1.04138529,1,34985,0,0
10,1904,-0.218630537,1.14577425,0,33978,3,0
10,1905,-0.189204708,1.04274237,1,34985,0,0
10,1906,-0.18730177,1.04302859,1,34985,0,0
10,1907,-0.185471922,0.908332884,1,34964,0,0
10,1908,-0.224053875,0.933488071,0,4294967295,1,0
10,1909,-0.183557406,0.908867419,1,34964,0,0
10,1912,-0.1834957,1.04435158,1,34986,0,0
10,1913,-0.181672499,0.909652889,1,34964,0,0
10,1914,-0.179833025,0.910185814,1,34964,0,0
10,1915,-0.178083077,0.775722504,1,35966,0,0
10,1916,-0.178014025,0.910966456,1,35988,0,0
10,1917,-0.176257044,0.776503861,1,35966,0,0
10,1918,-0.174509376,0.777273178,1,35966,0,0
10,1919,-0.172840104,0.643040419,1,35944,0,0
10,1920,-0.219110444,1.43559587,0,34025,3,0
10,1921,-0.226450101,1.28963435,0,34002,3,0
10,1922,-0.22450763,1.28938854,0,34002,3,0
10,1923,-0.223560512,1.1543026,0,33980,3,0
10,1928,-0.220384315,1.28963852,0,34002,3,0
10,1929,-0.219441086,1.15455306,0,33980,3,0
10,1930,-0.235986039,1.06595886,0,4294967295,1,0
10,1931,-0.197273523,1.04088306,1,34985,0,0
10,1932,-0.224720329,1.144256,0,33978,3,0
10,1933,-0.195268869,1.04116392,1,34985,0,0
10,1934,-0.193369284,1.04145145,1,34985,0,0
10,1935,-0.232069969,0.931483805,0,4294967295,1,0
10,1984,-0.222853541,1.28144038,0,34000,3,0
10,1985,-0.222382739,1.14640296,0,33978,3,0
10,1986,-0.220447287,1.14640856,0,33978,3,0
10,1987,-0.191026121,1.04335737,1,34986,0,0
10,1988,-0.2184522,1.14666307,0,33978,3,0
10,1989,-0.189033628,1.04363239,1,34986,0,0
10,1990,-0.187137678,1.04391611,1,34986,0,0
10,1991,-0.18530786,0.909218431,1,34964,0,0
10,1994,-0.185133517,1.0444479,1,34986,0,0
10,1995,-0.223789394,0.934369922,0,4294967295,1,0
10,2002,-0.183153704,1.04524815,1,34986,0,0
10,2003,-0.181344479,0.910545647,1,34964,0,0
10,2004,-0.181234673,1.04577935,1,34986,0,0
10,2005,-0.179415211,0.911077142,1,35988,0,0
10,2008,-0.179327771,1.04656863,1,36010,0,0
10,2009,-0.217949376,0.936413109,0,4294967295,1,0
10,2010,-0.17568548,0.912388861,1,35988,0,0
10,2011,-0.21610412,0.8019256,0,4294967295,1,0
10,2012,-0.214265943,0.802679658,0,4294967295,1,0
10,2013,-0.172105476,0.778698206,1,35966,0,0
10,2014,-0.170370072,0.779458761,1,35967,0,0
10,2015,-0.168711826,0.645215213,1,35945,0,0
10,2024,-0.177390903,1.04763961,1,36010,0,0
10,2025,-0.175577819,0.912932634,1,35988,0,0
10,2028,-0.17193158,0.914227307,1,35988,0,0
10,2029,-0.170186922,0.779754639,1,35967,0,0
10,2030,-0.168460459,0.780508757,1,35967,0,0
10,2031,-0.166804239,0.646261394,1,35945,0,0
10,2032,-0.175531983,1.04869044,1,36010,0,0
10,2033,-0.173721954,0.91398108,1,35988,0,0
10,2036,-0.170108438,0.915260255,1,35989,0,0
10,2037,-0.168359712,0.780786455,1,35967,0,0
10,2038,-0.166622415,0.781542063,1,35967,0,0
10,2039,-0.164974898,0.647289455,1,35945,0,0
10,2042,-0.164867908,0.782553494,1,35967,0,0
10,2043,-0.163210347,0.648303568,1,35945,0,0
10,2044,-0.163175225,0.783548057,1,35967,0,0
10,2045,-0.161520258,0.649296403,1,35945,0,0
10,2046,-0.203604221,0.53841269,0,4294967295,1,0
10,2047,-0.158389315,0.516213655,1,35924,0,0
11,2112,-0.228659123,1.82458293,1,33065,0,0
11,2113,-0.227078959,1.68846107,1,33043,0,0
11,2116,-0.253400296,1.5750618,0,4294967295,1,0
11,2117,-0.221705317,1.55088234,0,34044,3,0
11,2118,-0.219843432,1.55018342,0,34044,3,0
11,2119,-0.226378679,1.40381289,0,34020,3,0
11,2120,-0.221322864,1.68623757,0,34066,3,0
11,2121,-0.219618529,1.55035484,0,34044,3,0
11,2124,-0.223677635,1.53827929,0,34042,3,0
11,2125,-0.222329453,1.40280914,0,34020,3,0
11,2126,-0.220400736,1.40236807,0,34020,3,0
11,2127,-0.219003811,1.26708472,0,33998,3,0
11,2128,-0.219107404,1.68596113,0,34066,3,0
11,2129,-0.225311726,1.53918207,0,34042,3,0
11,2130,-0.247318491,1.43851423,0,4294967295,1,0
11,2131,-0.222118527,1.40301502,0,34020,3,0
11,2132,-0.221468836,1.53800142,0,34042,3,0
11,2133,-0.220123619,1.40253234,0,34020,3,0
11,2134,-0.218212932,1.40209699,0,34020,3,0
11,2135,-0.243424296,1.30256629,0,4294967295,1,0
11,2136,-0.219356373,1.53776348,0,34042,3,0
11,2137,-0.226384744,1.39157581,0,34018,3,0
11,2138,-0.224480003,1.39113522,0,34018,3,0
11,2139,-0.223547861,1.25595355,0,33996,3,0
11,2140,-0.239306644,1.30208468,0,4294967295,1,0
11,2141,-0.221527725,1.25574327,0,33996,3,0
11,2142,-0.237367377,1.16690254,0,4294967295,1,0
11,2143,-0.218641356,1.12051094,0,33974,3,0
11,2144,-0.224275574,1.67482531,0,34064,3,0
11,2145,-0.223004669,1.53917742,0,34042,3,0
11,2146,-0.221163586,1.53848159,0,34042,3,0
11,2147,-0.219818801,1.40301263,0,34020,3,0
11,2150,-0.224295005,1.39137018,0,34018,3,0
11,2151,-0.223363042,1.25618863,0,33996,3,0
11,2156,-0.220178887,1.39091742,0,34018,3,0
11,2157,-0.219250754,1.25573659,0,33996,3,0
11,2158,-0.22618638,1.24494863,0,33994,3,0
11,2159,-0.235097036,1.16688037,0,4294967295,1,0
11,2240,-0.219470605,1.6753875,0,34065,3,0
11,2241,-0.226136729,1.52885568,0,34041,3,0
11,2242,-0.240246758,1.43900442,0,4294967295,1,0
11,2243,-0.240246758,1.43900442,0,4294967295,1,0
11,2244,-0.238289312,1.43850994,0,4294967295,1,0
11,2245,-0.221438721,1.39236653,0,34018,3,0
11,2246,-0.219543979,1.39192533,0,34018,3,0
11,2247,-0.218616426,1.25674474,0,33996,3,0
11,2250,-0.234291404,1.30280519,0,4294967295,1,0
11,2251,-0.225380376,1.24588597,0,33995,3,0
11,2252,-0.223847091,1.38075268,0,34017,3,0
11,2253,-0.223382801,1.24566936,0,33995,3,0
11,2254,-0.221456304,1.24548423,0,33994,3,0
11,2255,-0.220984727,1.11046422,0,33972,3,0
11,2264,-0.228040785,1.30261183,0,4294967295,1,0
11,2265,-0.219126865,1.24571443,0,33995,3,0
11,2270,-0.222212836,1.10005105,0,33971,3,0
11,2271,-0.183057696,1.00772023,1,34980,0,0
11,2272,-0.223792881,1.51686096,0,34039,3,0
11,2273,-0.223345488,1.38171601,0,34017,3,0
11,2274,-0.229914695,1.30309188,0,4294967295,1,0
11,2275,-0.229914695,1.30309188,0,4294967295,1,0
11,2276,-0.219453543,1.38105083,0,34017,3,0
11,2277,-0.227905259,1.30286479,0,4294967295,1,0
11,2286,-0.220005095,1.10032868,0,33971,3,0
11,2287,-0.180860475,1.00802708,1,34980,0,0
11,2294,-0.217893869,1.1006192,0,33971,3,0
11,2295,-0.217893869,1.03312409,0,4294967295,1,0
11,2300,-0.213889658,1.10123265,0,33971,3,0
11,2301,-0.174768656,1.00901222,1,36004,0,0
11,3328,-0.22239615,1.65738201,0,34062,3,0
11,3329,-0.221975684,1.52217591,0,34040,3,0
11,3330,-0.220173776,1.52147198,0,34039,3,0
11,3331,-0.219728962,1.38632488,0,34017,3,0
11,3358,-0.210358933,1.10412133,0,33971,3,0
11,3359,-0.171285108,1.01194274,1,36004,0,0
11,3386,-0.204053625,1.10495818,0,33972,3,0
11,3387,-0.16499652,1.01286316,1,36005,0,0
11,3388,-0.202137768,1.10525692,0,34996,3,0
11,3389,-0.163083628,1.01318741,1,36005,0,0
11,3390,-0.161244363,1.01351917,1,36005,0,0
11,3391,-0.200282082,0.903080225,0,4294967295,1,0
11,3406,-0.205973089,1.10493922,0,33972,3,0
11,3407,-0.205973089,1.03744411,0,4294967295,1,0
11,3430,-0.201742738,1.10577095,0,34996,3,0
11,3431,-0.201742738,1.03827584,0,4294967295,1,0
11,3436,-0.197829336,1.10635209,0,34996,3,0
11,3437,-0.158802107,1.01433742,1,36005,0,0
11,3438,-0.195981473,0.904173136,0,4294967295,1,0
11,3439,-0.155203655,0.880012155,1,37007,0,0
11,3442,-0.197716787,1.10660768,0,34996,3,0
11,3443,-0.158689737,1.01459467,1,36005,0,0
11,3750,-0.19733192,1.1077714,0,34996,3,0
11,3751,-0.158325627,1.01576126,1,36005,0,0
11,3754,-0.195341572,1.1080519,0,34996,3,0
11,3755,-0.156338289,1.0160681,1,36005,0,0
11,3756,-0.193420261,1.10834348,0,34996,3,0
11,3757,-0.154433519,1.01638317,1,37029,0,0
11,3758,-0.152595788,1.01670778,1,37029,0,0
11,3759,-0.15083617,0.882048607,1,37007,0,0
11,3762,-0.193307951,1.10859823,0,34996,3,0
11,3763,-0.154321373,1.01663935,1,37029,0,0
11,3764,-0.191397637,1.10888839,0,34996,3,0
11,3765,-0.152413905,1.01695478,1,37029,0,0
11,3766,-0.150586471,1.01727676,1,37029,0,0
11,3767,-0.148830205,0.882616043,1,37007,0,0
11,3768,-0.189465135,1.10943007,0,34996,3,0
11,3769,-0.150491029,1.01752102,1,37029,0,0
11,3770,-0.148660362,1.01784337,1,37029,0,0
11,3771,-0.146920606,0.883178353,1,37007,0,0
11,3772,-0.146834001,1.01840413,1,37029,0,0
11,3773,-0.145083979,0.883740306,1,37008,0,0
11,3774,-0.143323779,0.884299755,1,37008,0,0
11,3775,-0.141650051,0.749860764,1,36986,0,0
11,3786,-0.193240181,1.1088804,0,34996,3,0
11,3787,-0.154253706,1.01692247,1,37029,0,0
11,3810,-0.189204708,1.11023748,0,34996,3,0
11,3811,-0.150244504,1.0183301,1,37029,0,0
11,3812,-0.18730177,1.1105237,0,34996,3,0
11,3813,-0.148344353,1.01864135,1,37030,0,0
11,3814,-0.146523863,1.01895928,1,37030,0,0
11,3815,-0.144774228,0.884294271,1,37008,0,0
11,3818,-0.14462544,1.0195173,1,37030,0,0
11,3819,-0.142878816,0.884850025,1,37008,0,0
11,3824,-0.1834957,1.04435158,0,4294967295,1,0
11,3825,-0.144563824,1.02001202,1,37030,0,0
11,3826,-0.142749846,1.02032685,1,37030,0,0
11,3827,-0.141006336,0.885657966,1,37008,0,0
11,3828,-0.14091301,1.0208838,1,37030,0,0
11,3829,-0.139185533,0.886211336,1,37008,0,0
11,3830,-0.137444302,0.886759937,1,37008,0,0
11,3831,-0.135766566,0.752317727,1,36986,0,0
11,3832,-0.139113009,1.02168655,1,37030,0,0
11,3833,-0.178014025,0.910966456,0,4294967295,1,0
11,3834,-0.135627255,0.887563467,1,37008,0,0
11,3835,-0.176257044,0.776503861,0,4294967295,1,0
11,3836,-0.133898109,0.888351321,1,37008,0,0
11,3837,-0.132225603,0.753904998,1,38010,0,0
11,3838,-0.172840104,0.643040419,0,4294967295,1,0
11,3839,-0.12900126,0.620444238,1,37989,0,0
11,3862,-0.197273523,1.10837817,0,34996,3,0
11,3863,-0.158281058,1.01636684,1,36005,0,0
11,3866,-0.195268869,1.04116392,0,4294967295,1,0
11,3867,-0.156279385,1.01667416,1,36005,0,0
11,3868,-0.193369284,1.10894656,0,34996,3,0
11,3869,-0.154382616,1.01698685,1,37029,0,0
11,3974,-0.191026121,1.04335737,0,4294967295,1,0
11,3975,-0.191026121,1.04335737,0,4294967295,1,0
11,3978,-0.189033628,1.1111275,0,34997,3,0
11,3979,-0.150080428,1.01922166,1,37030,0,0
11,3980,-0.187137678,1.11141121,0,34997,3,0
11,3981,-0.148200586,1.01952875,1,37030,0,0
11,3982,-0.146373376,1.01984549,1,37030,0,0
11,3983,-0.144623697,0.885178685,1,37008,0,0
11,3988,-0.185133517,1.11194301,0,34997,3,0
11,3989,-0.146199301,1.02008688,1,37030,0,0
11,4004,-0.183153704,1.11274326,0,34997,3,0
11,4005,-0.183153704,1.04524815,0,4294967295,1,0
11,4006,-0.142435491,1.02122259,1,37030,0,0
11,4007,-0.140692234,0.886551917,1,37008,0,0
11,4008,-0.181234673,1.11327446,0,34997,3,0
11,4009,-0.142325833,1.02146745,1,37030,0,0
11,4010,-0.140512228,1.02177906,1,37030,0,0
11,4011,-0.179415211,0.911077142,0,4294967295,1,0
11,4016,-0.179327771,1.11406374,0,36021,3,0
11,4017,-0.179327771,1.04656863,0,4294967295,1,0
11,4020,-0.136804521,1.02313685,1,37030,0,0
11,4021,-0.135070562,0.888461769,1,37008,0,0
11,4026,-0.172105476,0.778698206,0,4294967295,1,0
11,4027,-0.172105476,0.778698206,0,4294967295,1,0
11,4028,-0.129797488,0.890582442,1,38033,0,0
11,4029,-0.128143013,0.756125689,1,38011,0,0
11,4030,-0.126498699,0.756890178,1,38011,0,0
11,4031,-0.124933526,0.62264663,1,37989,0,0
11,4048,-0.177390903,1.11513472,0,36021,3,0
11,4049,-0.13850759,1.02337527,1,37030,0,0
11,4050,-0.136703715,1.02368128,1,37030,0,0
11,4051,-0.134969756,0.889005125,1,37008,0,0
11,4056,-0.17193158,0.914227307,0,4294967295,1,0
11,4057,-0.17193158,0.914227307,0,4294967295,1,0
11,4058,-0.129627734,0.890877545,1,38033,0,0
11,4059,-0.127960727,0.756423831,1,38011,0,0
11,4060,-0.127912939,0.891651869,1,38033,0,0
11,4061,-0.126260728,0.757191837,1,38011,0,0
11,4062,-0.124615312,0.757953584,1,38011,0,0
11,4063,-0.123040721,0.623712838,1,37989,0,0
11,4064,-0.175531983,1.11618555,0,36021,3,0
11,4065,-0.136671275,1.0244478,1,37030,0,0
11,4066,-0.173721954,0.91398108,0,4294967295,1,0
11,4067,-0.133132592,0.890073717,1,37009,0,0
11,4072,-0.131274834,1.0260762,1,38055,0,0
11,4073,-0.129549503,0.89139384,1,38033,0,0
11,4074,-0.168359712,0.780786455,0,4294967295,1,0
11,4075,-0.126160473,0.757470727,1,38011,0,0
11,4076,-0.126093194,0.892705441,1,38033,0,0
11,4077,-0.124434337,0.758246124,1,38011,0,0
11,4078,-0.164974898,0.647289455,0,4294967295,1,0
11,4079,-0.121222787,0.624761462,1,37989,0,0
11,4084,-0.124350406,0.893737257,1,38033,0,0
11,4085,-0.122691132,0.759277284,1,38011,0,0
11,4086,-0.121053666,0.760032356,1,38011,0,0
11,4087,-0.11948368,0.62578696,1,37989,0,0
11,4088,-0.122675754,0.894749582,1,38033,0,0
11,4089,-0.121018685,0.760286987,1,38011,0,0
11,4090,-0.119389832,0.761038065,1,38012,0,0
11,4091,-0.117821328,0.626788974,1,37990,0,0
11,4094,-0.114743963,0.628713071,1,37990,0,0
11,4095,-0.158389315,0.516213655,0,4294967295,1,0
12,4224,-0.221768275,1.90367341,0,34102,3,0
12,4225,-0.22141327,1.76837182,0,34080,3,0
12,4226,-0.219829738,1.76724458,0,34080,3,0
12,4227,-0.21943672,1.63199413,0,34057,3,0
12,4542,-0.183057696,1.07521534,0,34991,3,0
12,4543,-0.143652707,0.983450174,1,37024,0,0
12,4574,-0.180860475,1.07552218,0,34991,3,0
12,4575,-0.141459659,0.983785629,1,37024,0,0
12,4602,-0.174768656,1.07650733,0,36015,3,0
12,4603,-0.135395661,0.984847486,1,37024,0,0
12,6718,-0.171285108,1.07943785,0,36015,3,0
12,6719,-0.131955117,0.98781687,1,38048,0,0
12,6774,-0.16499652,1.01286316,0,4294967295,1,0
12,6775,-0.12568453,0.988816917,1,38049,0,0
12,6778,-0.163083628,1.01318741,0,4294967295,1,0
12,6779,-0.123788126,0.989163876,1,38049,0,0
12,6780,-0.161244363,1.01351917,0,4294967295,1,0
12,6781,-0.161244363,1.01351917,0,4294967295,1,0
12,6874,-0.158802107,1.08183253,0,36016,3,0
12,6875,-0.119533554,0.990365863,1,38049,0,0
12,6878,-0.155203655,0.880012155,0,4294967295,1,0
12,6879,-0.114256822,0.856448412,1,38027,0,0
12,6886,-0.158689737,1.08208978,0,36016,3,0
12,6887,-0.11942137,0.990624547,1,38049,0,0
12,7502,-0.158325627,1.08325636,0,36016,3,0
12,7503,-0.158325627,1.01576126,0,4294967295,1,0
12,7510,-0.156338289,1.08356321,0,36016,3,0
12,7511,-0.117080562,0.992126942,1,38049,0,0
12,7514,-0.154433519,1.08387828,0,37040,3,0
12,7515,-0.115192227,0.992463946,1,38049,0,0
12,7516,-0.152595788,1.08420289,0,37040,3,0
12,7517,-0.113357693,0.992811859,1,38049,0,0
12,7518,-0.15083617,0.882048607,0,4294967295,1,0
12,7519,-0.109926447,0.858531713,1,38027,0,0
12,7526,-0.154321373,1.08413446,0,37040,3,0
12,7527,-0.11508029,0.992721558,1,38049,0,0
12,7530,-0.152413905,1.01695478,0,4294967295,1,0
12,7531,-0.113182642,0.993060112,1,38049,0,0
12,7532,-0.150586471,1.08477187,0,37040,3,0
12,7533,-0.111358367,0.993405163,1,38049,0,0
12,7534,-0.10961806,0.993754923,1,38049,0,0
12,7535,-0.148830205,0.882616043,0,4294967295,1,0
12,7538,-0.150491029,1.08501613,0,37040,3,0
12,7539,-0.111263089,0.993650615,1,38049,0,0
12,7540,-0.148660362,1.08533847,0,37040,3,0
12,7541,-0.109448493,0.993994057,1,38049,0,0
12,7542,-0.146920606,0.883178353,0,4294967295,1,0
12,7543,-0.106042966,0.859703958,1,39052,0,0
12,7544,-0.146834001,1.08589923,0,37040,3,0
12,7545,-0.107631683,0.994576991,1,39074,0,0
12,7546,-0.145083979,0.883740306,0,4294967295,1,0
12,7547,-0.10422495,0.860284865,1,39052,0,0
12,7548,-0.143323779,0.884299755,0,4294967295,1,0
12,7549,-0.102470644,0.860865712,1,39052,0,0
12,7550,-0.10080868,0.861435831,1,39052,0,0
12,7551,-0.0992168635,0.727010369,1,39030,0,0
12,7574,-0.154253706,1.08441758,0,37040,3,0
12,7575,-0.154253706,1.01692247,0,4294967295,1,0
12,7622,-0.150244504,1.0858252,0,37040,3,0
12,7623,-0.11103639,0.994459927,1,38050,0,0
12,7626,-0.148344353,1.08613646,0,37041,3,0
12,7627,-0.109139487,0.994795144,1,39074,0,0
12,7628,-0.146523863,1.08645439,0,37041,3,0
12,7629,-0.107334889,0.995134234,1,39074,0,0
12,7630,-0.105588205,0.995481551,1,39074,0,0
12,7631,-0.103916235,0.860842586,1,39052,0,0
12,7636,-0.14462544,1.08701241,0,37041,3,0
12,7637,-0.10543967,0.995716155,1,39074,0,0
12,7638,-0.103702337,0.996060312,1,39074,0,0
12,7639,-0.142878816,0.884850025,0,4294967295,1,0
12,7650,-0.144563824,1.08750713,0,37041,3,0
12,7651,-0.105384529,0.996210814,1,39074,0,0
12,7652,-0.142749846,1.08782196,0,37041,3,0
12,7653,-0.103586242,0.996546924,1,39074,0,0
12,7654,-0.141006336,0.885657966,0,4294967295,1,0
12,7655,-0.100182489,0.862246573,1,39052,0,0
12,7656,-0.14091301,1.08837891,0,37041,3,0
12,7657,-0.101755589,0.99712646,1,39074,0,0
12,7658,-0.100030966,0.997465909,1,39074,0,0
12,7659,-0.0983677134,0.862821996,1,39052,0,0
12,7660,-0.0982958674,0.998035729,1,39074,0,0
12,7661,-0.0966353714,0.863390744,1,39052,0,0
12,7662,-0.135766566,0.752317727,0,4294967295,1,0
12,7663,-0.0933799893,0.729527354,1,39030,0,0
12,7664,-0.139113009,1.08918166,0,37041,3,0
12,7665,-0.0999618247,0.99795121,1,39074,0,0
12,7668,-0.0964946672,0.998859763,1,39074,0,0
12,7669,-0.0948368162,0.864212394,1,39052,0,0
12,7672,-0.0947747454,0.999668181,1,39074,0,0
12,7673,-0.0931195617,0.865019381,1,39052,0,0
12,7674,-0.0914648771,0.865580082,1,39053,0,0
12,7675,-0.0898798034,0.731145024,1,39031,0,0
12,7678,-0.0866885334,0.732704222,1,39031,0,0
12,7679,-0.0852049068,0.598466456,1,40033,0,0
12,7726,-0.158281058,1.08386195,0,36016,3,0
12,7727,-0.119033068,0.992398798,1,38049,0,0
12,7734,-0.156279385,1.08416927,0,36016,3,0
12,7735,-0.156279385,1.01667416,0,4294967295,1,0
12,7738,-0.154382616,1.08448195,0,37040,3,0
12,7739,-0.115147948,0.993067265,1,38049,0,0
12,7958,-0.150080428,1.08671677,0,37041,3,0
12,7959,-0.110885456,0.995351851,1,38050,0,0
12,7962,-0.148200586,1.08702385,0,37041,3,0
12,7963,-0.109008774,0.995682657,1,39074,0,0
12,7964,-0.146373376,1.01984549,0,4294967295,1,0
12,7965,-0.107191026,0.996021509,1,39074,0,0
12,7966,-0.144623697,0.885178685,0,4294967295,1,0
12,7967,-0.103784747,0.861724019,1,39052,0,0
12,7978,-0.146199301,1.08758199,0,37041,3,0
12,7979,-0.107017249,0.996265113,1,39074,0,0
12,8012,-0.142435491,1.0887177,0,37041,3,0
12,8013,-0.103275552,0.997446179,1,39074,0,0
12,8014,-0.140692234,0.886551917,0,4294967295,1,0
12,8015,-0.0998694301,0.863144338,1,39052,0,0
12,8018,-0.142325833,1.08896255,0,37041,3,0
12,8019,-0.103166088,0.997692466,1,39074,0,0
12,8020,-0.140512228,1.08927417,0,37041,3,0
12,8021,-0.101358734,0.998026192,1,39074,0,0
12,8040,-0.136804521,1.02313685,0,4294967295,1,0
12,8041,-0.0976764262,0.999427199,1,39074,0,0
12,8042,-0.0959452987,0.999764025,1,39074,0,0
12,8043,-0.0942881703,0.865115702,1,39052,0,0
12,8056,-0.0907123908,1.00194585,1,39075,0,0
12,8057,-0.0890691727,0.867289841,1,39053,0,0
12,8058,-0.0874321833,0.867840171,1,39053,0,0
12,8059,-0.0858489275,0.733399391,1,40055,0,0
12,8060,-0.0857961625,0.868623674,1,40077,0,0
12,8061,-0.126498699,0.756890178,0,4294967295,1,0
12,8062,-0.124933526,0.62264663,0,4294967295,1,0
12,8063,-0.0811626464,0.600712299,1,40033,0,0
12,8098,-0.13850759,1.09087038,0,37041,3,0
12,8099,-0.0993767306,0.999644399,1,39074,0,0
12,8100,-0.136703715,1.09117639,0,37041,3,0
12,8101,-0.0975885913,0.999971032,1,39074,0,0
12,8102,-0.134969756,0.889005125,0,4294967295,1,0
12,8103,-0.134969756,0.889005125,0,4294967295,1,0
12,8116,-0.0905491859,1.00224221,1,39075,0,0
12,8117,-0.0888999701,0.86758697,1,39053,0,0
12,8118,-0.087250486,0.868140578,1,39053,0,0
12,8119,-0.0856675208,0.733699679,1,40055,0,0
12,8120,-0.0888495743,1.00303638,1,39075,0,0
12,8121,-0.0872058794,0.868378043,1,39053,0,0
12,8122,-0.0855589509,0.868928134,1,40077,0,0
12,8123,-0.0839756429,0.734487057,1,40055,0,0
12,8124,-0.124615312,0.757953584,0,4294967295,1,0
12,8125,-0.0823410228,0.735266328,1,40055,0,0
12,8126,-0.0807856694,0.736028552,1,40055,0,0
12,8127,-0.0793007836,0.601786792,1,40034,0,0
12,8130,-0.136671275,1.09194291,0,37041,3,0
12,8131,-0.0975625739,1.00073707,1,39075,0,0
12,8134,-0.0940422043,1.00139582,1,39075,0,0
12,8135,-0.0923873708,0.866742432,1,39053,0,0
12,8144,-0.131274834,1.09357131,0,38066,3,0
12,8145,-0.0921936855,1.0024302,1,39075,0,0
12,8146,-0.0904835761,1.00275815,1,39075,0,0
12,8147,-0.0888341591,0.86810112,1,39053,0,0
12,8150,-0.0854590163,0.869208276,1,40077,0,0
12,8151,-0.0838758647,0.734767139,1,40055,0,0
12,8152,-0.126093194,0.892705441,0,4294967295,1,0
12,8153,-0.0853919536,0.869453549,1,40077,0,0
12,8154,-0.124434337,0.758246124,0,4294967295,1,0
12,8155,-0.0821608976,0.735560894,1,40055,0,0
12,8158,-0.0789938644,0.737090349,1,40056,0,0
12,8159,-0.077510491,0.602845073,1,40034,0,0
12,8168,-0.0853116214,1.00516295,1,40099,0,0
12,8169,-0.0836701915,0.870501637,1,40077,0,0
12,8170,-0.0820223391,0.871050119,1,40077,0,0
12,8171,-0.0804435909,0.736604154,1,40056,0,0
12,8172,-0.0804022849,0.871821284,1,40078,0,0
12,8173,-0.121053666,0.760032356,0,4294967295,1,0
12,8174,-0.0772803724,0.738128364,1,40056,0,0
12,8175,-0.0757983997,0.603879631,1,40034,0,0
12,8176,-0.0836521983,1.006194,1,40099,0,0
12,8177,-0.0820192695,0.871528864,1,40078,0,0
12,8178,-0.0803735256,0.872074723,1,40078,0,0
12,8179,-0.0787965506,0.73762542,1,40056,0,0
12,8180,-0.0787619352,0.872842014,1,40078,0,0
12,8181,-0.077192761,0.738388002,1,40056,0,0
12,8182,-0.0756431371,0.739142478,1,40056,0,0
12,8183,-0.074159801,0.604891777,1,40034,0,0
12,8188,-0.072582975,0.741100371,1,40056,0,0
12,8189,-0.114743963,0.628713071,0,4294967295,1,0
