epoch_id,tick_ms,status,iterations,used,asa,na,hits,output_mask,q_after,blend,x_m,y_m,z_m,clock_m,rms_m,chi2,sigma_x_m,sigma_y_m,sigma_z_m,sigma_clock_m,east_m,north_m,up_m,rho,theta_rad,delta_rho,delta_theta_rad,otan_raw_rad,otan_relative_rad,otan_directed_rad,chart_status,otan_status,cone_residual_m,cone_class,sphere_l_m,sphere_r_m,sphere_flags,key_contiguous,key_morton
0,1280000000000,ok,3,12,4095,4095,0,4095,1,0,3920052.1828496829,343110.69940503029,5002782.3872161033,23000.000000001743,2.1507973566264873e-09,4.8416231381580311e-17,0.84379389234715507,0.72947324799157909,1.1357763050432454,0.82892495514989417,149.99999999901536,-74.999999998163901,12.00000000127336,-4.0881333022329702,-0.46364760899363927,nan,nan,nan,nan,nan,0,1,-13.142296069568662,-1,-331.86612477118194,-409.065957970331,3,14676103987472629988,14717998450411357183
1,1280000001000,ok,3,12,4095,4095,0,4095,1,0,3920052.0015969737,343110.88431144296,5002782.5664537866,23000.150000003203,3.2261960349397309e-09,9.8162288558477954e-17,0.84379389290405871,0.72947324706194061,1.1357762990627094,0.82892495173914382,150.20000000145183,-74.760063995523353,12.039997336068573,-4.0877049138975634,-0.46183539247941913,0.0004283883354068152,0.0018122165142201441,1.3386683178779544,1.076868930078805,1.076868930078805,0,0,-13.141005628368006,-1,-331.79159145600534,-409.36850048508143,3,14676508612856021220,14718035980378495390
2,1280000002000,ok,3,12,4095,4095,0,4095,1,0,3920051.8206357704,343111.06924335432,5002782.7454425404,23000.29999999893,3.2261960349397309e-09,1.189083000139126e-16,0.84379389345857914,0.72947324613346687,1.135776293087752,0.82892494833118247,150.39999999913189,-74.520511836030749,12.079978665946509,-4.0872724138386278,-0.4600267826795284,0.00043250005893558097,0.0018086097998907258,1.3360703612644398,1.0742709734652904,1.0742709734652904,0,0,-13.139340856843171,-1,-331.71633303076442,-409.67064392480239,3,14676895645986259172,14718598929889399416
3,1280000003000,ok,3,12,4095,4095,0,4095,1,0,3920051.6402571183,343111.25422623492,5002782.9239338292,23000.44999999908,0,0,0.84379389400833726,0.72947324520732093,1.1357762871239454,0.82892494492879643,150.59999999943048,-74.281726756834914,12.119928012460505,-4.0868348132271315,-0.45822383902554986,0.000437600611496336,0.0018029436539785393,1.3326862483792148,1.0708868605800654,1.0708868605800654,0,0,-13.137204439296429,-1,-331.64018417439161,-409.97207330466517,3,14677300271369650404,14727043171140503571
4,1280000004000,ok,3,12,4095,4095,0,4095,1,0,3920051.4607510888,343111.43928546167,5002783.101679869,23000.600000002982,2.1507973566264873e-09,3.7147860076577964e-17,0.8437938945509641,0.72947324428466409,1.1357762811768424,0.82892494153476459,150.80000000128604,-74.044090761570629,12.159829387202482,-4.0863911430545361,-0.4564286178416142,0.00044367017259538954,0.001795221183935658,1.3285116496265208,1.0667122618273714,1.0667122618273714,0,0,-13.13450056476303,-1,-331.56298260827145,-410.27247452811912,3,14677722488871977188,14727606121062205927
5,1280000005000,ok,3,12,4095,4095,0,4095,1,0,3920051.2824063301,343111.62444628211,5002783.2784340316,23000.750000002041,4.5625301874860709e-09,1.6534572880071271e-16,0.84379389508410485,0.72947324336665154,1.1357762752519776,0.82892493815185875,150.99999999880237,-73.807984015936398,12.199666832505901,-4.0859404555410199,-0.45464316883097228,0.00045068751351617919,0.0017854490106419263,1.3235389608760095,1.0617395730768602,1.0617395730768602,0,0,-13.131135079534426,-1,-331.48456932684417,-410.57153487038795,3,14678127114121150692,14862151159395402454
6,1280000006000,ok,3,10,4092,4092,0,4092,1,0,3920051.1055095857,343111.80973379186,5002783.4539512144,23000.900000000329,1.1780402288468105e-09,8.2117087620203874e-18,1.3395381251980039,0.74806772416200396,1.3341241751289543,1.1460925324852849,151.20000000079025,-73.57378424090669,12.239424416571946,-4.0854818253911374,-0.45286953146441,0.00045863014988256623,0.0017736373665622751,1.3177572285246799,1.0559578407255306,1.0559578407255306,0,0,-13.127015587081463,-1,-331.40478880521118,-410.86894347367274,3,14678549331556368612,14862713982070315046
7,1280000007000,ok,3,12,4095,4095,0,4095,1,0,3920050.9303452224,343111.99517286127,5002783.6279882062,23001.04999999913,2.1507973566264873e-09,5.387547832412538e-17,0.84379389611259747,0.72947324154915094,1.1357762634909243,0.82892493143044099,151.39999999874215,-73.341866111681369,12.279086228350291,-4.0850143512370076,-0.45110973149278083,0.00046747415412973226,0.0017597999716291723,1.3111522138092642,1.0493528260101148,1.0493528260101148,0,0,-13.122051563273416,-1,-331.32348923763516,-411.16439180447225,3,14678989141177630948,14871158230837123863
8,1280000008000,ok,3,12,4095,4095,0,4095,1,0,3920050.7571947617,343112.18078812631,5002783.8003040981,23001.199999998,2.1507973566264873e-09,3.8468826137634457e-17,0.8437938966033478,0.72947324065193786,1.1357762576656141,0.82892492809739704,151.59999999867284,-73.112600636462616,12.318636413389079,-4.0845371567200015,-0.4493657771464673,0.0004771945170061187,0.0017439543463135254,1.3037062191478668,1.0419068313487174,1.0419068313487174,0,0,-13.116154476514906,-1,-331.24052271202737,-411.45757415204497,3,14679428950664675556,14871721180759069372
9,1280000009000,ok,3,12,4095,4095,0,4095,1,0,3920050.5863364316,343112.36660392972,5002783.9706606055,23001.350000002971,2.1507973566264873e-09,3.7227286814937263e-17,0.84379389707541796,0.72947323976391709,1.1357762518842822,0.82892492478640889,151.80000000152106,-72.88635460199562,12.358059149569218,-4.084049391603422,-0.44763965579146764,0.00048776511657955268,0.0017261213549996657,1.2953980068879294,1.03359861908878,1.03359861908878,0,0,-13.109237858285407,-1,-331.15574539365014,-411.74818804712584,3,14679868760151720164,17023878844700459421
10,1280000010000,ok,3,12,4095,4095,0,4095,1,0,3920050.4180446821,343112.55264427542,5002784.1388224661,23001.500000000673,1.0753986783132436e-09,7.0805039835788046e-18,0.84379389752658718,0.7294732388861993,1.1357762461522301,0.82892492150015606,151.99999999995447,-72.663489945433554,12.397338661008053,-4.0835502329194329,-0.44593333011710745,0.00049915868398908714,0.0017063256743601873,1.2862028487789117,1.0244034609797623,1.0244034609797623,0,0,-13.101217409564262,-1,-331.06901771163461,-412.03593474076916,3,14680343753943744740,17024441794148731536
11,1280000011000,ok,3,12,4095,4095,0,4095,1,0,3920050.2525897725,343112.7389328159,5002784.3045577975,23001.650000000252,1.5208433958286904e-09,1.6890256984588229e-17,0.84379389795467707,0.7294732380198814,1.1357762404746896,0.82892491824129011,152.2000000018439,-72.44436320905379,12.436459245873206,-4.0830388856923143,-0.44424873467188974,0.00051134722711854153,0.001684595445217707,1.276092212497115,1.0142928246979657,1.0142928246979657,0,0,-13.092011083634013,-1,-330.98020447326041,-412.32051962309941,3,14680801155549724900,17032883990998587686
12,1280000012000,ok,3,12,4095,4095,0,4095,1,0,3920050.0902372929,343112.92549277988,5002784.4676384451,23001.800000000465,1.5208433958286904e-09,1.1588916554789503e-17,0.84379389835755492,0.72947323716604617,1.135776234856817,0.82892491501243437,152.3999999997686,-72.229324945786857,12.475405253948505,-4.0825145840133148,-0.44258777225175921,0.00052430167899952806,0.0016609624201305295,1.2650339436503144,1.0032345558511651,1.0032345558511651,0,0,-13.081539155031457,-1,-330.88917504102881,-412.60165265637829,3,14681293741393576164,17033446940916620122
13,1280000013000,ok,3,10,4092,4092,0,4092,1,0,3920049.9312477428,343113.11234696594,5002784.6278403327,23001.949999999124,2.3560804576936211e-09,3.7894754906512419e-17,1.3395381587196729,0.74806771358940072,1.3341241465615861,1.1460925321874407,152.60000000156455,-72.018719171640299,12.514161103202035,-4.0819765916071722,-0.44095231036468235,0.00053799240614260668,0.0016354618870768611,1.2529919636546767,0.99119257585552734,0.99119257585552734,0,0,-13.06972427957923,-1,-330.79580342167048,-412.87904879369046,3,14681786327170318564,17167992235927552018
14,1280000014000,ok,3,12,4095,4095,0,4095,1,0,3920049.775876109,343113.29951767705,5002784.7849438181,23002.10000000105,2.6341780319308772e-09,7.8390128597851218e-17,0.84379389907938529,0.72947323550007126,1.1357762238202782,0.82892490865507629,152.80000000176139,-71.812882811343826,12.552711298149212,-4.0814242026752225,-0.43934417779573043,0.00055238893194964334,0.0016081325689519255,1.2399264096804856,0.97812702188133627,0.97812702188133627,0,0,-13.056491579460213,-1,-330.69996840180812,-413.1524283676037,3,14682296505065996516,17168555177859629295
15,1280000015000,ok,3,12,4095,4095,0,4095,1,0,3920049.6243714271,343113.48702669941,5002784.9387340099,23002.249999998792,2.8452374630643926e-09,6.4501791273775551e-17,0.84379389939433136,0.72947323469001102,1.1357762184114806,0.82892490553164422,152.99999999876454,-71.612145157601361,12.591040409208308,-4.0808567424049045,-0.43776516111908581,0.00056746027031806534,0.0015790166766446179,1.2257935033832514,0.96399411558410208,0.96399411558410208,0,0,-13.041768666628835,-1,-330.6015536308505,-413.4215174955358,3,14682824275080610020,17176999426630107901
16,1280000016000,ok,3,12,4095,4095,0,4095,1,0,3920049.4769764016,343113.67489527789,5002785.0890011247,23002.39999999915,1.862645149230957e-09,2.0088526178595618e-17,0.84379389967605989,0.72947323389658769,1.1357762130820768,0.82892490244835648,153.20000000350271,-71.416827350937638,12.629133120148403,-4.0802735674233004,-0.43621700133798352,0.00058317498160409542,0.0015481597811022874,1.2105455868011656,0.94874619900201629,0.94874619900201651,0,0,-13.025485720745328,-1,-330.50044768993257,-413.68604845152663,3,14683352045028114660,17177562376548143523
17,1280000017000,ok,3,12,4095,4095,0,4095,1,0,3920049.3339269697,343113.86314403685,5002785.2355407774,23002.549999998519,4.1650011716406603e-09,1.3788444575450088e-16,0.84379389992272136,0.72947323312079015,1.1357762078367371,0.82892489940764447,153.3999999985945,-71.227241853420168,12.6669741844761,-4.0796740664860351,-0.43470139061533764,0.00059950093726524045,0.0015156107226458881,1.1941313966419247,0.93233200884277534,0.93233200884277534,0,0,-13.007575508493003,-1,-330.39654420795375,-413.94576002795225,3,14683914999146381540,14718033901803033335
18,1280000018000,ok,3,12,4095,4095,0,4095,1,0,3920049.1954519432,343114.0517930098,5002785.3781543067,23002.699999998214,1.5208433958286904e-09,2.5344780129692558e-17,0.84379390013253608,0.72947323236358397,1.1357762026800191,0.82892489641189382,153.59999999903303,-71.043691969269219,12.704548464547688,-4.0790576604639384,-0.43321996900606419,0.00061640602209678264,0.0014814216092734478,1.1764959178916277,0.91469653009247831,0.91469653009247831,0,0,-12.987973415603266,-1,-330.28974185390149,-414.20039790067682,3,14684477953264648420,14718596851251331303
19,1280000019000,ok,3,12,4095,4095,0,4095,1,0,3920049.0617726124,343114.24086155259,5002785.5166490972,23002.850000000995,1.5208433958286904e-09,1.7849061406335985e-17,0.84379390030379631,0.72947323162591027,1.1357761976163558,0.82892489346344167,153.80000000030691,-70.866471329059394,12.741840937508822,-4.0784238029884738,-0.43177432128485727,0.00063385747546451654,0.0014456477212069219,1.157581109206187,0.8957817214070376,0.8957817214070376,0,0,-12.966617506271042,-1,-330.17994444352701,-414.44971496785757,3,14685058499434741988,14727041092505617068
20,1280000020000,ok,3,10,4092,4092,0,4092,1,0,3920048.9331023912,343114.43036833534,5002785.6508388361,23002.99999999479,2.040425529722743e-09,2.1226269199105097e-17,1.3395381857068367,0.74806770353390917,1.3341241203340266,1.1460925295982489,154.00000000122532,-70.695863453301385,12.778836679340053,-4.0777719804687074,-0.4303659740263846,0.0006518225197664762,0.0014083472584726642,1.1373260047708196,0.87552661697167022,0.87552661697167022,0,0,-12.943448510974722,-1,-330.06706094266929,-414.69347166733166,3,14685674229909815524,14727604042423638507
21,1280000021000,ok,3,12,4095,4095,0,4095,1,0,3920048.8096464723,343114.62033130851,5002785.7805438349,23003.14999999975,1.0753986783132436e-09,4.2832678419180427e-18,0.84379390052419989,0.72947323021280008,1.1357761877852695,0.82892488771751793,154.2000000002437,-70.532141280853608,12.815520905337081,-4.0771017123131044,-0.42899639258115269,0.00067026815560300435,0.0013695814452319155,1.1156675677196337,0.85386817992048436,0.85386817992048436,0,0,-12.918409881008568,-1,-329.95100550190665,-414.9314363015626,3,14686289960250671332,14862149081759221830
22,1280000022000,ok,3,12,4095,4095,0,4095,1,0,3920048.6916014529,343114.81076767552,5002785.9055912681,23003.300000000821,2.6341780319308772e-09,5.8698624197408907e-17,0.84379390057031922,0.72947322953911642,1.1357761830260475,0.82892488492445593,154.40000000072462,-70.375566726348154,12.851878926891501,-4.076412551011618,-0.42766697820719951,0.00068916130148632959,0.001329414373953175,1.0925415207209586,0.83074213292180921,0.83074213292180921,0,0,-12.891447759272005,-1,-329.83169747502939,-415.16338535785349,3,14686923282710462692,14862679192961286990
23,1280000023000,ok,3,12,4095,4095,0,4095,1,0,3920048.5791550558,343115.001693859,5002786.0258154683,23003.449999996654,3.8774050762246039e-09,1.709393811672379e-16,0.84379390057183989,0.72947322888846866,1.1357761783762641,0.82892488218750415,154.6000000016916,-70.226390277520053,12.887896211541317,-4.0757040821838029,-0.42637906547778559,0.0007084688278151674,0.0012879127294139203,1.0678834754963789,0.8060840876972295,0.8060840876972295,0,0,-12.862511038209458,-1,-329.70906142518015,-415.38910377488946,3,14687574197154971876,14871123441731768371
24,1280000024000,ok,3,12,4095,4095,0,4095,1,0,3920048.4724857924,343115.19312547345,5002786.1410581488,23003.599999999104,3.2261960349397309e-09,8.3281855084269677e-17,0.84379390052746417,0.72947322826166239,1.1357761738396532,0.82892487950872062,154.79999999994195,-70.084850591263205,12.923558349840931,-4.0749759245613193,-0.42513391968448044,0.00072815762248357174,0.0012451457933051469,1.0416304532197647,0.77983106542061531,0.77983106542061531,0,0,-12.831551332115685,-1,-329.58302712815413,-415.60838523391863,3,14688242703718416612,14871686391649557201
25,1280000025000,ok,3,12,4095,4095,0,4095,1,0,3920048.3717626599,343115.38507731044,5002786.2511686683,23003.750000000193,2.1507973566264873e-09,2.8300234940616011e-17,0.84379390043598501,0.72947322765947098,1.135776169419791,0.82892487689010186,155.00000000165772,-69.951174092533364,12.95885107763964,-4.0742277299094969,-0.4239327342666962,0.00074819465182240918,0.0012011854177842451,1.0137227913660662,0.75192340356691689,0.75192340356691689,0,0,-12.798522992899903,-1,-329.45352956249656,-415.82103244855546,3,14688928802333688036,17023844055528554912
26,1280000026000,ok,3,12,4095,4095,0,4095,1,0,3920048.2771448782,343115.57756329334,5002786.3560042353,23003.899999997222,2.6341780319308772e-09,8.0049621719002518e-17,0.84379390029628953,0.72947322708263795,1.1357761651200933,0.82892487433358075,155.20000000032184,-69.825574638197253,12.993760273462179,-4.0734591829746822,-0.42277662870871546,0.00076854693481465119,0.0011561055579807356,0.9841063643757072,0.72230697657655774,0.72230697657655774,0,0,-12.76338310715327,-1,-329.32050890719597,-416.02685739136695,3,14689650085253939428,17024407005039204613
27,1280000027000,ok,3,10,4092,4092,0,4092,1,0,3920048.1887816237,343115.77059647714,5002786.45543015,23004.050000002302,2.6341780319308772e-09,3.9157011144082987e-17,1.3395382033104064,0.74806769423800512,1.3341240975377611,1.1460925237747335,155.39999999966014,-69.708253159782473,13.028271985497373,-4.0726700012504269,-0.42166664625498546,0.00078918172425535005,0.0011099824537300074,0.95273535452943303,0.69093596673028368,0.69093596673028368,0,0,-12.726091504144192,-1,-329.18391050778973,-416.22568156322166,3,14690371367972864228,17032851126030733942
28,1280000028000,ok,3,12,4095,4095,0,4095,1,0,3920048.1068117619,343115.96418901213,5002786.5493199723,23004.200000000717,0,0,0.84379389986827891,0.72947322600785625,1.1357761568940283,0.8289248694142296,155.60000000079438,-69.599397347010068,13.062372398264422,-4.0718599348507958,-0.42060375197446703,0.00081006639963110416,0.0010628942805184227,0.91957545460335222,0.65777606680420275,0.65777606680420275,0,0,-12.686610721374615,-1,-329.04368486661531,-416.41733622534281,3,14691110242743615716,17033414075956349084
29,1280000029000,ok,3,12,4095,4095,0,4095,1,0,3920048.0313636372,343116.15835212253,5002786.6375557408,23004.350000002083,0,0,0.84379389957822726,0.72947322551122906,1.1357761529736519,0.82892486705492785,155.79999999928259,-69.499181347089888,13.096047875414943,-4.0710287663121889,-0.41958883093147459,0.00083116853860687456,0.0010149210429924449,0.88460745956318909,0.62280807176403963,0.62280807176403963,0,0,-12.644906030713113,-1,-328.89978761659211,-416.60166261888509,3,14691884301819347172,17167959114293188944
30,1280000030000,ok,3,12,4095,4095,0,4095,1,0,3920047.9625548441,343116.35309610137,5002786.7200281331,23004.499999997122,2.8452374630643926e-09,8.0550179164679084e-17,0.84379389923648918,0.72947322504260159,1.1357761491854133,0.82892486476477689,155.99999999996675,-69.407765485527491,13.129284944884283,-4.0701763102726538,-0.41862268647784179,0.00085245603953509885,0.0009661444536328001,0.84783115052512115,0.58603176272597168,0.58603176272597168,0,0,-12.600945404872142,-1,-328.7521794800075,-416.77851219269826,3,14692675952879796452,17168522056225264249
31,1280000031000,ok,3,12,4095,4095,0,4095,1,0,3920047.9004920381,343116.54843027663,5002786.7966366466,23004.65000000345,1.5208433958286904e-09,9.7042787043455649e-18,0.84379389884245426,0.72947322460254749,1.1357761455318658,0.82892486254536357,156.1999999996618,-69.325296004514186,13.162070323781297,-4.0693024133105453,-0.41770603876689183,0.00087389696210848911,0.00091664771094995823,0.80926946291259239,0.54747007511344292,0.54747007511344292,0,0,-12.554699532608652,-1,-328.60082625281996,-416.94774680147862,3,14693485195992072420,17176966304991855075
32,1280000032000,ok,3,12,4095,4095,0,4095,1,0,3920047.8452707375,343116.74436300632,5002786.8672897071,23004.799999999083,2.4046645476218417e-09,2.1935074069338073e-17,0.84379389839561703,0.72947322419160476,1.1357761420153758,0.82892486039820013,156.39999999963209,-69.251904839785652,13.194390882329444,-4.0684069535659377,-0.41683952345439451,0.00089545974460758515,0.00086651531249731795,0.76897237529413631,0.50717298749498685,0.50717298749498685,0,0,-12.506141763336363,-1,-328.44569875815023,-417.10923890609695,3,14694312031156175076,17177529270944176162
33,1280000033000,ok,3,12,4095,4095,0,4095,1,0,3920047.7969751889,343116.94090166176,5002786.9319048505,23004.949999998746,2.4046645476218417e-09,4.1512808457137911e-17,0.84379389789558001,0.72947322381027491,1.135776138638128,0.82892485832472462,156.6000000005622,-69.187709402013809,13.22623370353509,-4.0674898404832556,-0.41602369051929933,0.00091711308268216385,0.00081583293509518429,0.72702065573009833,0.46522126793094892,0.46522126793094892,0,0,-12.455248145702775,-1,-328.28677281451462,-417.26287175500204,3,14695156458304995556,14717998871991081650
34,1280000034000,ok,3,10,4092,4092,0,4092,1,0,3920047.7556781946,343117.13805261167,5002786.9904088126,23005.100000001308,2.6341780319308772e-09,3.0311539742689042e-17,1.3395382094748589,0.7480676859011991,1.3341240790632545,1.1460925141175458,156.80000000180155,-69.13281238542146,13.257586047119997,-4.0665510145083292,-0.41525900327463749,0.00093882597492633835,0.00076468724466183247,0.68352871913120794,0.42172933133205853,0.42172933133205853,0,0,-12.401997380096025,-1,-328.12402920512818,-417.40853957000752,3,14696018477572751588,14718561821439822387
35,1280000035000,ok,3,12,4095,4095,0,4095,1,0,3920047.7214410114,343117.3358212118,5002787.0427376414,23005.250000000833,1.0753986783132436e-09,7.0805039835788046e-18,0.84379389673485827,0.72947322313827356,1.1357761323091331,0.82892485440420471,156.99999999983211,-69.087301617998094,13.288435375502772,-4.0655904467370405,-0.41454583765796577,0.00096056777128872284,0.00071316561667172929,0.63864625328350266,0.37684686548435326,0.37684686548435326,0,0,-12.346370821461054,-1,-327.95745363564151,-417.54614769703244,3,14696898088892334308,14727006062690195625
36,1280000036000,ok,3,12,4095,4095,0,4095,1,0,3920047.6943132225,343117.53421180614,5002787.0888367817,23005.399999998554,2.1507973566264873e-09,4.8859920581822613e-17,0.84379389607392774,0.72947322284841809,1.1357761293607991,0.82892485255965087,157.20000000064712,-69.051249908880067,13.318769342108901,-4.0646081385453767,-0.41388448152981394,0.00098230819166378325,0.00066135612815182432,0.59255846328817918,0.33075907548902977,0.33075907548902977,0,0,-12.2883524485951,-1,-327.78703669302251,-417.67561278265401,3,14697812884449788132,14727569012611908033
37,1280000037000,ok,3,12,4095,4095,0,4095,1,0,3920047.6743326657,343117.73322770203,5002787.1286611687,23005.549999998148,3.0416867916573809e-09,9.9494473564044924e-17,0.84379389535930305,0.72947322258980718,1.1357761265585242,0.82892485079376321,157.40000000124115,-69.024714933010955,13.34857581944415,-4.0636041213480336,-0.41327513429974294,0.00100401719734311,0.00060934723007100011,0.54548428051204068,0.28368489271289127,0.28368489271289127,0,0,-12.227928879609413,-1,-327.61277382479409,-417.79686290727631,3,14698727679805915364,14862114050944847949
38,1280000038000,ok,3,12,4095,4095,0,4095,1,0,3920047.6615253566,343117.93287117424,5002787.1621752791,23005.700000000583,3.4007092162045721e-09,1.0117268295465387e-16,0.84379389459114007,0.72947322236275214,1.1357761239035256,0.8289248491075879,157.60000000030752,-69.007739139565885,13.377842892550309,-4.0625784561992972,-0.41271790666600983,0.0010256651487363655,0.00055722763373311501,0.49767248195987757,0.23587309416072816,0.2358730941607281,0,0,-12.165089344585374,-1,-327.43466529540456,-417.90983772956679,3,14699677659399913700,14862676872617581539
39,1280000039000,ok,3,12,4095,4095,0,4095,1,0,3920047.6559054162,343118.13314346119,5002787.1893531596,23005.850000001628,1.0753986783132436e-09,1.1469246122160707e-17,0.8437938937697067,0.7294732221675273,1.1357761213968263,0.82892484750209361,157.80000000081813,-69.000349677260601,13.406558837288177,-4.061531233453576,-0.41221282051949265,0.0010472227457212213,0.00050508614651717521,0.44939583239842562,0.18759644459927621,0.18759644459927621,0,0,-12.099825650877724,-1,-327.2527161553615,-418.01448862528906,3,14700645231045738724,14871129331071191686
40,1280000040000,ok,3,12,4095,4095,0,4095,1,0,3920047.6574751013,343118.33404475753,5002787.2101784823,23005.99999999857,2.1507973566264873e-09,4.6816117512164209e-17,0.84379389289538154,0.72947322200436637,1.1357761190392459,0.82892484597816418,158.00000000000347,-69.002558383405713,13.4347121815157,-4.060462572401744,-0.41175980927021183,0.0010686610518320094,0.00045301124928082137,0.40094319270323237,0.13914380490408296,0.13914380490408296,0,0,-12.032132218788719,-1,-327.06693620115158,-418.11077876267723,3,14701630394743390436,14871692280988979810
41,1280000041000,ok,3,10,4092,4092,0,4092,1,0,3920047.6662247181,343118.53557421709,5002787.2246445501,23006.149999998841,2.8855974571462102e-09,3.9068145437010244e-17,1.3395382031184109,0.74806767866968082,1.3341240655518036,1.1460925004470119,158.19999999977779,-69.014361713408974,13.462291657100494,-4.0593726209954486,-0.41135871786202172,0.0010899514062954196,0.00040109140819011291,0.35261095186277946,0.090811564063630057,0.090811564063630057,0,0,-11.96200603093112,-1,-326.87733996007404,-418.19868326616825,3,14702633150492868836,17023849944867719751
42,1280000042000,ok,3,12,4095,4095,0,4095,1,0,3920047.682132687,343118.73772995279,5002787.2327543013,23006.300000005212,2.1507973566264873e-09,3.3005255764379719e-17,0.8437938909901409,0.7294732217749802,1.1357761147737451,0.82892484317813808,158.40000000102233,-69.035740788346416,13.489286242995647,-4.0582615554413506,-0.41100930350424503,0.0011110655540980119,0.0003494143577766895,0.30469298645060561,0.0428935986514562,0.042893598651456255,0,0,-11.889446649887191,-1,-326.68394664698508,-418.27818926714747,3,14703653498294173924,17024412894378365161
43,1280000043000,ok,3,12,4095,4095,0,4095,1,0,3920047.7051655273,343118.94050903188,5002787.2345202742,23006.450000002169,3.4007092162045721e-09,6.9362503798927372e-17,0.84379388996054538,0.72947322170902817,1.1357761128664765,0.82892484190340465,158.60000000018712,-69.066661404729217,13.515685127959678,-4.0571295799298577,-0.41071123624574968,0.0011319755114929109,0.00029806725849534921,0.25747157013214678,-0.0043278176670026314,-0.0043278176670026314,0,0,-11.814456178485996,-1,-326.48678015167542,-418.34929601002716,3,14704709030266241252,17024450424342055073
44,1280000044000,ok,3,12,4095,4095,0,4095,1,0,3920047.7352779368,343119.14390749304,5002787.2299646037,23006.600000001996,2.8452374630643926e-09,8.9859374720011925e-17,0.84379388888070095,0.72947322167568662,1.1357761111096307,0.82892484071296391,158.79999999938155,-69.107074100112129,13.54147775708789,-4.0559769262213035,-0.41046409986155896,0.0011526537085542188,0.00024713638419071593,0.21120876089400151,-0.050590626905147901,-0.050590626905147873,0,0,-11.737039280950761,-1,-326.28586899642369,-418.41201491288649,3,14705764562104090852,17032894673607727513
45,1280000045000,ok,3,12,4095,4095,0,4095,1,0,3920047.7724128333,343119.34792034281,5002787.2191189732,23006.750000000629,2.6341780319308772e-09,8.5189543129304166e-17,0.84379388775154252,0.72947322167499529,1.1357761095030405,0.82892483960729113,158.99999999918444,-69.15691421499136,13.566653819897258,-4.054803853390041,-0.41026739280444674,0.001173072831262445,0.00019670705711222203,0.16613960572509742,-0.095659782074051986,-0.095659782074051986,0,0,-11.65720316764313,-1,-326.08124632648367,-418.46636964003454,3,14706855278246920420,17033457623026417815
46,1280000046000,ok,3,12,4095,4095,0,4095,1,0,3920047.8165014475,343119.55254156463,5002787.202024526,23006.899999995832,3.7252902984619141e-09,1.2417826182795509e-16,0.84379388657411991,0.72947322170695328,1.13577610804634,0.82892483858678312,159.19999999955559,-69.216102021213047,13.591203237191007,-4.0536106474285187,-0.41012052953199418,0.0011932059615222812,0.00014686327245255759,0.12246696365111195,-0.13933242414803745,-0.13933242414803748,0,0,-11.574957567189498,-1,-325.87294987767092,-418.51239612995198,3,14707945994188423396,17168002653872509317
47,1280000047000,ok,3,12,4095,4095,0,4095,1,0,3920047.8674634355,343119.75776413176,5002787.1787318271,23007.049999998071,4.0237734084376822e-09,1.6707664467401549e-16,0.8437938853495881,0.72947322177152252,1.1357761067389667,0.82892483765175262,159.40000000294509,-69.28454283426305,13.615116201514372,-4.0523976209318358,-0.41002284178202092,0.0012130264966829785,9.7687749973263127e-05,0.080358825999543318,-0.1814405617996061,-0.18144056179960608,0,0,-11.490314752490912,-1,-325.66102195472047,-418.55014263551823,3,14709071894367797476,17168565603298984389
48,1280000048000,ok,3,10,4092,4092,0,4092,1,0,3920047.9252069676,343119.96358000202,5002787.1493007457,23007.199999998225,2.6341780319308772e-09,4.3108598895844344e-17,1.3395381842357406,0.74806767262970286,1.334124057365091,1.1460924830441321,159.60000000124728,-69.362127155172672,13.638383137926684,-4.0511651128519484,-0.40997358007785689,0.0012325080798873955,4.9261704164027531e-05,0.039947403443620945,-0.22185198435552847,-0.22185198435552847,0,0,-11.403289504282728,-1,-325.44550942898843,-418.57966975007753,3,14710197794412953828,17177009852564656597
49,1280000049000,ok,3,12,4095,4095,0,4095,1,0,3920047.9896289129,343120.16998015612,5002787.1138003618,23007.350000005925,2.6341780319308772e-09,7.9737627475606003e-17,0.84379388276435063,0.72947322199814824,1.1357761045689925,0.82892483603897305,159.79999999795965,-69.448730875618438,13.660994746056282,-4.0499134879715202,-0.40997191551861917,0.0012516248804281815,1.664559237724017e-06,0.0013299178391181401,-0.26046946996003129,-0.26046946996003129,0,0,-11.313899121175352,-1,-325.22646368218739,-418.60105038853453,3,14711358878695981284,17177572674208055767
50,1280000050000,ok,3,12,4095,4095,0,4095,1,0,3920048.0606149514,343120.37695459818,5002787.0723088477,23007.500000005824,4.9280958456259048e-09,3.0650274815477787e-16,0.84379388140648459,0.72947322215993693,1.1357761037043088,0.82892483536144779,159.99999999886541,-69.544215438870708,13.68294197575046,-4.0486431366930029,-0.41001694143766931,0.0012703512785172677,-4.5025919050145635e-05,-0.03542884503220612,-0.29722823283135552,-0.29722823283135552,0,0,-11.222163399979891,-1,-325.00394061077623,-418.61436980516407,3,14712537554963726564,14718044327204934094
51,1280000051000,ok,3,12,4095,4095,0,4095,1,0,3920048.1380397831,343120.58449236327,5002787.024913324,23007.649999995636,2.4046645476218417e-09,7.2445213900213893e-17,0.84379388000718358,0.7294732223538023,1.1357761029847921,0.8289248347698478,160.20000000138978,-69.648428092953452,13.704216041676503,-4.047354474667741,-0.41010767557491373,0.0012886620252618997,-9.0734137244419255e-05,-0.070293561464373308,-0.33209294926352273,-0.33209294926352273,0,0,-11.128104636260217,-1,-324.77800060043393,-418.61972552869076,3,14713716231164362980,14718607269107876261
52,1280000052000,ok,3,12,4095,4095,0,4095,1,0,3920048.2217673254,343120.79258153739,5002786.9717097394,23007.799999999093,3.2261960349397309e-09,1.0936792924749922e-16,0.84379387856811983,0.72947322257951719,1.1357761024089332,0.82892483426408592,160.39999999724054,-69.761202121340148,13.724808451100341,-4.0460479424479301,-0.41024306212101264,0.0013065322198109186,-0.00013538654609890344,-0.10325429620493057,-0.36505368400408,-0.36505368400408,0,0,-11.031747638619894,-1,-324.54870850418729,-418.61722732265497,3,14714930091669979364,14727051518373548266
53,1280000053000,ok,3,12,4095,4095,0,4095,1,0,3920048.3116508969,343121.00120930298,5002786.9128026748,23007.949999999073,1.862645149230957e-09,3.9222567937507015e-17,0.84379387709106368,0.72947322283681892,1.135776101975043,0.82892483384399718,160.60000000176274,-69.882357110516153,13.744710964737564,-4.0447240049523572,-0.41042197391169277,0.0013239374955729133,-0.0001789117906801363,-0.13432241984109267,-0.39612180764024207,-0.39612180764024207,0,0,-10.933119669020998,-1,-324.3161335939123,-418.60699713926891,3,14716143951974269156,14727614467792210755
54,1280000054000,ok,3,12,4095,4095,0,4095,1,0,3920048.4075334584,343121.2103619054,5002786.8483051825,23008.100000004284,2.4046645476218417e-09,8.6437929421939451e-17,0.84379387557787944,0.72947322312540941,1.1357761016812555,0.82892483350934187,160.79999999951551,-70.011699236225525,13.76391561593119,-4.0433831513629555,-0.41064321492385447,0.0013408535894017248,-0.00022124101216169922,-0.1635267421806213,-0.42532612997977071,-0.42532612997977071,0,0,-10.832250471522389,-1,-324.08034958291228,-418.58916900642669,3,14717375404397494500,14862157454233868853
55,1280000055000,ok,3,10,4092,4092,0,4092,1,0,3920048.5092478604,343121.42002473178,5002786.778338599,23008.250000000884,2.040425529722743e-09,2.0094215447265092e-17,1.3395381539148761,0.74806766780512013,1.3341240545744262,1.1460924626527991,161.00000000129279,-70.149021578243975,13.782414719024402,-4.0420258944024301,-0.41090552267537761,0.0013572569605253548,-0.00026230775152313868,-0.19090950444923371,-0.45270889224838312,-0.45270889224838312,0,0,-10.729172237700865,-1,-323.84143454180719,-418.56388894494478,3,14718642041058590948,14862720403777782657
56,1280000056000,ok,3,12,4095,4095,0,4095,1,0,3920048.6166171157,343121.63018228963,5002786.7030323567,23008.400000000231,2.8452374630643926e-09,9.120687359776671e-17,0.84379387245104553,0.7294732237950885,1.1357761015056458,0.82892483309498499,161.19999999900142,-70.294104448942662,13.800200887325829,-4.0406527701417785,-0.411207570933736,0.0013731242606516147,-0.00030204825835838944,-0.21652315877788364,-0.47832254657703305,-0.47832254657703305,0,0,-10.623919626879154,-1,-323.59947090644124,-418.53131482043608,3,14719908677585469668,14871164652980820917
57,1280000057000,ok,3,12,4095,4095,0,4095,1,0,3920048.7294546505,343121.84081826353,5002786.6225237334,23008.549999999399,1.5208433958286904e-09,1.1882506685244708e-17,0.84379387084157609,0.72947322417540839,1.1357761016192325,0.82892483301442721,161.40000000026444,-70.446715748452249,13.817266992672366,-4.0392643373524511,-0.41154797238151686,0.0013884327893274317,-0.00034040144778085812,-0.24042721938526476,-0.50222660718441414,-0.50222660718441414,0,0,-10.516529695916899,-1,-323.35454541094077,-418.49161621728962,3,14721175314045239524,14871727594883305797
58,1280000058000,ok,3,12,4095,4095,0,4095,1,0,3920048.8475646307,343122.05191551533,5002786.5369576663,23008.699999999993,1.0753986783132436e-09,2.1684043449710089e-17,0.84379386920433341,0.72947322458548114,1.1357761018637447,0.82892483301759146,161.60000000024351,-70.606611335239577,13.83360621858241,-4.0378611771693764,-0.41192528150006263,0.0014031601830746254,-0.00037730911854577664,-0.26268585717091536,-0.52448524497006477,-0.52448524497006477,0,0,-10.407041937323214,-1,-323.10674906787688,-418.44497424905268,3,14722477134742880484,17023885266308041063
59,1280000059000,ok,3,12,4095,4095,0,4095,1,0,3920048.9707422354,343122.26345612563,5002786.4464864889,23008.850000001596,2.1507973566264873e-09,4.4931479661720268e-17,0.84379386754161367,0.72947322502484135,1.1357761022364827,0.82892483310387022,161.79999999902026,-70.773535405955897,13.849212023739753,-4.0364438925090305,-0.41233799738849619,0.0014172846603459632,-0.00041271588843355689,-0.28336566334104907,-0.54516505114019842,-0.54516505114019842,0,0,-10.295498218118647,-1,-322.85617711243913,-418.39158139253374,3,14723778955373412580,17024448087951413705
60,1280000060000,ok,3,12,4095,4095,0,4095,1,0,3920049.0987740057,343122.47542142303,5002786.351269694,23008.99999999769,3.2261960349397309e-09,1.033921622565645e-16,0.84379386585579186,0.72947322549299243,1.1357761027345945,0.82892483327258681,162.00000000044662,-70.947220916725115,13.86407816976434,-4.0350131074999362,-0.41278456682641479,0.0014307850090942154,-0.00044656943791859804,-0.30253406656330739,-0.56433345436245674,-0.56433345436245674,0,0,-10.181942775274331,-1,-322.60292894343308,-418.33164126009393,3,14725098368122880228,17032892337216867088
61,1280000061000,ok,3,12,4095,4095,0,4095,1,0,3920049.2314381734,343122.68779200199,5002786.2514736643,23009.149999999903,1.5208433958286904e-09,1.3248409675940785e-17,0.84379386414931634,0.72947322598940778,1.1357761033550786,0.82892483352299728,162.200000001154,-71.127390008882898,13.878198712277154,-4.033569466959575,-0.41326338736314117,0.0014436405403612795,-0.00047882053672637648,-0.32025797441718729,-0.58205736221633675,-0.58205736221633675,0,0,-10.066422183229824,-1,-322.34710807491047,-418.26536836269497,3,14726435372924174564,17033455286635516536
62,1280000062000,ok,3,10,4092,4092,0,4092,1,0,3920049.3685050108,343122.90054776438,5002786.1472713975,23009.300000000159,2.8855974571462102e-09,6.7151728067095269e-17,1.3395381142666201,0.74806766415919212,1.3341240569701622,1.1460924404425845,162.40000000161558,-71.313754454778802,13.891568000548649,-4.0321136357129879,-0.4137728104379832,0.0014558312465871026,-0.00050942307484203031,-0.33660269445658358,-0.59840208225573299,-0.59840208225573299,0,0,-9.948985314542897,-1,-322.08882205866018,-418.19298785660942,3,14727772377591251172,17168000317489416864
63,1280000063000,ok,3,12,4095,4095,0,4095,1,0,3920049.5097371824,343123.11366794351,5002786.0388422376,23009.449999998858,1.862645149230957e-09,1.9341631348661163e-17,0.84379386068454099,0.72947322706478046,1.1357761049504542,0.82892483426560049,162.59999999931335,-71.506016101851131,13.904180682888974,-4.030646298005788,-0.41431114450518325,0.0014673377071998672,-0.0005383340672000525,-0.35163115564020614,-0.61343054343935555,-0.61343054343935544,0,0,-9.8296833134581423,-1,-321.8281824221425,-418.11473527384811,3,14729126974444372196,17168563266904181017
64,1280000064000,ok,3,12,4095,4095,0,4095,1,0,3920049.6548901503,343123.32713114953,5002785.9263715688,23009.600000000988,2.6341780319308772e-09,8.5403706521400066e-17,0.84379385893147141,0.72947322764254396,1.1357761059186517,0.82892483475598522,162.79999999865854,-71.703867381841846,13.916031716838489,-4.0291681566769588,-0.41487665842570498,0.0014781413288291745,-0.00056551392052173188,-0.36540343431475281,-0.62720282211390221,-0.62720282211390221,0,0,-9.7085695518430484,-1,-321.56530456264949,-418.03085619358575,3,14730499163349319908,17177007516169851027
65,1280000065000,ok,3,12,4095,4095,0,4095,1,0,3920049.8037125356,343123.54091539123,5002785.8100505359,23009.749999999287,1.862645149230957e-09,2.8187102750055108e-17,0.84379385716820055,0.72947322824618532,1.1357761069958461,0.82892483532445072,163.00000000124243,-71.906991768549517,13.927116371062112,-4.0276799325403001,-0.4154675846022825,0.0014882241366587223,-0.000590926176577522,-0.37797623538722352,-0.63977562318637293,-0.63977562318637293,0,0,-9.5856995958555622,-1,-321.30030767787991,-417.94160594111401,3,14731871352254267620,17177537627342766865
66,1280000066000,ok,3,12,4095,4095,0,4095,1,0,3920049.9559465256,343123.7549981043,5002785.6900756992,23009.900000000853,2.4046645476218417e-09,4.2642608408695317e-17,0.8437938553974873,0.72947322887504262,1.1357761081783782,0.82892483596994493,163.19999999848815,-72.115064311409114,13.937430204937336,-4.0261823635682674,-0.41608212246027659,0.0014975689720326812,-0.00061453785799409077,-0.38940278717533572,-0.65120217497448518,-0.65120217497448518,0,0,-9.4611311351019936,-1,-321.03331466202235,-417.84724921545569,3,14733243540957888740,14718009280339401259
67,1280000067000,ok,3,12,4095,4095,0,4095,1,0,3920050.1113282684,343123.96935621521,5002785.5666487375,23010.049999998093,2.6341780319308772e-09,5.4630589390603883e-17,0.84379385362214199,0.72947322952843252,1.1357761094624774,0.82892483669135975,163.40000000086297,-72.327752133141217,13.946969080345372,-4.0246762039536961,-0.41671844161727439,0.0015061596145713452,-0.00063631915699779995,-0.3997324714025382,-0.66153185920168767,-0.66153185920168756,0,0,-9.3349239279952521,-1,-320.76445197605682,-417.74805974873266,3,14734633321847554276,14718572222241868526
68,1280000068000,ok,3,12,4095,4095,0,4095,1,0,3920050.2695883401,343124.18396614067,5002785.4399761437,23010.200000001798,2.1507973566264873e-09,3.5051312634320729e-17,0.84379385184501687,0.72947323020564581,1.1357761108442626,0.82892483748752976,163.59999999667266,-72.544714983122446,13.955729207541587,-4.0231622233876649,-0.41737468545135742,0.0015139805660311367,-0.00065624383408302567,-0.40901102827449143,-0.67081041607364078,-0.67081041607364078,0,0,-9.2071397950315017,-1,-320.49384955214487,-417.64431986839691,3,14736040694923264228,14727016457477310778
69,1280000069000,ok,3,10,4092,4092,0,4092,1,0,3920050.4304520972,343124.39880386641,5002785.3102688305,23010.349999996775,2.040425529722743e-09,1.6390919256455404e-17,1.3395380682717384,0.74806766160044058,1.3341240640902798,1.1460924179346084,163.79999999977073,-72.765605762790059,13.963707055717531,-4.0216412059235322,-0.41804897427411536,0.0015210174641326901,-0.00067428882275794022,-0.41728022167558571,-0.67907960947473511,-0.67907960947473511,0,0,-9.0778424569824203,-1,-320.22164063300454,-417.53632013558769,3,14737430475745820900,14727579406895946233
70,1280000070000,ok,3,12,4095,4095,0,4095,1,0,3920050.593640198,343124.61384494207,5002785.1777418628,23010.500000000058,1.0753986783132436e-09,9.6373526443155962e-18,0.84379384829705395,0.72947323162861089,1.1357761138848748,0.82892483929923388,163.99999999908155,-72.990071099108107,13.97089946066454,-4.0201139492105806,-0.41873940891848527,0.001527256712951619,-0.00069043464436990831,-0.42457819307716133,-0.68637758087631073,-0.68637758087631073,0,0,-8.9470975757454685,-1,-319.94796165971457,-417.4243588528737,3,14738837848687313124,14862124317482975789
71,1280000071000,ok,3,12,4095,4095,0,4095,1,0,3920050.7588689686,343124.82906455471,5002785.0426140428,23010.649999999805,1.862645149230957e-09,3.1726849214150442e-17,0.84379384653211398,0.72947323237284634,1.1357761155354649,0.82892484031219238,164.19999999989645,-73.217751892457969,13.97730352690278,-4.0185812632906304,-0.4194440739316358,0.0015326859199502607,-0.00070466501315052943,-0.43093920190407359,-0.692738589703223,-0.692738589703223,0,0,-8.8149725769454914,-1,-319.67295209527026,-417.30874165864861,3,14740262813814849764,14862687266901381866
72,1280000072000,ok,3,12,4095,4095,0,4095,1,0,3920050.9258509073,343125.04443754675,5002784.9051076043,23010.800000002098,1.5208433958286904e-09,1.1363771825496847e-17,0.84379384477718244,0.72947323313787704,1.1357761172672782,0.82892484139476208,164.39999999777993,-73.44828390182856,13.982916697229982,-4.0170439696265037,-0.42016104105185481,0.0015372936641266932,-0.00071696712021901421,-0.43639392366023955,-0.69819331145938901,-0.6981933114593889,0,0,-8.6815366370233935,-1,-319.39675427402938,-417.18978101922835,3,14741670186689233124,14871131516167524474
73,1280000073000,ok,3,12,4095,4095,0,4095,1,0,3920051.0942951255,343125.2599384769,5002784.7654478373,23010.950000003773,2.8452374630643926e-09,7.096054803791641e-17,0.84379384303527738,0.72947323392290142,1.1357761190760001,0.8289248425455461,164.60000000088749,-73.681298326457139,13.987736729675593,-4.015502899862903,-0.42088837249612782,0.0015410697636006887,-0.000727331444273005,-0.4409693783191122,-0.70276876611826156,-0.70276876611826156,0,0,-8.546860564771162,-1,-319.11951320779997,-417.06779574961092,3,14743095151682552036,14871694458066092287
74,1280000074000,ok,3,12,4095,4095,0,4095,1,0,3920051.2639078042,343125.47554163006,5002784.6238627173,23011.100000001439,3.0416867916573809e-09,8.9229996588138273e-17,0.8437938413094318,0.72947323472710346,1.1357761209572457,0.82892484376310605,164.799999999969,-73.916422393110565,13.991761687134552,-4.0139588948098037,-0.42162412433167828,0.0015440050530992622,-0.00073575183555046886,-0.44468913390368398,-0.70648852170283338,-0.70648852170283338,0,0,-8.4110167124343285,-1,-318.84137642801522,-416.94311049341854,3,14744520116742979812,17023852129490342788
75,1280000075000,ok,3,12,4095,4095,0,4095,1,0,3920051.4343926823,343125.69122109131,5002784.4805825669,23011.249999999629,2.1507973566264873e-09,4.7073910058104436e-17,0.84379383960269472,0.72947323554965482,1.1357761229065702,0.82892484504596609,164.99999999957635,-74.153279952606937,13.994989973222168,-4.0124128030635049,-0.422366349690803,0.0015460917462988277,-0.00074222535912471521,-0.4475732357942277,-0.70937262359337705,-0.70937262359337705,0,0,-8.2740788927040967,-1,-318.56249375627851,-416.81605520228112,3,14745945081736298724,17024413026995949841
76,1280000076000,ok,3,10,4092,4092,0,4092,1,0,3920051.6054514996,343125.9069507675,5002784.3358396487,23011.399999996192,1.666000468656264e-09,1.7637151814522687e-17,1.3395380195575644,0.74806765999204461,1.334124075265648,1.1460923968959014,165.20000000093953,-74.39149207986901,13.997420284612055,-4.0108654798330949,-0.42311310204679525,0.0015473232304099582,-0.00074675235599225287,-0.4496383899193791,-0.71143777771852856,-0.71143777771852856,0,0,-8.13612224027802,-1,-318.28301711506515,-416.68696459480134,3,14747370046729617636,17032857276261630358
77,1280000077000,ok,3,12,4095,4095,0,4095,1,0,3920051.7767845122,343126.1227044306,5002784.1898678187,23011.549999998333,1.5208433958286904e-09,9.0852705435839443e-18,0.84379383625877802,0.72947323724642932,1.1357761269914319,0.82892484780151487,165.40000000023852,-74.630677694863138,13.999051656512894,-4.0093177856094506,-0.42386243849281313,0.0015476942236443136,-0.00074933644601787863,-0.45089801656793083,-0.71269740436708018,-0.71269740436708018,0,0,-7.9972231382179215,-1,-318.00310029960633,-416.55617757760763,3,14748795011655827684,17033420225617646359
78,1280000078000,ok,3,12,4095,4095,0,4095,1,0,3920051.9480909365,343126.33845576848,5002784.0429021502,23011.700000000252,0,0,0.8437938346277204,0.72947323811893894,1.1357761291178499,0.82892484927108834,165.60000000048973,-74.870454146099505,13.999883441075237,-4.0077705848189868,-0.42461242273346844,0.0015472007904637763,-0.00074998424065531033,-0.45136217901653236,-0.71316156681568177,-0.71316156681568177,0,0,-7.857459083096284,-1,-317.72289874872081,-416.4240367068785,3,14750237568835191012,17167965256464204745
79,1280000079000,ok,3,12,4095,4095,0,4095,1,0,3920052.119069438,343126.5541784176,5002783.8951785332,23011.850000003113,2.4046645476218417e-09,5.0276599319889952e-17,0.84379383302800426,0.72947323900637362,1.1357761312941239,0.82892485079973699,165.80000000151995,-75.11043784325922,13.999915293451831,-4.0062247444450305,-0.42536112830520934,0.0015458403739563309,-0.00074870557174089303,-0.45103776729831735,-0.71283715509746681,-0.71283715509746681,0,0,-7.7169085520422565,-1,-317.44256930561835,-416.29088758608196,3,14751662533828509924,17168528205882638670
80,1280000080000,ok,3,12,4095,4095,0,4095,1,0,3920052.2894186247,343126.76984600729,5002783.746933328,23012.000000000095,2.6341780319308772e-09,8.8658990081257781e-17,0.8437938314626745,0.72947323990785862,1.135776133515622,0.82892485238583735,166.00000000101556,-75.350244861012413,13.999147203898158,-4.0046811326278693,-0.42610664155838002,0.0015436118171612279,-0.00074551325317068207,-0.4499284278540473,-0.71172781565319676,-0.71172781565319676,0,0,-7.5756509058838963,-1,-317.16226996763464,-416.1570782774009,3,14753087498821828836,17176972455148294619
81,1280000081000,ok,3,12,4095,4095,0,4095,1,0,3920052.4588375296,343126.98543220636,5002783.5984029751,23012.149999998117,2.4046645476218417e-09,6.8440781710139118e-17,0.84379382993475815,0.72947324082251197,1.1357761357776976,0.82892485402774196,166.19999999902205,-75.589491560814423,13.997579488371265,-4.0031406171770758,-0.42684706465386196,0.0015405154507934782,-0.00074042309548194574,-0.44803459590489569,-0.70983398370404505,-0.70983398370404505,0,0,-7.4337662464748444,-1,-316.88215961946628,-416.02295869690442,3,14754494871629103332,17177535276913017695
82,1280000082000,ok,3,12,4095,4095,0,4095,1,0,3920052.627026076,343127.20091076457,5002783.4498235993,23012.300000003041,2.6341780319308772e-09,5.8645879824810082e-17,0.84379382844726525,0.72947324174944939,1.1357761380756943,0.82892485572378527,166.39999999858696,-75.827795202984134,13.995212764445036,-4.0016040640966315,-0.42758051845263123,0.0015365530804443139,-0.00073345379876926797,-0.44535347625899968,-0.70715286405814903,-0.70715286405814903,0,0,-7.291335260524372,-1,-316.60239776595353,-415.88888001124496,3,14755919836555313380,14718006929909881504
83,1280000083000,ok,3,10,4092,4092,0,4092,1,0,3920052.7936855736,343127.41625554947,5002783.3014306631,23012.450000003595,2.040425529722743e-09,2.6218341911256115e-17,1.3395379721212834,0.74806765916399665,1.334124089678282,1.1460923792102735,166.59999999925967,-76.064774552211702,13.99204798473076,-4.000072336133166,-0.42830514532303043,0.0015317279634654568,-0.00072462687039920315,-0.44187902597851236,-0.70367841377766172,-0.70367841377766172,0,0,-7.1484391134026328,-1,-316.32314426079938,-415.75519402043085,3,14757327209429696740,14718569871812122672
84,1280000084000,ok,3,12,4095,4095,0,4095,1,0,3920052.9585191733,343127.63144058757,5002783.1534585701,23012.60000000221,2.1507973566264873e-09,4.8859920581822613e-17,0.84379382560545135,0.72947324363662824,1.1357761427608359,0.8289248592715428,166.79999999851691,-76.300050481055564,13.98808640490606,-3.9985462912634104,-0.42901911185597186,0.001526044869755605,-0.00071396653294142354,-0.43760189695965057,-0.69940128475880003,-0.69940128475880003,0,0,-7.0051592788193169,-1,-316.04455902532271,-415.62225254973191,3,14758734582304080100,14727014121078261984
85,1280000085000,ok,3,12,4095,4095,0,4095,1,0,3920053.1212323932,343127.84644011868,5002783.0061402973,23012.749999998628,1.862645149230957e-09,3.4179020053648519e-17,0.84379382425700133,0.72947324459509411,1.1357761451386956,0.82892486111985109,166.99999999996234,-76.533246613593931,13.983329619753771,-3.9970267810332181,-0.42972061170109788,0.0015195102301923669,-0.00070149984512601904,-0.43250945911970795,-0.69430884691885741,-0.6943088469188573,0,0,-6.8615774118055795,-1,-315.76680173090602,-415.49040679026814,3,14760141955245572324,14727577069494753908
86,1280000086000,ok,3,12,4095,4095,0,4095,1,0,3920053.2815335337,343128.06122861762,5002782.8597070323,23012.899999999823,2.1507973566264873e-09,5.2422817306223099e-17,0.84379382296070859,0.72947324556229609,1.135776147533921,0.82892486301549129,167.19999999885206,-76.763989875669367,13.977779533314486,-3.9955146491989257,-0.43040786793029773,0.0015121318342923296,-0.00068725622919985074,-0.42658560665369621,-0.68838499445284562,-0.68838499445284551,0,0,-6.7177751903793039,-1,-315.49003153777858,-415.36000672029138,3,14761531736001020132,14727614599487327131
87,1280000087000,ok,3,12,4095,4095,0,4095,1,0,3920053.4391341754,343128.27578085347,5002782.7143877828,23013.050000001749,2.1507973566264873e-09,3.4739318390924214e-17,0.84379382171940753,0.72947324653735257,1.1357761499419279,0.82892486495673978,167.39999999768111,-76.991911130546526,13.971438359133366,-3.9940107300061647,-0.43107913569878548,0.0015039191927610496,-0.00067126776848774883,-0.4198108017317107,-0.68161018953086017,-0.68161018953086006,0,0,-6.5738341480803877,-1,-315.21440676129356,-415.23140045094391,3,14762921516823576804,14862159637827832154
88,1280000088000,ok,3,12,4095,4095,0,4095,1,0,3920053.5937496345,343128.49007192301,5002782.5704090344,23013.199999995075,3.0416867916573809e-09,9.4886014390690495e-17,0.84379382053588403,0.72947324751938492,1.1357761523581653,0.82892486694186795,167.59999999983322,-77.216645749148654,13.964308632033198,-3.992515846708272,-0.43173270457630936,0.0014948832978927129,-0.00065356887752388015,-0.41216192385042427,-0.67396131164957374,-0.67396131164957374,0,0,-6.4298355365315469,-1,-314.94008457728,-415.10493361607519,3,14764293705527197924,14862722587745603740
89,1280000089000,ok,3,12,4095,4095,0,4095,1,0,3920053.7450994402,343128.70407728147,5002782.4279943826,23013.350000001308,1.862645149230957e-09,5.4808062085691209e-17,0.84379381941287024,0.72947324850752182,1.1357761547781262,0.82892486896914575,167.79999999855741,-77.437834213707333,13.956393212900458,-3.9910308100163441,-0.43236690100165637,0.001485036691927899,-0.00063419642534701115,-0.40361228663815935,-0.66541167443730875,-0.66541167443730875,0,0,-6.2858601738063351,-1,-314.66722071166532,-414.98094872726688,3,14765665894230819044,14871166828995969794
90,1280000090000,ok,3,10,4092,4092,0,4092,1,0,3920053.8929077424,343128.91777280119,5002782.2873641765,23013.500000001593,1.1780402288468105e-09,4.8020027016659024e-18,1.3395379300213075,0.74806765892704741,1.3341241064279237,1.1460923667355551,167.99999999994668,-77.655122660887002,13.947695260366228,-3.9895564165064532,-0.43298009031283807,0.00147439350989087,-0.0006131893111817055,-0.39413135613296618,-0.65593074393211559,-0.65593074393211559,0,0,-6.1419882583269176,-1,-314.39596912099262,-414.85978459883449,3,14767038083068657892,14871729778440066004
91,1280000091000,ok,3,12,4095,4095,0,4095,1,0,3920054.0369037949,343129.13113479002,5002782.1487351712,23013.649999997629,2.6341780319308772e-09,6.3481229767459778e-17,0.84379381735901049,0.72947325049865896,1.1357761596114484,0.82892487314324292,168.19999999909356,-77.868163476724888,13.938218254788499,-3.9880934471296032,-0.43357067909297109,0.0014629693768499763,-0.00059058878013301674,-0.38368492917460956,-0.64548431697375896,-0.64548431697375896,0,0,-5.9982992357580116,-1,-314.12648168431537,-414.74177569633696,3,14768375087534407908,17023887322060163832
92,1280000092000,ok,3,12,4095,4095,0,4095,1,0,3920054.1768223792,343129.34414004936,5002782.0123201879,23013.800000003957,3.4007092162045721e-09,1.0268739725206686e-16,0.84379381643332207,0.7294732514999569,1.1357761620160725,0.82892487528661829,168.40000000097021,-78.076615842550495,13.927965993390405,-3.9866426656054204,-0.43413711713154518,0.0014507815241828759,-0.00056643803857409081,-0.37223487806395344,-0.63403426586310285,-0.63403426586310285,0,0,-5.8548716284535383,-1,-313.85890787237486,-414.62725154900465,3,14769712092134375652,17024450271977720180
93,1280000093000,ok,3,12,4095,4095,0,4095,1,0,3920054.3124042219,343129.55676588835,5002781.8783277599,23013.950000000434,2.6341780319308772e-09,8.0274766448295165e-17,0.84379381557845057,0.72947325250395756,1.1357761644069591,0.82892487746526211,168.5999999982532,-78.280146281012264,13.916942567754099,-3.9852048170217489,-0.43467789944609869,0.0014378485836714638,-0.00054078231455351178,-0.35973925161045467,-0.62153863940960408,-0.62153863940960408,0,0,-5.7117828670549606,-1,-313.59339445282035,-414.51653614692168,3,14771049096734343396,17032894520744268168
94,1280000094000,ok,3,12,4095,4095,0,4095,1,0,3920054.4433964235,343129.76899019006,5002781.7469618265,23014.100000004288,3.7252902984619141e-09,1.2891385876279858e-16,0.84379381479679616,0.7294732535098386,1.1357761667799189,0.82892487967747475,168.79999999979381,-78.478429186667199,13.905152389529214,-3.983780626219104,-0.43519156807969506,0.0014241908026448868,-0.00051366863359636472,-0.34615214864049437,-0.60795153643964372,-0.60795153643964384,0,0,-5.5691091423504053,-1,-313.33008514891009,-414.40994736188304,3,14772350917096440036,17033457494745155774
95,1280000095000,ok,3,12,4095,4095,0,4095,1,0,3920054.5695528607,343129.98079141515,5002781.6184214018,23014.250000000709,0,0,0.84379381409067822,0.72947325451679101,1.1357761691308446,0.82892488192157043,168.99999999928698,-78.671147344886322,13.892600176283963,-3.9823707964941231,-0.435676713947239,0.0014098297249809377,-0.00048514586754394573,-0.33142393412939614,-0.59322332192854554,-0.59322332192854554,0,0,-5.4269252507845591,-1,-313.06912035734194,-414.30779636242801,3,14773652737458536676,17168002533015444336
96,1280000096000,ok,3,12,4095,4095,0,4095,1,0,3920054.6906345896,343130.19214865868,5002781.4929002514,23014.399999996582,3.7252902984619141e-09,1.3808991716996089e-16,0.84379381346233373,0.7294732555240202,1.1357761714557189,0.8289248841958784,169.19999999667843,-78.857992452224053,13.879290946773217,-3.980976008045102,-0.43613197854382474,0.0013947884490210782,-0.00045526459658573604,-0.31550128836269548,-0.57730067616184488,-0.57730067616184488,0,0,-5.2853044228196282,-1,-312.81063681486546,-414.2103870449061,3,14774936965768806628,17168565482933240725
97,1280000097000,ok,3,10,4092,4092,0,4092,1,0,3920054.8064102246,343130.40304168663,5002781.3705866029,23014.550000001516,2.8855974571462102e-09,4.676745553431519e-17,1.3395378970607317,0.74806765908733153,1.3341241246016986,1.1460923611582516,169.40000000152628,-79.038665593864408,13.865230027582008,-3.979596916608783,-0.43655605546405779,0.0013790914363189799,-0.00042407692023305188,-0.29832742235849324,-0.56012681015764265,-0.56012681015764265,0,0,-5.1443181776742399,-1,-312.55476729696858,-414.11801549519782,3,14776221194213294308,17177007679779150770
98,1280000098000,ok,3,12,4095,4095,0,4095,1,0,3920054.9166563181,343130.61345093732,5002781.2516628383,23014.700000000543,3.0416867916573809e-09,1.0931715350012795e-16,0.84379381244747786,0.72947325753621406,1.1357761760117278,0.82892488882854121,169.60000000133346,-79.212877731798073,13.850423043333915,-3.9782341522506233,-0.43694769203646983,0.0013627643581597404,-0.0003916365724120352,-0.27984260762578017,-0.54164199542492963,-0.54164199542492963,0,0,-5.0040361770839459,-1,-312.30164034418306,-414.03096943113155,3,14777470238285693156,17177570629227647237
99,1280000099000,ok,3,12,4095,4095,0,4095,1,0,3920055.0211577155,343130.82335759158,5002781.1363052065,23014.850000002636,1.0753986783132436e-09,4.2832678419180427e-18,0.84379381206499071,0.72947325853967471,1.1357761782353286,0.8289248911836522,169.80000000049515,-79.380350164789434,13.834875912042168,-3.976888317886806,-0.43730569064904962,0.0013458343638172998,-0.00035799861257979071,-0.25998451165063713,-0.52178389944978654,-0.52178389944978654,0,0,-4.8645260574734648,-1,-312.05137993601988,-413.94952769591396,3,14778719282425200868,14718042274678753584
100,1280000100000,ok,3,12,4095,4095,0,4095,1,0,3920055.1197079085,343131.03274358244,5002781.0246835575,23014.999999998116,3.5666939160091359e-09,1.2845256452564529e-16,0.84379381176832002,0.72947325954040665,1.1357761804178206,0.82892489356249266,169.99999999917836,-79.540814970482913,13.818594852507516,-3.9755599881512387,-0.43762891011680904,0.0013283297355672907,-0.000323219467759428,-0.23868909416216494,-0.50048848196131435,-0.50048848196131435,0,0,-4.7258533039243984,-1,-311.80410522653006,-413.87395974552385,3,14779933142393946340,14718605224596525421
101,1280000101000,ok,3,12,4095,4095,0,4095,1,0,3920055.2121093762,343131.2415916312,5002780.9169610729,23015.149999999227,3.5666939160091359e-09,1.0440798104416258e-16,0.84379381155923139,0.72947326053770611,1.1357761825557215,0.82892489596350172,170.19999999950716,-79.694015441166727,13.80158638321501,-3.9742497081597108,-0.43791626695383046,0.0013102799915278851,-0.00028735683702141301,-0.21589157765552275,-0.47769096545467216,-0.47769096545467216,0,0,-4.5880811064625897,-1,-311.55993025987675,-413.80452515439316,3,14781147002429800676,14727049473370898566
102,1280000102000,ok,3,12,4095,4095,0,4095,1,0,3920055.2981738914,343131.44988526852,5002780.8132940009,23015.299999999112,1.862645149230957e-09,2.3270072268763507e-17,0.84379381143938803,0.72947326153089143,1.13577618464567,0.8289248983851466,170.39999999990675,-79.839706489168833,13.783857302232541,-3.9729579924174652,-0.43816673652672711,0.0012917157422456249,-0.00025046957289664995,-0.19152774905670353,-0.45332713685585291,-0.45332713685585296,0,0,-4.451270212749443,-1,-311.31896371290208,-413.74147314954621,3,14782343270413828324,14727612295043619038
103,1280000103000,ok,3,12,4095,4095,0,4095,1,0,3920055.3777228389,343131.6576088682,5002780.7138314247,23015.449999997774,1.0753986783132436e-09,5.4210108624275222e-18,0.84379381141034582,0.72947326251930267,1.1357761866844363,0.82892490082592585,170.60000000097517,-79.977655041409747,13.765414702366591,-3.9716853237152803,-0.43837935413562695,0.0012726687021848981,-0.00021261760889984549,-0.16553561769993519,-0.4273350054990846,-0.4273350054990846,0,0,-4.3154788097895507,-1,-311.08130863203718,-413.68504215494556,3,14783521946278920420,14862157333376565745
104,1280000104000,ok,3,10,4092,4092,0,4092,1,0,3920055.4505874924,343131.8647476639,5002780.6187150273,23015.600000000628,3.1168014799582793e-09,6.6857588586830463e-17,1.3395378764875507,0.74806765946054821,1.3341241433414512,1.1460923638569696,170.79999999801774,-80.1076404027514,13.746265956029678,-3.9704321521818251,-0.43855321598507302,0.0012531715334551663,-0.00017386184944606642,-0.13785746842625207,-0.39965685622540148,-0.39965685622540148,0,0,-4.180762393799931,-1,-310.84706220110331,-413.63545936701689,3,14784665437839032548,14862720283294339314
105,1280000105000,ok,3,12,4095,4095,0,4095,1,0,3920055.5166093218,343132.07128779549,5002780.5280788727,23015.750000000633,2.1507973566264873e-09,3.8595443605915944e-17,0.84379381163033096,0.72947326447927929,1.1357761905961561,0.82892490575903421,171.00000000047604,-80.229454635190393,13.72641873376006,-3.9691988941947351,-0.43868748018445008,0.0012332579870899529,-0.00013426419937706546,-0.10844242067918598,-0.37024180847833538,-0.37024180847833538,0,0,-4.0471736557361941,-1,-310.61631547971876,-413.59294032148193,3,14785808929600471268,14871164524545179815
106,1280000106000,ok,3,12,4095,4095,0,4095,1,0,3920055.5756402002,343132.2772162928,5002780.4420491885,23015.899999997364,3.5666939160091359e-09,1.0477271966015792e-16,0.84379381188190883,0.72947326544964353,1.1357761924633254,0.8289249082485235,171.19999999763147,-80.342902853005626,13.705880959441863,-3.9679859317641251,-0.43878136748382873,0.0012129624306100872,-9.3887299378647704e-05,-0.077249275604021034,-0.33904866340317041,-0.33904866340317041,0,0,-3.9147623565211003,-1,-310.38915323507752,-413.55768853241881,3,14786917237056930020,14871727473989278182
107,1280000107000,ok,3,12,4095,4095,0,4095,1,0,3920055.6275427002,343132.48252114141,5002780.3607442006,23016.049999999952,2.4046645476218417e-09,4.1431127918496007e-17,0.84379381222938332,0.72947326641283305,1.1357761942677516,0.82892491075146901,171.39999999837522,-80.447803561830852,13.684660864845519,-3.9667936114886917,-0.43883416207604647,0.0011923202754333673,-5.2794592217741965e-05,-0.044249964117324563,-0.30604935191647398,-0.30604935191647398,0,0,-3.7835752480864122,-1,-310.16565368629472,-413.52989510240144,3,14788025544647606500,17023852307138005429
108,1280000108000,ok,3,12,4095,4095,0,4095,1,0,3920055.6721902858,343132.68719126796,5002780.2842738992,23016.199999999066,2.1507973566264873e-09,3.3005255764379719e-17,0.84379381267373388,0.72947326736831253,1.1357761960069068,0.82892491326654261,171.5999999998171,-80.543988952168021,13.662766922297354,-3.9656222439840243,-0.43884521236544088,0.0011713675046673977,-1.1050289394409774e-05,-0.009433385820040191,-0.27123277361918963,-0.27123277361918963,0,0,-3.6536559336808851,-1,-309.94588834693104,-413.50973837298,3,14789098667933303012,17024415257055779226
109,1280000109000,ok,3,12,4095,4095,0,4095,1,0,3920055.709467533,343132.89121657016,5002780.2127399305,23016.350000001501,1.862645149230957e-09,2.4929565389914788e-17,0.84379381321582037,0.72947326831557158,1.1357761976784158,0.82892491579245686,171.79999999796877,-80.631305141232687,13.640207896533528,-3.964472103254677,-0.43881393142387365,0.001150140729347271,3.1280941567235487e-05,0.027190787454713521,-0.2346086003444359,-0.2346086003444359,0,0,-3.525044826510479,-1,-309.72992184912181,-413.497383621339,3,14790171791420326116,17032859505947593155
110,1280000110000,ok,3,12,4095,4095,0,4095,1,0,3920055.739270322,343133.09458794503,5002780.1462354055,23016.500000002707,1.0753986783132436e-09,1.1469246122160707e-17,0.84379381385637653,0.72947326925412881,1.1357761992800584,0.82892491832796267,171.99999999914621,-80.709612443615583,13.616992812699756,-3.9633434260292861,-0.43873979761508952,0.001128677225390895,7.4133808784127009e-05,0.065587817866529327,-0.19621156993262007,-0.19621156993262007,0,0,-3.3977790327312274,-1,-309.51781176769822,-413.49298274644099,3,14791209730602369252,17033422447879412094
111,1280000111000,ok,3,10,4092,4092,0,4092,1,0,3920055.761506001,343133.29729728401,5002780.0848447625,23016.649999999805,2.6341780319308772e-09,4.9603441959645321e-17,1.3395378707350354,0.74806765988459922,1.334124161903574,1.1460923757853241,172.20000000077226,-80.778785584272597,13.59313094902317,-3.9622364114028281,-0.43862235504680341,0.0011070146264580139,0.000117442568286108,0.10569410101263267,-0.15610528678651675,-0.15610528678651675,0,0,-3.2718922855474872,-1,-309.30960850180952,-413.49667399790781,3,14792230077732585700,17167967486216274016
112,1280000112000,ok,3,12,4095,4095,0,4095,1,0,3920055.7760935514,343133.4993374956,5002780.0286436537,23016.800000001185,2.1507973566264873e-09,4.8521393521727825e-17,0.84379381543521625,0.7294732711033528,1.1357762022656634,0.82892492342297008,172.39999999956609,-80.838713899436812,13.568631849594414,-3.96115122040763,-0.43846121394136922,0.0010851909951981042,0.00016114110543419269,0.14741383573754047,-0.11438555206160894,-0.11438555206160894,0,0,-3.1474148907259791,-1,-309.10535514311772,-413.50858172507071,3,14793232832743866596,17168530436134048017
113,1280000113000,ok,3,12,4095,4095,0,4095,1,0,3920055.7829637318,343133.70070252661,5002779.9776988337,23016.949999999968,1.5208433958286904e-09,1.4379614454382368e-17,0.84379381637433892,0.72947327201319845,1.1357762036459875,0.82892492598018919,172.60000000016746,-80.889301519838071,13.543505325690578,-3.9600879756554468,-0.43825605096096609,0.0010632447521832233,0.00020516298040312853,0.19061659678050691,-0.071182791018642499,-0.071182791018642499,0,0,-3.0243736697499441,-1,-308.90508735988783,-413.52881614742915,3,14794217995770429668,17176974557125319349
114,1280000114000,ok,3,12,4095,4095,0,4095,1,0,3920055.7820591652,343133.90138735448,5002779.9320680434,23017.100000001596,1.0753986783132436e-09,4.2832678419180427e-18,0.84379381741360904,0.72947327291270192,1.1357762049491751,0.82892492854243915,172.79999999985245,-80.930467509997641,13.517761418052924,-3.959046761225006,-0.4380066094189024,0.0010412144304408066,0.00024944154206368863,0.23513636276994443,-0.026663025029204979,-0.026663025029205006,0,0,-2.9027918934569379,-1,-308.70883333229631,-413.55747316771556,3,14795167974492012772,17177537506573814639
115,1280000115000,ok,3,12,4095,4095,0,4095,1,0,3920055.7733344762,343134.10138801148,5002779.8917999417,23017.250000003733,2.4046645476218417e-09,4.9828586688937981e-17,0.8437938185531243,0.72947327380152671,1.1357762061738226,0.82892493110869125,173.00000000072384,-80.962146019793025,13.491410427844141,-3.9580276224256834,-0.43771269953133046,0.0010191387993225831,0.00029390988757194147,0.28077208729809355,0.018972699498944146,0.018972699498944201,0,0,-2.7826892643884973,-1,-308.51661366135892,-413.59463417458528,3,14796117953280704740,14718009152025154317
116,1280000116000,ok,3,12,4095,4095,0,4095,1,0,3920055.7567563416,343134.30070157745,5002779.8569340305,23017.399999996505,3.5666939160091359e-09,1.3380664932804284e-16,0.84379381979285195,0.72947327467936673,1.135776207318695,0.82892493367796527,173.19999999803889,-80.984286369673498,13.464462888676863,-3.9570305658565363,-0.43737419845172887,0.00099705656914705898,0.00033850107960159415,0.32729058586392962,0.065491198064780209,0.065491198064780209,0,0,-2.6640818773588362,-1,-308.3284413403843,-413.64036591212908,3,14797032747965743332,14718572101942954401
117,1280000117000,ok,3,12,4095,4095,0,4095,1,0,3920055.7323035691,343134.4993262068,5002779.8275006209,23017.55000000132,2.8452374630643926e-09,8.0948931435281791e-17,0.84379382113262846,0.72947327554594643,1.1357762083827261,0.82892493624932628,173.40000000025623,-80.996853135507962,13.436929589175072,-3.9560555593497924,-0.43699105027936813,0.00097500650674398059,0.00038314817236073662,0.37443126062938203,0.11263187283023263,0.11263187283023263,0,0,-2.5469822139362259,-1,-308.14432170319185,-413.69472035485973,3,14797929950531846372,14727016350709748008
118,1280000118000,ok,3,10,4092,4092,0,4092,1,0,3920055.6999671287,343134.697261105,5002779.8035207577,23017.700000000259,2.6341780319308772e-09,5.5940424565401416e-17,1.3395378812226397,0.7480676602297428,1.3341241797068071,1.1460923973836632,173.60000000289014,-80.9998262173321,13.408821532135978,-3.9551025322032705,-0.43656326614034791,0.0009530271465219009,0.00042778413902022638,0.42191281015361348,0.16011342235446407,0.16011342235446407,0,0,-2.4313991108451227,-1,-307.96425243428735,-413.75773459627771,3,14798809560979013860,14727577248237132718
119,1280000119000,ok,3,12,4095,4095,0,4095,1,0,3920055.6597501882,343134.89450654382,5002779.7850062344,23017.850000002112,2.1507973566264873e-09,5.1002350978206781e-17,0.84379382411101722,0.72947327724437694,1.1357762102648581,0.82892494139481165,173.80000000057785,-80.993200859942363,13.38014996834784,-3.9541713753719967,-0.43609092400277677,0.00093115683127376059,0.00047234213757113563,0.46944173612086343,0.20764234832171402,0.20764234832171402,0,0,-2.3173377904220156,-1,-307.78822356859791,-413.82943078588744,3,14799671579441463524,14862122286577894255
120,1280000120000,ok,3,12,4095,4095,0,4095,1,0,3920055.6116680917,343135.09106387291,5002779.7719595656,23017.999999998687,1.862645149230957e-09,2.3351752807405412e-17,0.84379382574864703,0.7294732780758304,1.1357762110816851,0.82892494396730909,174.00000000052637,-80.976987653138764,13.35092636250555,-3.953261941731538,-0.43557416844028241,0.00090943364045870112,0.00051675556249436427,0.51672165742891529,0.25492226962976589,0.25492226962976589,0,0,-2.2047998404280937,-1,-307.61621751224243,-413.90981609912626,3,14800498413666042084,14862685236558303422
121,1280000121000,ok,3,12,4095,4095,0,4095,1,0,3920055.5557483765,343135.28693549917,5002779.7643739907,23018.149999998066,2.8452374630643926e-09,7.0041252851288139e-17,0.84379382748435972,0.72947327889523028,1.135776211815124,0.82892494653863891,174.20000000042572,-80.951212541537444,13.321162405604461,-3.9523740465209491,-0.43501321056591735,0.00088789521058885157,0.0005609578743650534,0.56346273884863374,0.30166335104948433,0.30166335104948433,0,0,-2.0937832526663467,-1,-307.44820909705879,-413.99888268307387,3,14801325247957729508,14871129477808687417
122,1280000122000,ok,3,12,4095,4095,0,4095,1,0,3920055.4920307142,343135.48212489398,5002779.7622334957,23018.300000000349,1.5208433958286904e-09,1.0451173534280023e-17,0.84379382931733871,0.7294732797024549,1.1357762124649664,0.82892494910810965,174.40000000085152,-80.915916765457851,13.290869995939371,-3.9515074678061897,-0.4344083276105371,0.00086657871475948056,0.00060488295538024817,0.60939096576727392,0.34759157796812451,0.34759157796812451,0,0,-1.984282437746149,-1,-307.28416564397082,-414.09660768514516,3,14802116898011545828,14871692427256711862
123,1280000123000,ok,3,12,4095,4095,0,4095,1,0,3920055.4205668611,343135.67663658294,5002779.765512879,23018.44999999872,1.0753986783132436e-09,6.1679056923619804e-18,0.84379383124663554,0.729473280497414,1.1357762130311766,0.8289249516750784,174.59999999930341,-80.87115678075692,13.260061260384525,-3.9506619471068123,-0.43375986248811382,0.00084552069937737784,0.00064846512242328069,0.6542559501274956,0.39245656232834619,0.39245656232834619,0,0,-1.876288291784191,-1,-307.12404705758763,-414.20295329253867,3,14802908548199579876,17023849970876584795
124,1280000124000,ok,3,12,4095,4095,0,4095,1,0,3920055.3414205862,343135.87047614926,5002779.7741777617,23018.600000003185,3.0416867916573809e-09,8.0011443287029051e-17,0.84379383327117541,0.72947328128004907,1.1357762135138894,0.82892495423895218,174.79999999991688,-80.817004196097642,13.228748518382947,-3.9498371899400122,-0.43306822345341933,0.00082475716680008304,0.00069163903469449117,0.69783677769223196,0.43603738989308255,0.43603738989308255,0,0,-1.7697882069133515,-1,-306.96780591164168,-414.31786677142736,3,14803665014149742820,17024412920794857878
125,1280000125000,ok,3,10,4092,4092,0,4092,1,0,3920055.2546675843,343136.06365020992,5002779.7881846735,23018.750000004653,1.666000468656264e-09,1.854975010573951e-17,1.3395379082331085,0.74806766040551209,1.3341241963644921,1.1460924285267291,174.99999999727851,-80.753545650201161,13.196944294776888,-3.9490328666465171,-0.43233388357607638,0.00080432329349511278,0.00073433987734294881,0.73994622925638065,0.47814684145723124,0.47814684145723124,0,0,-1.6647661525387973,-1,-306.81538758781528,-414.44128054993666,3,14804403888048079076,17032857169565320120
126,1280000126000,ok,3,12,4095,4095,0,4095,1,0,3920055.160395334,343136.25616642833,5002779.8074811324,23018.899999998641,1.862645149230957e-09,2.1460118437961171e-17,0.84379383760104398,0.72947328280826174,1.1357762142302064,0.82892495935528632,175.20000000134667,-80.680882652276637,13.164661296778394,-3.9482486131291741,-0.4315573799929483,0.00078425351734301429,0.00077650358312808532,0.78043270751773486,0.51863331971858551,0.51863331971858551,0,0,-1.5612027184838391,-1,-306.66673040296143,-414.57311235598866,3,14805125169827479780,17033420111497155353
127,1280000127000,ok,3,12,4095,4095,0,4095,1,0,3920055.0587030347,343136.44803347171,5002779.8320057578,23019.050000000942,1.5208433958286904e-09,2.5344780129692558e-17,0.84379383990358958,0.72947328355387309,1.1357762144649206,0.82892496190680309,175.4000000005833,-80.599131460005196,13.131912461645644,-3.947484031825967,-0.43073931351132327,0.00076458130320711248,0.00081806648162502382,0.81918005178434794,0.55738066398519859,0.55738066398519837,0,0,-1.4590752432533638,-1,-306.52176577916538,-414.71326529301979,3,14805828859555053796,17167965149830349161
